Narrative,Actual,Predicted
"I performed a monologue at an acting competition sophomore year of high school. I came in second out of the whole competition, which was a very big deal for me because my whole drama class was there. In that class I often felt like I wasn't good enough, so it was really great to prove myself and have all of their support.",0,1
"One self-defining memory is my last summer at Holden Village. There, in this ecumenical Lutheran Church camp, this spiritual retreat I was the area head of the village's daycare and kids programming: Narnia. Spending a summer in holden village is indicative of my Lutheran roots, where I was instilled with a love for nature and extreme sports, mountains and community. At holden village I learned the importance of community.",0,0
"When I was in junior high, 8th grade, I met a boy at church. I thought he was very cute and friendly, but I hardly knew him at all. He was fast and athletic, and I started to get a crush on him. He always found a way to stand next to me in line and to ",0,1
"My first pet was a cockatiel. I got it as a present from one of my mom's friends because they were moving. I remember the bird so vividly but I don't have memories with it. I just remember hearing it sing and feeding it sunflower seeds. I do remember that we went on a trip and asked my aunt to watch it while we were gone, however, when we came back it was gone. My mom told me that it flew out the window.",1,1
I spent my last year of highschool and my first year of college in a shell. Not because I wanted to but because I thought I was in love. I let my vibrant personality fade away because I disreguarded everyone around me and chose to talk to him and ONLY him,0,0
"A while ago, I found out that a mentor of mine tried to kill himself. His life at that time appeared great, but he wanted to die anyway. He is better now, and is truly happy, yet hearing his story somehow slowly led me down a path of wanting to kill mysel",0,0
"I had just finished my freshman year of college and I was in Veracruz, Mexico studying spanish for the summer. I took a weekend trip to the city of Puebla and stayed with friends. Upon returning to Veracruz, I felt really sick and began to vomit and have diarrhea. I went to the doctor and the tests revealed that I had ingested some sort of foreign element and my body was having a bad reaction to it. I ate only saltines and gatorade for over a week and in the end lost about 15 lbs. I was scared for my life and in incredible pain but in enduring that rough period I think I grew as a person.",0,0
I really like giving and helping others. Last year I was able to raise 100 dollars through selling chocolate chip cookies (baking is another passion of mine) in order to help a local family raise money for their son who was struggeling greatly with life threatening disability. I was able to help them pay for a service dog that was very badly needed for there son who is about 8 years old. Giving is a very powerful experience but also this moment really made me feel grateful for all the blessings in my life I have. It humbled me to see how much love they had for there son and made me appreciate the power of a small local community.,0,0
"I started reading a novel about a year ago called """"Harlem Redux"""". I loved it! It was a mystery novel and it was set in the 1920s Harlem Renaissance era. I was imediately engrossed in this book...I love reading about my culture, but many times the novels, at least the ones I've read thus far, always have some sort of misery...It was nice to take a mini break from that tone and read a novel that takes you to another place without a deeply sad tone.",0,0
"i remember spending a lot of time in the school library in elementary school because my mom was in charge of it (the school didn't have money for a librarian, so it was volunteer run) i remember we had to go in several weeks of summer and i felt weird because that was when summerschool happened and i didn't want any of te summerschool kids to see that i was there because i was afraid that they'd be angry that i was there so i stayed in all day and read and i remember i read the entire chronicles of narnia series in like a week and a half of being there, and the funny thing is i don't really remember that much about the books but i remember exactly where they were in the library, down to the placement on the shelf.",0,0
"When I was in highschool I ran cross-country. Every year we would go to Seaside, OR for the big Nike 3 course challenge. We loved going as a team. There were these extreme courses at an army base, camp rilea, lots of runners, we'd swim in the ocean, fly balsa gliders off of the lewis and clark tower.",0,0
"In my freshman year of college I joined a fraternity with a lot apprehension, I had a clear cut idea of what fraternities were, from the media. But through my pledge process it grew on my a lot, until time for initiation came up. Again I entered initiati",0,1
"In December of 2009 one of my best friends mom's passed away. It was an incredibly scary and sad time in my life, and was very hard to deal with",0,0
My family and I went to Auschwitz about a year ago. The vast space and the horrible things that occurred in the land I was standing on was so awfully scary. My personal connection to the stories and people who perished in that awful place made it even mor,0,1
"I was tired of high school. Getting to college was just what I had been waiting for, what I wanted, and what I thought I needed. My first weekend at college, I was determined to do things I hadn't done before, and to not let on how little I had experience",0,0
Another self-defining memory for me was when I broke up with my high school girlfriend my sophomore year. The break up changed my mood and attitude for possibly the rest of high school and definitely changed me as a person.,0,0
"When I was 9/10 I discovered pornography on line. Thank you internet. After exploring the resources available, I realized that I was as attracted to the men in it as I was to the women. This was my first cue that I wasn't straight.",0,1
"The first time that I decided to change my career path was junior year in high school. I wanted to be a marine biologist throughout elementary school and into high school. However, during my sophmore year in high school I took chemistry and realized that it was not my best subject. My junior year, I took biology and once again realized that science was no longer my strongest subject. At that point, I began to truly consider what I enjoyed learning about instead of focusing on the type of career that I wanted to pursue.",0,0
My friend Sontelle and I in highschool would walk around and night and drink red tea with honey and soymilk. Listening to music and singing and walking around my housing development or in the woods.,0,0
"Last summer I worked for the Minnesota Conservation Corps in my beloved northwoods. I picked up some strong chainsaw and trail building skills. Each day we worked our butts off for 10 hours. I had insane drive. I could go all day dragging trees, brush and rocks around. Afterwards I would go on a run. The woods get me excited, they make me work harder than I could anywhere else.",0,0
"When I took English at the community college my junior year of high school, I knew I needed to improve. I always got wonderful grades, but never honestly felt confident in my abilities to write. I knew I had much improvement to do. I took a ten week cou",0,1
"Last spring I suffered a season ending knee injury during lacrosse. It prevented me from playing last season as well as this season, and came at a hard time in my life",0,1
"The summer before my senior year I went to Israel for a month. I went to play volleyball for team USA in the World Maccabiah games. Leaving home was extremely stressful as I had never spent a great deal of time away from my family. The experience was one I will never forget. I grew as a person, becoming more independent and self-reliant. I also learned that I can easily make friends in new situations. Being in Israel also gave me a better sense of connection to my religion which I hadn't felt since my Bat Mitzvah.",0,0
High school graduation was an important memory to me. My three best friends had been kicked out of my high school the year before so I spent my senior year without my three best friends which was extremely upsetting to me. Graduation was not without mixed emotions.,0,0
My first year I auditioned for the dane performance and did not get a part. On of my friends got a part and one was an understudy. I was so sad that I didn't get cast!,0,1
I had a childhood friend Steve who used to rip the head off of my barbie dolls and I would get really mad,0,0
"In the summer of 2007 I played in the U-17 World Lacrosse festival in Canada, a team that I was extremely proud to have made and that changed my views on lacrosse and made me want to play in college.",0,1
Another self defining moment for me would be last year when I took a vacation with my 7 best friends. We all went to cancun for my 21st birthday and it was one of the best times of my life. We were all alone in another country and had to cook and grill for ourselves every meal and we proved that we could be independent if needed. We also had a great time partying.,0,0
"From birth to age 12 or so, I always spent Christmas at my mom's parents house. One of my fondest memories is waking up and heading downstairs to wait in line outside the door of the living room. My cousins, my brother, and I lined in from youngest to oldest and got to run into the room and start opening presents. I was always first--I'm the youngest. It was so fun running in and seeing that huge tree and wondering what I got that year.",0,0
"My best friend at school stopped giving me rides everywhere because she had to take a class at a different school. I had to get rides from my best guy friends or sometimes I would walk. I gained a sense of freedom and I began to see how she had been smothering me and preventing me from being who I wanted to be. I became overwhelmed with her materialism and her facades and yet I continue to be friends with her to this day. I think I realized then that I am strong enough to not permit anyone to make me sink to their level, but I also realized that I do value shared history and I made a compromise.",0,0
"When I was in the hospital for psychiatric reasons, I met this lady who was in her late twenties or early thirties. Actually the adults ward was right next to ours so we never really met but we saw each other everywhere. I remember that every night she use to play a Native flute and sometimes before I go to sleep I can hear her flute play. Whenever we saw each other, we would wave at each other with our index fingers. She reminded me of my cousin who has Pradder-Willi Syndrome so I felt that I had a friend.",0,0
"I went to Ireland when I was sixteen. I loved it there. What I remember better than anything else was the way the hills looked when the sun came through the clouds. It hit me hard, and I've wanted to go back ever since.",0,0
"First semester of my freshman year at college, it looked as if there was no way for me to pass calculus. I had performed very poorly on the first exam and to recover my grade would take a miracle. I worked tirelessly and employed the help of all the res",0,1
"The first time that I got a job was a moment which changed me and has shaped me into who I am today. I've worked as a lifeguard for the past 5 summers and now it seems like old hat, but then I was scared out of my mind that I would mess something up and",0,1
"During my time in middle school, I attended a Protestant boarding school in Eritrea. I received better education than any of the public school could offer, but I hated the lifestyle of campus. We had very low quality food and accommodation. I hated my lif",0,0
"Moving from Hawaii to Seattle with no plan. No money, no house, just eachother.",0,0
In fifth grade we had these timed multiplication practice tests everyday. They were very nerve wracking because once we were done and they were scored everyone would look around to see everyone else's scores. I didn't particularly enjoy these but I did not like feeling embarrassed as I showed my tests to my peers. After I got used to those tests I practiced my multiplication tables like crazy at home and before long I had extra time as well as a perfect test. They became very easy for me and I felt proud to be one of the best students in class at multiplication and later division as well.,0,0
My seventh memory was when my mom started working again. For the first 9 years of my life my mom was a stay at home mom and we were really close. Then she decided to go back to working full time and it was really weird and upsetting for me because I saw her a lot less and when she got home she was really tired most days. It was also a big change for me because I had a lot more freedom. My dad was around but he kind of let me do whatever I wanted so I could put off my homework for hours and just do anything really.,0,0
"When I moved into my fraternity house I was a college boy who was interested in women, doing well in my classes, and having fun on the weekends. Surprisingly moving into a fraternity house changed that. While you may think that the weekends became prior",0,1
"Watching my grandpa suffer and slowly deteriorate from Alstheimers and forget who even his own wife was. From that moment on, I realized that life is ruthless.",0,0
"I often recall many memories from my trip to Italy when watching a movie set in foreign countries or when looking at photos. I remember the bliss of experiencing a new culture and exploring new places. Every time I think about traveling, I am hit with the deepest desire to live abroad.",0,0
"Receiving an A- in my English class. Writing is not one of my strengths and that class had at least one paper due every week. However, I knew that writing wasn't my strength so I would meet with my teacher and start on my assignments early which showed at the end. It taught me that if I really put my mind into something, I can still succeed even if it isn't one of my strengths.",0,0
"My junior year of high school, I got a stress fracture in my ankle during the season. I was in a lot of pain, but could play threw it. My coach told me I would show weakness and would be letting my team down if I did not play. It got to the point where I could walk well anymore. I tried to play well in out last game, but it was the worst game I have ever played in. My coach was screaming at me and I was in so much pain. After that, I had to wear a boot on my ankle for three weeks then a cast for 3 weeks and then a boot for three weeks. I still have pain in my ankle today and realized that I never should have played on it. I was able to take away a lot from that experience and realized how important it is to be healthy.",1,1
"I also have another defining moment, or series of moments that came from dreams. Often during my senior year of high school whenever I was fighting with my friend Alex, I would have very bad dreams. I would dream that we were just constantly fighting, and that made me wake up depressed, and tired, and just doing poorly in general. And feeling that way made me more irritable during the day, and it caused more conflict. So these dreams that I had got me to start trying to resolve conflicts as quickly as possible. They got me to try to be blameless, and to be forgiven by her. And I think that they showed me that I should avoid fighting with people as much as possible, because the repercussions of that continue even after the issue is settled.",0,0
In my junior year of high school I became a peer counselor. This allowed me the opportunity to talk to kids who seemed to be struggling socially or at home about personal issues. I developed very close relationships with a variety of students and maintained their trust while attempting to help them with their problems. This was gratifying and also helped me to learn alot about myself through what I learned about these kids.,0,0
"The time my best friend from elementary school was murdered was a very strange period. We were really good friends as children, and although we had grown apart it was still a shock. That she, her mother, and her sister had been killed by their father in a murder-suicide was a shock that still doesn't seem quite real.",0,0
"I went to camp for a few years in middle school in North Carolina which was all-girls. We had to wear uniforms and were not allowed to have food in the cabin or make phone calls home. We did have electricity in the cabin, and I ended up with a group of fairly high-maintenance girls as cabin-mates. Four or five of the 8-10 of us in the cabin insisted on washing, blow-drying and straightening their hair every day. Though I, too, straightened my hair fairly often at home (though certainly not every day), all of this personal maintenance seemed completely superfluous to me. It's summer! It's camp! There aren't even boys around to impress! You're going to jump in the lake and ruin your hair this afternoon! All of the hairdryers would frequently cause a fuse to blow in the cabin, and our counselor actually had to make a rule saying that no more than two electronic hair appliances could be plugged in at the same time. I loved camp, but it made me resolve never to go to an all-girls school again or, if at all possible, live with a group of only girls in college, when it came to that. Against all logic, it seems that without the presence of boys, girls have an increased instinct to dress up.",0,0
"Opposite of my last memory -- My strength has been math and sciences so I did not worry too much about my chemistry class. However, because I ended up making careless mistakes which took a toll on my grade because the class was based on quizzes and grades. It showed me that every quiz and test counts and that I can't just rely on my ""strengths"" because there's always going to be new things that I am going to have to learn.",0,0
"My grandma has been suffering with Alzheimer's disease for quite some time, although growing up I had no idea what was wrong with her. It wasn't until last year when my dad brought her to our house so he could watch after her that I realized how severe and how serious the disease was. Over the course of only a weekend, she had had over 5 mental break downs, not knowing where she was or who we were. She had no idea who I was, let alone that I was related to her. My parents had to take her and put her in a home. I haven't seen her since.",0,0
"In my junior year of highschool I worked at a school for underpriveledged kids. I worked with three little boys whos lives had already been more difficult than mine probably ever will be. I learned about their home lives, their struggles to learn in English and we become close friends. I do not keep contact with these boys now but I think about them often and my experience with them taught me to appreciate everything that I have been given in my life and how much easier my life is than many people around me.",0,0
"I was studying abroad during the spring of 2009 and my long-term boyfriend broke up with me over instant message. It turned into a 6-hour conversation, and because of the time difference that meant I did not sleep at all.",1,1
"When I was a little kid (about 5 or 6), my mom used to take me and my sister to a park that had a big duck pond. One time we went there and saw a bunch of little boys that had caught a large, white duck and were trying to force it into the water. My mom ran over and took the duck from them. It didn't seem to be able to fly or swim. She decided to bring it home with us, so he stood on the back seat in between my sister and I, quacking occasionally and looking very strange and confused. When we got home, we let him go in the back yard and filled our kiddy pool in case he would try to swim. We named him Mr. Bill. He became the king of our back yard. I was a little afraid of him because I was very short and he was pretty tall: we almost met eye to eye. I had the idea that I would collect all of the feathers he dropped and make a pillow out of them. So, very quietly, I would sneak out the side door and grab a few feathers, but he would always hear me and come charging around the side of the house, quacking, run up to me and nibble on my kneecaps. After a week or so at our house, Mr. Bill still refused to go in the water. Deciding the let him go, my family took him to a different, more secluded park where there were fewer children and released him.",1,1
"When I was in third grade I was at home sitting on the couch in my living room. I had a pen in my hand and was drawing circles aimlessly all over my palm. My older brother, who was a junior in high school at the time came into the room at the same time. When he saw what I was doing he off handedly said, ""what a fucking weirdo, what the hell are you doing."" What is so strange about the experience is the sudden pit I felt in my stomach. I felt deeply ashamed and embarrassed. I think about this memory allot because it is one of the first times I remember feeling such a pronounced sense of shame and a memory I link allot of experiences that make me feel worthless or isolated.",1,1
"I remember the day my parents sent me to drug rehab five years ago. I had just returned from a month long backpacking trip in Alaska, and I got home to find my parents and an interventionist in the living room. My parents told me how they had found out about my high school drug use and said that I would not be allowed to attend college in the fall until this had been dealt with. I fought hard against this decision, but it was no use...the decision was already made, and I was sent to Utah the next day. Although unpleasant to recall, this experience and its aftermath have had a profound effect on the last few years of my life and on who I have become throughout rehab and college.",1,1
"I was graduating from my middle school and it was the last day of school. There was an awards ceremony and I thought that as school body president and one of the most involved students, I would receive something. However, the awards for my grade level were passed out and I wasn't called. I had given up on getting anything when the last award was given out to the quintessential student of the year, which was me!! I was so surprised and so happy I couldn't stop smiling the rest of the day.",1,1
"I was a sophomore in high school and I was miserable. I had developed a leg problem that prevented me from working out and my phsyical therapist even decided that I needed to use crutches. My family is full of jocks and emphasizes perfection in almost all aspects of life. I was so angry at myself for not being able to fit in to my own family and angry with my family for being so athletically focussed. This was the lense that I viewed every experience through and I remember it culminating in a ""fit"" that I had where I got so angry with my father and ended up throwing my crutches on the ground and storming off. I knew at the time that I was behaving like a toddler, but I felt so trapped in my situation- so unwanted, so ugly, so fat. I feel that this memory really emphazises the conflict that I have had with my family over the years because I was so vulnerable and blaimed them for how angry I was with the situation.",1,1
"During the summer of 2007, I had surgery preformed on my upper jaw in order to correct a severe underbite brought about by my bilateral cleft lip and palate. The surgery took place at Shriners Children's Hospital in Portland, Oregon (approximately 3.5 hours from my hometown of Yakima, WA). I have had over 20 surgeries with regard to my cleft lip and palate, but this by far was the most intense. The surgery consisted of breaking my upper jaw and bringing it forward several inches. During the surgery, two screws were put in the back of my upper jaw and twice a day after my surgery, I had to manually turn these screws, in order to make sure that my upper jaw did not proceed to move back to where it was prior the surgery. I spent eight days in the hospital post-surgery and a few days over a month in the Portland area (with family) in order to have constant check ups. This month consisted of sleeping in bed and a pure liquid diet, as well as tons of pain! During this month, I lost around 20 pounds. I consider this a self-defining memory as I had lots of free time for reflection during my recovery. Most of this time was spent thinking about my cleft lip and palate. I experienced a wide array of emotions when pondering upon this issue, which I had obviously already done throughout various points in my life. I experienced emotions of anger (for being born with such condition), depression (from being in bed for so long) but eventually settled upon the great opportunity I had to develop perseverance, just in terms of making it through both physical and emotional pain.",0,0
"When I first arrived at Whitman, almost four years ago, it was the first time I had ever laid eyes on Walla Walla or the school itself. I had just experimented with ecstasy for the first time the day before leaving home and was still feeling the comedown from that, which I was unfamiliar with at the time. I found myself filled with sentiment for the life I felt I was leaving behind for this strange and new journey I was about to embark on and I didn't like that. Because of this, I entered school under the assumption that I would hate it and that I would not like the people who I would be forced to be around with for the duration of my undergraduate education. As school started, I began isolating myself from others, feeling that they were not worth getting to know and that I would have been better off closer to home and to my friends. Living in Lyman probably didn't help my situation, but strangely enough it was in that place that I met one of my best friends, Jordan, who shared the same disdain for the Whitman community. It was this bond that brought us together and would influence the rest of my time at Whitman.",1,1
"When I was 16 years old i applied to the Student Conservation Association to become a member of a seven person crew. I was assigned to mellen, wisconsin. A week before the program i got mononucleosis. The doctors told me i probably would not be able to go. my parents told me it was an impossibility. but i knew that i would get on that plane. i sat on the couch for two weeks straight, all the while with the idea in my head that i would be getting on a plane to join my assigned crew. by the end of two weeks i had a second doctor's appt. and everything seemed fine when i went in so i was given the okay to go. usually people take anywhere from 4-6 weeks to recover from mono. it only took me two. i got on that plane and had one of the best experiences of my life.",1,1
"Several months after having received admission to the University of Chicago and perhaps a month after receiving admission to Whitman College, I received two letters in the mail. The first, from U Chicago, informed me of a $10,000 academic scholarship. I delightedly announced that my decision had all but been made for me. Opening the Whitman letter, however, I found that I had been awarded an analogous scholarship for $12,000. Although I still had an obvious preference for U Chicago, finances were a central part of my decision. Never had I been more upset to receive $22,000 in a day.",1,1
"I had a moment two summers ago when I was overcome by an emotion that had no name. It happened on the train that was taking me and my family (my mom, dad, sister and brother) back from Machu Picchu. We had spent five days hiking and camping on the Inca Trail. Our hiking group was just my family, plus our tour guide Vlad, our chef and our porters. The days on the trail were nothing but magical. Every day brought new sights and new challenges. We would get up early before the sun every morning, the porters were already awake and starting breakfast. We would wash our faces and hands in warm water basins outside of our tents and then drink coca tea with our delicious breakfasts. My family got really close with Vlad. We all would tell stories and laugh, or walk in silence, depending on our mood. Vlad took good care of us, and shared his country's beauty. On our final day, we crested a hill and finally rested our eyes upon Machu Picchu. As great as it was to see it, the entire journey leading up to that view seemed more special than the destination. And it was easy to be a little angry at arriving at our destination because that means that our special time on the Inca Trail was coming to an end. After touring the ruins, we slept well in a hotel with real beds and real showers. The next day, we said goodbye to Vlad and all boarded a train that took us back to Cusco. It was a long ride back. Suddenly, during the ride, I began to weep. I shut my eyes and cried. I couldn't tell if it was exhaustion or relief or complete happiness or fear. But I could not stop crying. My dad sat by me and held me. As the countryside whizzed by, my thoughts returned to all of the incredible moments throughout the last five days. Reflecting back on that moment on the train, I've wondered if perhaps it was the speed of the train jarring against the rhythm of the Inca Trail. Or, the shock of civilization after so many days with only family, friends and Mother Earth. I don't know what it was. I don't know why I cried. But it makes me realize tha",1,1
"I went into Kindergarten already knowing how to read. By first grade, I could read picture books very quickly and very easily and nobody had ever told me that books more challenging existed; I was completely oblivious that chapter books existed, and very depressed about what I perceived to be the lack of reading material left in my life. Then, one day at school a friend asked me during silent reading time if I would like to read a chapter book like her. ""What is a chapter book?"" I asked her. She replied, ""It's a book without pictures!"" and I was SO ANGRY that NOBODY had EVER told me about this before, and a whole world of reading opened up.",1,1
"One school morning, I woke up and walked downstairs to eat breakfast. I noticed that my dad's truck was still in the garage, which was odd because he normally leaves for work before I am awake. I asked my mom, ""Is Dad taking today off or something?"" To which she replied, ""Your father spend the night in jail."" Surprisingly, I remained calm and simply asked why. She informed me, with a sigh, that my father had received a DUII the previous night, and had spent the night in jail. Dumbstruck, I simply mumbled, ""Oh."" And continued finished my granola. I blocked the issues from my thoughts that day and did not return to the subject until later that night. I distinctly remember not speaking to my father at all... and vice versa. I remember shooting a series of direct questions at him, like ""How high was your blood alcohol level?"" and ""Why were you driving home at two in the morning?"" I remained completely emotionless at his answers. However, I screamed at my mom. I yelled questions, tears pouring down my face. I specifically remember screaming loudly because I wanted my dad to hear my frustrations, as he was down in the basement at the time. I was too scared to yell at him upfront.",1,1
"The day I came out to someone. I had just turned 18; the Christmas before I had been given a laptop for college. Without telling me, my Dad took my laptop so could install some new programs. While doing so, he found some porn that I had forgotten to erase/delete. He waited to confront me until the two of us were alone outside; he was doing yard work, I was reading. He said that he had found the porn, and was very disappointed, that it was not okay…and that he was going to call my older sister to tell her to stop sending me porn and trying to ""convert"" me. (My older sister had come out as bisexual two years before and had already been in a relationship; my Dad was convinced she was trying to make me and my younger sister gay by taking us to Pride events.) I had panicked as soon as the topic had come up, but I hadn't said anything yet, so I tried to regain composure and said something noncommittal along the lines of ""No, I promise I'll never look at porn from --- again"" (she had absolutely never sent me porn, or done anything of the kind). He was seemingly satisfied, and went back to work. I was still in a panic; I had accepted I was gay, but had imagined never telling anyone, especially not my parents. I ran upstairs to grab my cell phone. We live on an old farm; to look busy, I grabbed a random hoe from the shed and headed to the back of our property. There I hid behind an apple tree that had been completely taken over by blackberries, hiding me completely from view. I made a frantic call to my older sister, starting along the lines of, ""So you were right: I am gay, but I really need your help right now."" I explained the situation to her, and begged her to accept the blame. She was good about it and agreed to help, although I'm sure she had a talking-down about it later. However, the next time she came back from college we snuck off together and had a long talk.",1,1
"I guess I'm an extremely thoughtful person. I always try to make sure that I'm not putting people out of their way to do things for me. I hate the idea of people spending more money on me or devoting more time to me than that which they feel comfortable giving, and I'm always nervous that people are giving me things out of a feeling of duty. One memory regarding this that, for some reason, I have recalled so many times comes from when I was very young -- perhaps around five. I was with my mom's subordinate, Coleen. My mom has always taken the initiative to really get to know her coworkers and subordinates; they would often come over for dinner or go out to coffee with her. They would also occasionally do something with me. This time, Coleen decided to take me for ice cream. We went over to the TCBY that used to be in Eastgate, and she told me to order whatever I wanted. I remember that my favorite thing at TCBY was a parfait of vanilla ice cream, chocolate sauce, peanut butter sauce, peanuts, reeses, and chocolate chips. I also remember that this decadent display of dessert cost somewhere around $5, rather expensive for ice cream. Regardless, I was five, I had just been told to order whatever I wanted, and I was going to have a parfait. So I ordered. I told the lady who was wearing the traditional TCBY blue apron that I wanted a parfait. Coleen automatically looked up at the menu board, and, seeing that what I had just ordered probably cost double what she was intending to pay, turned to me and said, ""Why don't you get the kids cone? I don't really have the money to buy a parfait."" I was so embarrassed. I hadn't even thought about the price, and after being in school for two years at that point, money was no stranger to me. My parents had always taught me to be frugal and to rarely accept gifts. Not only had I accepted her offer to go to ice cream, but I had also ordered what was probably the most expensive item on the menu. Now, I rarely accept offers like this. When I do, I'm sure to order the ch",1,1
"When I was in 3rd grade, my family moved from Israel to Seattle. Although I did speak a little bit of English, I will never forget walking into my 3rd grade classroom in the middle of the year, frightened out of my mind. I remember a few of the faces who",1,1
"My junior year in high school, I came home after a track meet and was relaxing with my friend in the living room when I received a text from my father. It was a forward from our family friend, Sarah, asking me to call her because her daughter had lost he",1,1
"After overhearing my friends talking behind my back, I found out that none of them actually enjoyed my company. One of them sat me down and explained the behaviors and qualities that the group had issues with and urged me to find another group of friends",1,1
"The summer after my freshman year in high school, I decided to count calories and reduce my calorie consumption. I became very skinny and weighed 85 pounds. My family and I went on vacation to New York. While at the historical library, I went to the bathr",1,1
"When recalling a self-defining memory of myself I think back to my sister and her essay on her personal hero. It was expected that she would write about my mom or dad who are the usual suspects to children but instead she wrote about me, her older sister by more than seven years. I feel that her image of me is reinforced by my parents and not necessarily by me and my actions alone. This happened a few years ago when she tried to test into a well known private school but to this day I still feel pride in myself for being someone's number one role model.",1,1
"This memory is of me when I was a freshman in high school. I was already playing for the Junior Varsity team and experiencing great success. I was content with my teammates and how the team was doing so much so that the thought of me moving up to the Varsity team that season hadn't even crossed my mind. We had a game against another strong JV team from Grant High School that night and the game was close the whole way. sometime during the third quarter I went on a tear, getting steals and hitting three pointers. We ended up winning the game and I had scored over 30 points. As I ran down the stairs to our locker room with our teammates, we walked into the varsity locker room and the coach asked if I wanted to suit up for the varsity team that night. I was stunned and before I knew it, one of the varsity players threw me their jersey and I was back on the court for the varsity game. It was one of the biggest thrills of my life.",1,1
"When I was 15, my home had been determined as unsafe due to a possible landslide and so my family was more or less forced to move. We didn't have much time, a couple months maybe, to not only find another home, but move and take any material from our home that we wanted to keep. The week before I started high school was when we finally finished moving into the """"new"""" home. My old home was built by my father 25 years before and everyone in my family, at one point or another, had helped work on it. Leaving it was like losing a dear friend. It was everything I had known until that point and I loved everything about it; the layout, the hidden """"gems"""" of the house, the surrounding property, my ducks and chickens, the tree-house, etc. My memory is of the last time I left that house, or what was left of it. The home we'd bought was only five minutes away, so the drive was short, but I remember it was late at night and just me and my mom in the car. The feeling of loss, of death, of almost homelessness was overwhelming. Most, in my situation, probably would have cried. I wanted to. I wanted my grief and sadness to be physically expressed. But I couldn't. Nor could I speak. My mom asked if I was sad but I couldn't form the words to answer her. I still wish I could have cried about losing my home.",1,1
"Throughout my childhood my sister and I never got along. In fact, we fought constantly. My parents became hopeless, as they had tried everything in their power to get us to stop fighting, let alone actually enjoy each other's company. Things didn't change much as we grew up. Because she was 5 years older, she left for college when I was entering the 8th grade. It was the night before she was leaving for college, and I hadn't thought much about it all summer, I was more focused on taking over her room and all the stuff she was leaving behind. But that night for some reason it hit me that my sister was moving across the country and I wouldn't see her for a long time. I started balling uncontrollably, which made her do the same. We just laid in her bed the entire night crying and sharing stories and then laughing about everything we've been through. Since that night, we have been best friends.",1,1
"I remember, back in middle school, when I was twelve and in the seventh grade. I went to a little tiny school, where there were twelve people in the seventh grade and maybe twenty in the sixth grade. I think an important piece to understanding this story is that I was the popular kid in middle school. There weren’t a lot of us, and I was the smart one, the blonde one, the one who could be friends with anyone. Even among the eighth graders, I was the popular kid. Everyone liked me, everyone knew me, everyone respected me. I had golden middle school years—they weren’t awkward or weird or uncomfortable. I always got along with my parents, never struggled in school, was loved by my teachers. I wasn’t a loud kid. I was quiet. I played by the rules. But somehow I was the kid that everyone wanted to be. I always sort of knew that but dismissed it because the idea made me feel uncomfortable—I was just being me, the way I’ve always been. Being in the spotlight was unnerving so I pretended like the spotlight wasn’t there and went about my life like I always had. There was a kid named Jonathan Mosher in the sixth grade. He was a little kid, and I think he must have had some sort of disorder that made him a little slow with academics, pretty socially awkward, and just plain different. He continually crossed my radar because I always saw him alone and I would feel a pang of sadness that I was walking in the middle of all my friends and he was walking by himself. There was another kid named Scott (I don’t remember his last name…) in the sixth grade and he was the cool kid. One time I walking with all my friends to lunch, and I saw Jonathan ahead of us, alone as always. He had his lunchbox. He was minding his own business, walking with his head down, so incredibly alone. And out of nowhere, Scott appeared and grabbed Jonathan’s lunchbox and pushed him to the ground and actually began to kick him. Jonathan didn’t make a sound. And everyone I was with started to laugh. I couldn’t believe it. And so, being me, I pushed through my friends, grabbed Scott by the arm which caught him totally off guard, and said something to the effect of don’t let me ever see you touch him again. I remember this intense silence that seemed to go on forever and the scene was frozen with Jonathan on his side in a ball on the ground and me holding Scott’s arm and his other arm up as if he was going to slap me and all of my friends behind me. He let his arm down and I let go of his other arm and he walked off. And all of my friends followed him. I watched them all walk by me, no one looked at me. No one said anything. They all left. I picked up Joanthan’s lunch box and helped him up. He never looked me in the eye. But he mumbled thank-you and continued down the hallway with his head down and his lunchbox held in both of his arms against his chest like a shield, alone. I went to the bathroom and threw up. The whole memory is so painfully clear in my mind. It’s like it just happened. Even now, writing this, I feel sick to my stomach. It was the first time I realized just how cruel people can be to those who show any signs of weakness, who are just a little bit different. It was shocking. It was sickening. It made me sad in a way I can’t describe. And now, eight years later, it makes me almost more sick to think that Scott was just eleven or twelve years old. No kid should be able to exhibit such hate and cruelty and they especially shouldn’t be able to manifest it in physical violence. It’s horrifying. What horrifies me even more is that Jonathan never made a sound. How often did that happen to him? He seemed so defeated. It was like he went away to another place when Scott started to kick him. He didn’t fight back, he didn’t cry, he didn’t yell. Nothing. God it makes me sick and actually brings tears to my eyes, to think about him, lying on the ground, so little and so alone and so hurt. Later that day Scott walked up to me and apologized. I told him he should apolo",1,1
"One of my most poignant memories is one summer night riding in my dad's car with him. We drove to a local ice cream shop to get ice cream, and then just drove around really pretty aimlessly for a while. We were just talking about life and what we thought heaven would be like, and I remember closing my eyes while listening to him talk, and feeling the warm wind in my hair. We were listening to some of his favorite songs on his i-Pod, and even thought it may seem like a really insignificant moment, that is the moment I come back to when I think of complete happiness.",1,1
"When I was younger I went to a sleep-away camp every summer. Every year I was placed in a cabin with the same group of girls, because they wanted to keep friends together. When I was in eighth grade, about a month before I was to go to my fifth and final year of camp, I received a message on Myspace from nearly all the girls in the cabin. The message told me that they all hated me and pretty much every aspect of who I was (my appearance, my voice, my talents) sucked. They also told me that the boy from camp that I had a crush on hated me. When I asked him about this, he denied it, but then blocked me once our conversation was over, confirming that what the girls had told me was true. I still think of this frequently and have stressful dreams about the camp girls once every couple of months. I believe this is the primary cause for my severe self-esteem issues and insecurity in social situations.",1,1
"Three years ago I received some devastating news that impacted me greatly. I am a highly competitive soccer player and at that time was playing for three different teams. It was early June of 2008 and I had just completed my club soccer and Olympic Development Program seasons. In my last few games I had noticed an intense pain in my left shin, however there were games to be played and playing through pain was nothing new to me. So after the season was finally over, I went and saw my doctor to address this nagging pain that I had thought was simply bad shin splints. Following my routine x-ray's the doctor sat me down, what happened next shook me and would shape the next 6 months of my life. That nagging pain that I had played through turned out to be a grade III stress fracture. I was told no running, no soccer, no nothing for the next 4 months at minimum. I was beyond devastated, soccer was my life and I just had that ripped away from me for the immediate future. Not to mention my whole summer was thrown off. That moment in the doctor's office when he broke the news I doubt I will ever forget. I went in expecting to be told rest and ice for the next couple days and I'd be fine, and left with instructions to not run for at least 4 months.",1,1
"I have been unfortunate enough to have known a lot of people who have died at a young age. This includes friends who have committed suicide, a family friend who died of a drug overdose, and some children who lived at the home where my mom worked as a nurse (an adoptive home for the care of multi-handicapped children). The first death of a close friend happened when I was only six years old, and he was seven. He had fetal alcohol syndrome, which caused heart disease, delayed development and facial deformities. In addition, he was fed through a gastric feeding tube because he couldn't eat. We were very close friends from when I was four years old to his death. I went to work with my mom often, and outside of school, he was the closest friend I had that I was able to see all the time. We would play inside and outside together, watch movies, and have as much fun as two kids at that age could have, despite his disabilities. Of course, at the time I was unaware of all of his health problems and what they meant. He had to have cardiac surgery at the age of seven, and tragically passed away on the table. My mom explaining to me that he had died was one of the earliest vivid memories that I had. I of course didn't understand at first, and I remember crying when I realized it meant I would never see him again. I remember hugging his adoptive mother (my mom's boss) at the funeral and being so surprised to see so many sad adults. I believe this experience was one of my first exposures to reality when it comes to death, or at the time, what it was like to have someone who was always there not be there anymore. It definitely helped me understand the concept of death, appreciate life, and, sad to say, it prepared me to deal with other deaths that happened in the future. Luckily, besides grandparents, I have had no immediate family members pass away, but by the time I was a teenager I had known more people who have died than any kid should have.",1,1
Waking up to find my mother sitting at the edge of my bed early in the morning to tell me that my grandmother had just died from a battle with cancer.,1,1
"When I was in the Czech Republic visiting my cousin who was teaching English there, I remember we would go out to bars and things at night, and though I had a lot of fun I often felt very uncomfortable, because I was only 16 at the time. A particular night was the second night that i was there and we went to this bar with her students for one of their birthdays and the entire time they were talking in Czech so I didn't know what they were saying, but I know that there was smoke everywhere, and finally at the end of the night my cousin told me that they had been smoking pot, because it is legal there, but I remember realizing that I had not been exposed to many things before in my life.",1,1
"I can remember my first visit to the Boston Children's Hospital when I was much younger. I had been diagnosed with sensorineural hearing loss at the age of two, but this is the first appointment that I can vividly recall with regards to this diagnosis. My mom and I spent the entire day at the hospital as I was taken from room to room for various speech, hearing, and cognitive tests, and I remember growing more and more frustrated with each one. I was uncomfortable and surrounded by various medical students and doctors whom I'd never met until now, and the distinct impression that I got from this testing was that there was something wrong with me. The last phase of the testing, which involved one of the doctors interviewing me and my mother, resulted in my breaking down in tears, exhausted and irritated. To this day, even as an adult, nearly every single one of my audiologist appointments ends in tears and frustration, especially if there has been even the slightest of changes in my hearing. I can trace the discomfort I have with any audiologist or hearing related appointments to that one day spent at Boston Children's Hospital more than 15 years ago.",1,1
"Last year as part of the Connecticut College Men's Lacrosse team we had our best season ever in college history. We finished as the number one team in the NESCAC during the regular season and went on to make the NCAA tournament. This is a self-defining memory for me because I was able to be apart of something that was bigger then myself. I had worked for 16 years of my life playing lacrosse for majority of the year and last years performance made all of that feel worth it for me. However, we lost in the first round of the NCAA's and it just goes to show how hard it is to reach an elite level at something and you must never quit and even if you work incredibly hard it still may not work out the way you dreamed it or wanted it. Last year was incredibly rewarding but a learning experience in the same.",0,1
"The night of senior prom in high school, we had an afterprom that went until 5am the next day. Me and my friends decided we wanted to play sunrise frisbee, so we did that as soon as the afterprom ended and then went and got bagels at a local shop. After that, basically everyone decided to go to sleep except me and my friend Katie, who decided to go to the beach. Now, I hadn't known Katie very well for very long, and I had a bit of a crush on her, so this was a pretty cool setup for me. We spent 8 hours on the local beach just sitting and talking, and trying to keep from falling asleep. Just cause, no real reason. I'd been having a really hard time with some other stuff in my life at that point, and it was just one of the most relaxing, happy days I can remember. Obviously anytime you get to just hang out with your crush thats awesome (and cheesy, but whatever, everyone can relate), but combined with the whole prom night feel and everything it was just a very unique experience that helped me decompress.",1,1
"A few years ago, I played an online multiplayer game (MMORPG) called Maplestory. I have many, many fond memories from the game, which I did play extensively for about two years, but the fondest ones are those that involved the escapist properties of video games. For instance, I distinctly remember one day in middle school when I feigned sickness to get out of going to school and waited in bed for my parents to leave for work. As soon as I heard the car pull out of the driveway, I scampered over to the computer and hurriedly started up the game. I remember finding a music video of someone playing the game to Holiday by Linkin Park and one other song I didn't like nearly as much, but I still played the video over and over because listening to Holiday in the background while climbing up and down a castle and bashing monsters with magic spells was just too amazing a feeling. I felt free, no parents, no school, just me and my in-game avatar kicking ass to some rock music. Of course, when my parents got home, I was forced to log off, but I still remember that as one of my fondest gaming experiences, if not experiences in general.",1,1
"When I was 16 I was involved in a serious bicycle accident and since then I have had retrograde amnesia for all explicit memories that were formed before the event. One of the most defining the memories I have of my self, was two months later when I was sitting in my room and first able to really comprehend the frustration I felt towards the duplicity of what my life had become. I was feeling very angry that people I supposedly knew thought it was appropriate to push the values, ideas, or interests I supposedly held onto me, and didn't realize that I was a new person. I realized that the people around me genuinely thought the best course of action was to help me recover to my former self, and that this would always be in conflict with my desire to become my own new person. This realization helped me to respond in more positive way to the people influencing my life instead merely becoming angry or frustrated.",1,1
"I played soccer through most of my youth. I was a goalie, and my dad was my coach during the regular season. When I was around 9 I think, I started getting really good. I hadn't played goalie before, but the position really clicked with me - I had good hand-eye coordination, and would charge out of the goal and tackle the ball, or take it out from girls' feet. The all star coach talked to me during one tournament, and really gave me the impression that he was very impressed with me and planned to offer me a spot on the all star team (the year before I was only an alternate). I was so excited. But then my letter came, and I was only an alternate again. I found out that he offered the goalie position to a girl who wasn't as good as me - she was his girlfriend's daughter. I was livid. I joined a tournament team of the ""alternates"", and a couple months later we ended up playing in a tournament against the all star team from our district. It was the ultimate showdown, and we were the rejects. I decided to get my revenge. I played my HEART out - all of the best scorers were on their team, and I was jumping and diving and blocking shots left and right. They spent almost the whole game on the offense, but I blocked EVERYTHING. I could see the parents and coaches twittering - they knew I deserved a spot on that team. The game ended 0-0, entirely because of me. I was so proud. My dad was really proud of me too - he knew, like I knew, that we had sent a clear message. The coach (of a team of 9 and 10 year olds!) had played favorites and didn't give me the place I deserved. I remember my uncle doing a play-by-play at his house after the game.",1,1
"When I was twelve we had a family gathering at my house for Christmas. I remember I had opened my presents earlier that day and had received a monopoly board game. At some point at least 7 members of my family were playing and I was the banker. The game was dragging on and I was losing. I attempted to make a shifty exchange and grab a couple extra hundreds in the process. My aunt noticed and called me out on it. To this day, it still comes up that I cheated on that game.",1,1
"this is actually the first memory i have. i was about two and a half, i was in the car with my dad, i asked him to turn on the radio, he did, i said no the other radio, so he changed the station, we did this several times until he finally asked what radio did i want, we'd tried a lot of them couldn't this one be okay, i said no, i wanted the radio that played satisfaction (as in ""i can't get no satisfaction"" by the rolling stones, my favourite song at the time) and he laughed at me and tried to explain that every song in the world didn't have it's own radio station. i remember being a little upset but not saying anything.",1,1
"After I was raped I went home. I don't think I've ever felt so confused. I was in a really bad place. I didn't really understand what had happened or who's fault it was. Then my friend Lily told me that Tyler had said that I ""took of his belt with one hand."" That was a lie, and I knew it was a lie, and it was something I could hang onto when I was feeling really confused. But that lie helped me to lay claim to the fact that something very very wrong had happened. I went back to that house and I asked to talk to Tyler outside. He didn't want to talk to me. He refused until his friend said ""talk to the woman!"" I told him what he had said to Lily and how it wasn't true. He said ""We fooled around. What's the big deal?"" And I, in one sane glorious moment of knowing the truth, said: ""I didn't want to, and you knew it. That's the big deal.""",1,1
"I was sitting in the classroom used for speech and debate. The speech coach, Gorne, had told us to come to meet the debate coach. He didn't work at the highscool - he is a lawyer in Seattle. I remember my first impressions of him. He was super direct but kind of odd. And I remmber really, really wanting to impress him. I made sure I asked the best questions and I was so determined to do as well as Felicia and Tulley, the two current debaters on the team.",1,1
"It took me a long time to realize why I was so unhappy. But once I did, I refused to admit that there could be a solution. It was a internal battle, and I didn't know what to do, it stuck me into a state of confusion, and a stale-mate, for over 2 years. I was 18, and on my way to meet my parents in hawaii. I had just gotten an iPhone and decided to download a season of a show I had never seen to pass the time on the flight. I chose one called South of Nowhere, and made myself comfortable after takeoff, ready to enjoy this new show. I knew it was about teenagers and love, and figured I would really enjoy it, but I also had an idea in the back of my mind, that it might mean more to me than that, and that I might know more about the show that I was letting on, even to myself. After just the first episode, I knew, it was a coming out story. Since I had already bought the whole season I might as well watch it right? it didn't mean that I was gay too, right? on that trip I watched 3 seasons of South of Nowhere, read message board posts and explored the idea that had always been sitting just out of conscious reach in my mind. Me and a friend had just ""broken up,"" and I thought about her constantly, I was devastated, more so than any relationship with a boy had ever made me. I admitted to myself on that trip, that I had feelings for her, feelings for a girl.",1,1
"When I was in 3rd grade, when my family and I lived in ironwood, MI, my dad had a porn stash. My dad was a single parent raising his 3 children. I knew where he kept his porn and I read them quite frequently. However, one day my sister and I burned his porn stash outside. We left him a note on his pillow saying that we had burned his porn magazines. He later talked to me about the note incredulously, ""Lauren, are you talking about your YM's?or other teen magazines? Those aren't porn.""",1,1
"The first time I tried pot was when I was fifteen. Most of my friends had done it and I felt the it was probably something I should at least try before I died. I was over at my friend Luke's house when I tried it. Luke had been my closest friend since I moved to Seaside when I was four and he was also the friend who had had the most experience with drugs and alcohol. We were standing on his balcony overlooking the ocean, when he started making a pipe out of an apple. He took out his sack and loaded the bowl as I had seen him do before and he started smoking. He didn't offer it to me because I had turned him down each time before, but was pretty stoked when I asked him if I could try it. I didnt' get high that time because we didn't smoke enough, but I didn't mind smoking as much as I thought I would and decided that next time I did it I was going to get as high as I could, whatever that means.",1,1
"I am in class, reading under my desk. My teacher comes up and takes my book away. She asks me to pay attention and a simple question about the material we are studying. I answer it correctly. My heart beats in my chest and I flush with pride. When she walks up to the front of the room, I take another book out of my backpack.",1,1
"Every summer since I was five years old, three of my friends and I would spend a few nights at a cabin in the mountains with one of my friend's grandmother. I have countless memories from these times, but one of my favorites is this. We're all lying in our bunk beds in the bedroom and the room is almost completely dark, except for the flashlight that the grandmother, Shirley, is holding. She's reading aloud to us from a novel - I don't remember its title, but it was about a young man living near the ocean. The girls are dozing off, comforted by the sound of her voice. When she stops reading, everything is completely silent except for the faint sound of wind in the pines around the cabin. One of the girls sleepily asks Shirley to sing a song, and so she begins singing an old Appalachian folk song in her husky voice, until we're all asleep.",1,1
"When I was in fourth grade, I had some issues with gender. I hated pink but my mom made me wear pink, I hated the scent of the special fragrant soap they had in the girl's bathroom, I hated being marked with an ""F"" for my sex, and I hated make-up (still do) but all the other girls were wearing it and sometimes made fun of me. So at recess, I got myself adopted by a group of boys who liked rough-housing and taunting girls. I rejected my gender for them, and they treated me like one of the boys, though they like to use me as a spy because I could go into the girl's bathroom. Another one of the girls in my grade joined the group with the same reasons. One day, we got a little out of hand teasing this girl with glasses who tried to fit in better by wearing lots of make-up, and even after the bell rang and the boys gave up their chase and headed back to the building, Lindsey and I continued chasing this poor girl around the field. We were brandishing sticks as we chased her. We weren't even flinging insults, just terrorizing her. We got in trouble, went to the principal's office, and had to take home a yellow sheet of paper that made my parents furious. They lectured me for what felt like an eternity, and told me I shouldn't hang out with a bad crowd and I shouldn't chase or hurt other girls (the report said I had hit the girl with my stick, which I had not, but of course my parents didn't believe me). The next day was Saturday, so on Monday at recess I went to my group of boys and tried to laugh it over, but they were disgusted with me, and said that the fun had to stop when the bell rang. They still played with me but it wasn't the same, so I eventually stopped hanging out with them. Lindsey did too, but we didn't hang out with each other. I still wonder why the school only chided us for chasing a girl without asking why. I still somewhat resent my gender and prefer to do any activity with males rather than females, though I would certainly never lash out at a girl again just for trying to be pretty with make-up (th",1,0
"I was in the best shape of my life. Running faster than i had ever run before. i was number one on the cross-country team for junior varsity. it was the day before the manchester invitational and i was going to lead my girls across the finish line. we were doing one of the easier, slow-paced two miles runs the day before the race. we weren't a quarter of the way done when i saw a friend of mine on the same street walking home from school. i immediately started waving my hands and jumping up and down (dancing almost) to get his attention. what i didn't see in from of me was a massive pothole. my foot went right into it in the wrong angle and i sprained it. the worst sprain i had ever had before than and still to this day. i never got back to my place in the roster after that and never ran as fast again.",1,1
"After a rough night in high school, one of my best friends and I went for a walk. We talked about everything that had been going on, our annoyance and disappointment at the results of senior awards night, our desire to do well. At one point, I told him, tearing up a little, about how much he meant to me. He then told me that when he came out, I was the only person that really made him feel accepted. I was shocked, because I didn't remember doing anything in particular to help him, but it was nevertheless one of the most powerful things anyone had ever told me. The last thing I remember was that we both cried.",1,1
"I went to UW my freshman year of college. I loved so many things about that year that it is always difficult to explain to someone why I transferred to Whitman. But I can trace back my decision to one memory. I was in the Quad sitting on a bench. I don't remember what I was doing, perhaps writing or reading. I start to daydream and people watch as students and adults walk by. Then I see it. I see something that just screams college. A barefoot girl rolls by on a skateboard. It's not something I see a lot of at UW. But I love it, and I realize that I need to be somewhere where that is the norm. I need to leave this campus and go to a campus where things are a little funkier. A college where I can be free to go to class barefoot on a skateboard. Why not? My life is now in my hands. I can change directions if I want to.",1,1
"When I left for college, I didn't expect to be homesick. I had been itching to leave my hometown since I was born, and having spent a year on exchange in high school, I didn't think there would be any sort of separation issues with my parents. When I hugged them good-bye at the end of freshman orientation, however, I noticed that my dad was not speaking normally, and eventually he started crying and had trouble letting go. Never having seen my dad cry, I was really surprised and a little scared. Upon returning to my room I felt something I hadn't felt before, and to this day I have trouble identifying exactly what those feelings were.",1,1
"The day I told my family I was gay. I had come back from freshman year and was working in the evenings for the summer. My Dad had been acting strangely lately, but I couldn't attribute it to anything in particular. I was watching a Barbara Streisand film (Yentl, a gift from a gay best friend at school), and he came in at one point and started watching it with me. That wouldn't have been so strange - he was a Streisand fan himself, and I really became interested in her when he received her Christmas album as a present - but he was obviously ""making an effort"". I hadn't intended to watch the whole thing, since I was supposed to go to work soon, so after a bit I turned the film off and went to go change. My Dad decided this was a good point to come vacuum my bedroom; I was mildly annoyed, and asked him to come back when I was done changing. He left in a huff (I definitely knew something was up at this point), probably thinking he had to come back so I had time to hide incriminating evidence à la laptop episode. Very soon he returned, and in a terse voice announced that he had ""known for some time that I was trying to join the gay community"". I was stunned - I still had thought I would never tell my parents, even imagining deathbed scenes where I didn't tell them. I told him he had picked a strange time to talk about it (I was still only half-dressed and without a shirt), but I had been out at college and to friends long enough to want this to be a positive moment, so I went up to him and hugged him, but he didn't hug me back. I still had to go to work, so I dashed off to make it in time. I was dazed the whole time I was there, but I knew I had to tell the rest of the family when I came home - I wanted a decisive break with the closet. When I came home, they were already eating dinner (sausages). I joined them and told them I needed to say something. I had thought I would be comfortable saying the truth by now, but at the last moment nerves hit me: wavering for a bit, I drew it out trying to thin",1,1
"My friend and I have a saying: ""Losing your virginity and finding your calling are both difficult, painful things."" So true. I started wearing my purity ring when I was fourteen. I took a pledge not to engage in sexual activity until I was married. I promised to avoid compromising situations, to honor God with my body, to cultivate pure thoughts. Through all of high school's sexual frustrations, and through one really awkward relationship, I held true to my promise. And I was miserable because of it. Then I came to college. And, after only being there for a few months, I found a boyfriend. He was wonderful. He took an interest in me right away, which completely baffled me (only one boy in high school had EVER looked at me like that). And he wanted me. I couldn't understand why, and I was both alarmed and excited by it. I wanted to remain a virgin until marriage. But then he touched me. It's easy to say you want purity when no one ever expresses an interest in you. As soon as someone does though, it's much harder. It was definitely a struggle. And a slow process. I didn't give up right away. I couldn't reconcile my sexual desires with my religious convictions. I told him, ""I can't sleep with you until I can feel like what I'm doing isn't a big 'fuck you' to God."" I'm not fully sure how the change happened. But it did. I felt trapped by my purity pledge, and that truly it was making me unhappy. I reasoned that God would want me to be happy, that I would be safe about it, that I was tired of living such a self-denying existence. So I told him I was ready. We went on a date. I wore my favorite black sweater with a green tank top underneath. I wore sparkly earrings. We had dinner. We saw a concert. We took a nighttime walk together and sat and talked. We went back to my room. We watched ""Wallace and Grommit."" I fell asleep. I was nervous. He woke me up. Clothes came off. He was nervous. The condom was green. The first one anyway. The second one was red, I think. It hurt. The only redeeming thi",1,1
"Even though the the situation couldn't get worse, it still seemed really fun. It seemed like a good idea to steal the Campell Street sign at first, but once the police officer pulled us over and brought us to the station, it seemed like less of a good ide",1,1
"There was a tradition in the community theater I performed with during my high school years that involved the passing down of a certain shirt. It was handed down to a different guy every two years, and that meant that they were initiated into a family of",1,1
"My parents divorced when I was about two years old. I did not really understand it at the time and do not even really remember them being together since I was so young, but the after effects of it have made a huge impact on me. I have lived with my mom, s",1,0
"I was playing the lead in a show called Arcadia, by Tom Stoppard. The cast was a lot fun to work with and the play was amazing. It was my first major role and I couldnâ€™t have asked for a better experience. At the end of the show I had to kiss one of",1,1
"When my great-aunt died when I was 12 years old, my entire family traveled to Schoul, Switzerland to mourn her death. Schoul is a very important place for us--we still have relatives there, and those of us who moved to the U.S. still have a strong connec",1,1
"It was section preliminaries during my senior year of varsity swimming in high school, and I was swimming against Natalia Gonzalez from our biggest rival school, Blake. It was the 200 free relay, and I was so sick of swimming distance races that by the end of senior year, it had become my favorite race because it was such a sort period of intensity. I was full of adrenaline as I dove into the water. My first thought was of fear that my toes had left the block too soon and we'd be disqualified, but that thought occupied my mind for only a millisecond before I realized I was full of energy and keeping up with Natalia. Natalia was fast. I couldn't feel the pain or strain in my muscles, just adrenaline as I gave the race everything I had. When I reached the wall, I was relieved the outcome of the race no longer depended on me as my teammate dove over me and raced down the lane. I looked at the time board and my heart leapt when I saw the time. I'd gotten down to a 25-second range 50 free, and for a second I thought I was looking at the wrong lane's time, and then I worried the touchpad had malfunctioned and mis-timed me. Only when I checked with my coaches did I let it sink in that it was my actual time.",1,1
"I was at a basketball camp at Western Washington University over the summer between fifth and sixth grade. i was there with my team and I was staying in a dorm with the coach's daughter. I had a lot of fun during the day, but at night I couldn't fall asleep. I got so homesick that I called my mom up in the middle of the night and made her drive an hour and a half to pick me up. Although she tried to convince me to stay, all I wanted to do was go home. I remember feeling so embarrassed about leaving the first night. However, I had always had a hard time sleeping over at people's houses. I always got very homesick when I thought I was the last one to fall asleep. I remember I used to beg myself to fall asleep.",1,1
"When I was in the 6th grade we had an assignment to make a book of poems that we had written. I included in mine the lyrics to the theme song of a show I loved because I loved it and felt it represented me so well, damned if it was cheating. My teacher either recognized or knew it was too good to come from a 6th grader, and this self-defining memory is when she pulled me aside and asked me questions trying to have me fess up. I wouldn't, and I got more and more entrenched and creative in my defense until she finally had to point blank tell me she knew I didn't write this. And the rest of that experience was just drowned in shame. Over the next hour I think I was made to call and tell my mom, and talked about what should happen next, and finally wound up in my science class, but that's all a blur of shame. The moments of terror leading up to the confrontation remain very, very clear. I remember the awkward positions of my hands and legs, the way my teacher leaned forward, the steel of her eyes, and I can almost feel the blood rushing out of my face. It's an experience that's made it pretty much impossible for me to cheat on anything sense- if I ever did, it'd just trigger those same moments of humiliation.",1,1
"Another memory I have is the day I graduated high school. It was a sunny morning and we had the ceremony outside. I graduated fourth in my class so was seated in the front row. About 800 kids graduated that day. I remember walking out and down the senior steps to our seats and I almost began to cry. We were seated and the ceremony began. I had to introduce one of the guest speakers and my legs were shaking beneath me as I spoke in front of thousands of people. I was seated next to my best friend and we cheered people on as they went up onto the stage to get our diplomas. When I finally receive mine my chemistry teacher was at the bottom of the stage, taking pictures of everyone. My family came over to my house afterward to celebrate and a couple of my close friends stopped by. We all went out to dinner later that night to celebrate.",1,1
"A memory I remember very vividly was when I first started reading Harry Potter. This memory is very important to me because Harry Potter was a huge part of my childhood and I sort of grew up with the characters and books. Also, reading Harry Potter was the first time I really enjoyed reading and now it is a big part of who I am. I remember my sister had really wanted to read the first book to me when I was like 8 and I remember that I didn't want to hear it because I thought it sounded dumb. I went in my room and started playing with my action figures but my sister wouldn't give up on making me read it so she started reading it really loudly from the other room so I had to hear it. I remember that after a while I got so engrossed in it that I left my action figures and agreed to read it with her. After that I fell in love with the series and read each book as it came out.",1,1
"In high school, I had just transferred for my sophomore year, and I decided not to take Honors Chemistry, the only Honors course offered for sophomores, because I had struggled with science courses in the past. All of the """"smart"""" students in my grade were taking Honors Chemistry. This same year, we took the PSAT's, and I got the 2nd highest score in our grade. One day at lunch, a group of sophomores (including myself) were sitting around, discussing who the smartest kids in the grade were. I was sitting quietly in the corner, and one of my friends mentions that I am one of the smartest kids, because I had really high PSAT scores. Almost immediately, an acquaintance (who wasn't in any of my academic classes) chimes in, and declares, """"NO, she is NOT that smart!"""", presuming that because I wasn't in the difficult science class, I must not have a brain. I stormed out, and went to the library and cried, but I knew how much I was capable, more than this girl ever would. Later on, this same girl TANKED the SAT's, and got wait-listed at a college that I got accepted to with flying colors. Recalling this memory, I feel vindicated, and people should not be so quick to judge.",1,1
"When I was in the 5th grade, one of my classmates was passing out these Dunkin' Donuts breath mints to people in line about to go to Art class. Our teacher was on the other side of the classroom and concerned about what he was distributing. She asked a couple of people at the front of the line. No one answered. She got really angry when she finally asked me and I told her, oh, so timidly: """"He was passing out mints."""" She praised my honesty and said I set an example for the class. I didn't feel like I deserved any praise at all. I simply did what was asked of me and what was right. I didn't think any of it was a big deal, but strangely, it was.",1,1
"When I was in pre-school around age 4 or 5, my mom's car caught on fire while we were in it. My mother, my sister, my older brother and I were driving to bring my brother to a doctor's appointment in town. I had talked my sister into bringing some of our favorite toys (stuffed dog, plastic trucks of mine, etc) on the ride because doing errands with mom was always boring. While we were driving, the car apparently experienced electrical problems and the rear windshield wiper started swiping back and fourth at its fastest speed on its own, and my mom couldn't stop it. Then, she rolled down her window and it wouldn't roll back up. We had arrived at my brother's appointment and, not yet parked but just driving in the parking lot, and my smoke started rising from the dashboard. My mom turned off the car and called someone about what to do. They said not to move the car, by my mom needed to get out of the way and pull into a parking space. When she turned on the car, flames came out of the dashboard very fast. We were in an old dodge caravan, and I was in a booster seat on the side that didn't have a sliding door (only one on the right side of the car). My mom was able to pull us out pretty quickly, but I remember running from the car and seeing the biggest fire I had ever seen (it burned very quickly). I had trouble dealing with situations as a kid so I was freaking out, but some girl in the doctors office sat my sister and I down and read us a story while my mom dealt with everything with the car. My sister was more traumatized over the loss of all the toys we had, and blamed me for making her bring them. What got me the most was seeing the skeleton of the car after, and how it was able to just disintegrate like that. I was very afraid of fire for a long time after that, always worrying about the smoke detectors in our house, making sure I could open the window to my room, etc. I believe this event made me overly cautious as a kid, and I will never forget that.",1,1
"In my sophomore year of highschool I was in an emotionally abusive relationship. My boyfriend would take his anger or discontent out on me, telling me that the problems in his life were my fault. At the time I believed him and felt guilty for what he was feeling. This continued on and off for several years until I was finally able to stand up for myself and end things officially. This was the best thing that could have happened because the relationship was making me depressed and taking a toll on other aspects of my life. Being in this situation has made me wary of relationships and unable to connect to one person for a long period of time.",0,0
"When my sister was first born, I recall the first time I carried her on my own and looked in her eyes. The instant we made eye contact she gave me a little smirk.",1,1
"This sounds silly but I remember it having a big affect on me at the time. In 4th grade my male friend told me never to wear leggings again as pants. I think it may have sparked an unhealthy relationship with food because I thought he was calling me fat. I think back to that memory sometimes when I see girls wearing leggings, and I think about how simple remarks can have a big affect on self-esteem.",1,1
"I remember the first day I came to Whitman. My mom and I started unpacking things in my Jewett bedroom, and I guess my younger brother must have been there too. I just met my RA, and there were a few other people around. I was about to meet my roommate who I was intimidated by because I saw her myspace profile (I think it was before I had facebook...) and it said she was working for an important government agency and looked very important. I was wondering who she was and if we'd get along before school, but when she saw me and my mom standing in the dorm room, unpacking, she got very excited, ran at me, and hugged me. Later that evening, I told my mom that she could leave, and my roommmate and I jumped around because we were so excited that we were finally at college, and (more) independent. I think we might have even jumped on our new beds. I might have helped her make her bed, and then we both went out to dinner with my new RA. I didn't realize this would happen, but she paid for our dinners. We ate at the Mill Creek Brew pub and I thought my food was really good. I can't really remember who else was there, but it might have been other residents or maybe other residency staff.",1,1
"I got caught shoplifting. I had done it a lot before that, but there was a special tag that I didn't notice, so the beeper went off when I went through the sensors. I cried in the back room where they had me fill out paperwork and they called my mom. I could have been kicked out of college for it since I was over 18 at the time. For a while I got anxious every time I went through one of those sensors at a store and am still afraid of being in that store. That day I lost a big piece of my personality that had been my daringness and spontaneity. Now I'm a lot more anxious in many situations.",1,1
"I used to hook-up with a number of guys. It was very casual, and sometimes i wouldn't even catch their name. Yet I (we) would engage in the most intimate and illicit activities (we'd have sex.) One of the last few times (actually, it may have been the last time) I ever hooked-up with a guy it was in a skeleton of a room. We met online and I decided to drive there using my sister's car (I had just learned to drive.) We set it up and I went to have sex with this guy I had only met once before. It was all very sudden. I make it to the apartment complex, after having to pick up condoms from a local gas station. I drive around the apartment complex; I'm sure looking only mildly suspicious. I decide to park and start looking for a guy I only vaguely remembered. I discover that there is this guy hinting for me to follow. It's all very subtle and it's hard to see at night. So I follow him. He disappears quickly and so it's almost like I rely on instinct to find where this guy has gone to. I happen upon a dark room, filled with the smell of plaster and new wood, though there seems to be a figure in the darkness illuminated by the light of a cell phone. I go into the room and I say hello..and he says something, very brief in response. In this very dark room, next to the laundry room, with construction debris scattered throughout, this nameless guy and I begin having sex. Not a word is mutter or sound really emitted. It was just pure action. After that, I knew I didn't want to do these things again.",1,1
"I remember the day that my first boyfriend broke up with me. I had been upset ahead of time because I did not think that I did well at a choir audition and was homesick. Because I was already upset, I had driven my car to Wildwood Park and sat in my car and cried. My boyfriend then called me on the phone and said that he didn't think he wanted to enter college in a relationship. I remember that I was looking at the side mirror in my car as he said this. I almost couldn't believe it. I felt completely nauseas. I just started to cry harder and harder into my phone. I told him that I would call him back and then I called my mom. After talking to her for a couple minutes, I called my ex-boyfriend back and cried some more. After over an hour, we finally said goodbye and I went back to my dorm. I told my roommate that my boyfriend and I had just broken up and I collapsed on my bed and slept.",1,1
"Thanksgiving break of sophomore year of college, I came out to my best friend from high school. I am not one who shares his innermost feelings and thoughts with others. It is definitely a big step, especially something this important to me. It also was the gateway that has allowed me to become comfortable with myself as a bisexual man and that allowed me to share that part of myself with others. It is hard to be yourself when people don't know who exactly you are. My parents were out for the evening, and it was just me and Brittany sitting upstairs in my kitchen. I popped a bottle of Martinelli's Sparking Cider (because we were under the legal drinking age of course) and asked her what her New Years resolution was. I then told her what mine was: ""to be true to myself,"" and then I told her about my sexuality. She of course laughed, hugged me, told me how happy she was, and that she had always know.",1,1
"I attended a private Christian school for my sophomore and junior years of high school. During the second to last week of school every year, the school would have an assembly recognizing the top students in each class provided at the school (it was a small school). During this ceremony, I received recognition for each class that I was in (I was also introduced into the National Honor Society). It was great to feel such accomplishment and be recognized for such academic achievement.",1,1
"As a child, and even preteen, I was really attached to my mom. I would cry all the time when she went to work and had a hard time spending the night at anyone's house because I didn't want to be away from her. My mom has always had a huge self-confidence issue, and it's affected the way she sees herself as a parent. I recall being very upset one time about something and her sitting on my bed next to me while I was crying, trying to comfort me. Then she began to cry too and asked me if I thought she was a bad parent and told me that sometimes when she feels like she's failed she goes into the bathroom and sits in the bathtub and cries. There was a point when I talked to my mom and trusted her with everything and wanted to go to her with my problems, but I don't anymore. When I hear girls say ""My mom is my best friend,"" I'm jealous. I stopped telling my mom about my struggles and concerns because I decided that she might think that I was struggling not because I was a kid and that happens, but because she had failed as a parent, and I never wanted to be the reason she felt that way.",1,1
"My first day at Whitman I was so anxious and excited to meet new people but I've always been a shy child so I was not that talkative. My grandparents drove all the way down here with my sister, who lives in Seattle with her father. There was a lot of people throughout the dorms; it was exciting because I rarely went anywhere without my family. It made me very anxious because I was scared to become an adult. The hours on my clock made me apprehensive as each tick reminded me of them leaving and then I'd be all alone. I remember going to a five-week summer program that intended to teach me about ""College Life"" but with it becoming reality caused it to be overwhelming. An adult at 17.",1,1
"Last summer I lived with my sister in Boston. For the most part it was great. But we were pretty much forced (by some strange sister God) to do everything together. We shared a bed, we spent the weekends together. We had dinners together. We went grocery shopping together. I had very little time to myself outside of my job. The few times included the one day a week off that my sister had to work, and my commute to and from work. During those times to myself, I enjoyed reading or exploring new places. I liked to be spontaneous and not plan where I was going. My sister got in the habit of meeting me after work so that we could ride the T together back to our apartment. I was sort of ok with this because I knew she enjoyed it. But the time after work was the time I really needed to myself. It was the time to unwind and not think of anything. It was also a time that I could do whatever I wanted without having to discuss plans with my sister. One time, after a particularly challenging day at work, my sister called me and told me that she was going to meet me. We got our wires crossed a little and I didn't know exactly where I was meeting her. I was getting more and more pissed off because I just wanted to do my own thing. By the time I met up with her, I told her that I didn't want her to meet me every single evening. She took it the wrong way and was upset. And I probably said some more negative things as we were taking the escalator down to the T. She began to ignore me and just walked away onto another train. We ended up taking different trains home, I think. I think we forgave each other that night, but I just remember pretty well me being finally fed up with having her always always there.",1,1
"For my English class, we were required to prepare a ""spirituality speech,"" which described our spiritual beliefs (not necessarily religious). Being shy, I was extremely nervous for my report, and I had prepared a long sheet of notes for myself. I was too afraid to volunteer to go first, so I was one of the last few people to give their speech. My heart was practically beating out of my chest, I was so nervous. But I just went for it. I was probably more myself in those two minutes than I had been in that classroom the entire school year. I just talked. I described how listening to other people is an integral part of my beliefs (specifically, the ability to learn from others). Later, several people, who I did not know very well, came up to me personally and told me how impressed they were with my speech. A few of my close friends mentioned how they had heard other people talking about it in passing.",1,1
"Valentine's day. I was very young (probably around second grade) and had gotten unusually excited about the coming holiday. I decided to make myself a mailbox for cards, which I hung above my bed (not exactly realizing the obstacle this might create). Valentine's day morning, at an hour early enough for it to be Christmas, I jumped out of bed and eagerly checked my mailbox. I didn't find anything except a small scrap of scratch paper with a pen squiggle (the kind you make to check a pen is working) on it. Hurt and angry by the absence of any cards and the mocking presence of a piece of scratch paper, without thinking I tore the paper to bits. It was only then that I saw and realized that there had been writing on the other side, at which I burst into tears. I must have been trying to piece the pieces back together when my Dad came in. He tried to comfort me, but was seemingly taken aback by how distraught I was (and that I had reacted the way I had). He tried to calm me and tell me it was from him and Mom, that it said how much they loved me. I always thought it emblematic I tore such a card to shreds.",1,1
Iâ€™ve always loved to sing...in the shower. My shower serenades became the starting point for a life of song. I joined choir in elementary school and continued singing until I auditioned and was accepted as the only freshman into the highest level choi,1,0
"At a state volleyball game when I was in high school, my coach put me in for a senior when she messed up. I was so nervous because I hadn't played yet and there was such a huge crowd. I didn't want to let my team down and I also knew that this would be a",1,1
"I had already been waitlisted by my first choice of college and the only schools I had been accepted to were relatively local. I knew that I really did not want to go to a school in California, but I was starting to feel like that was my only choice. I",1,1
"It was about the same time as the previous memory when this happened. I used to be a kid who often got into fights so easily. One day one friend and i got into a fight. He grabbed a rock and throw it at me, but missed me. I run toward him and brought him",1,1
My first injury inducing fall happened in kindergarden. It was a weekend and my parents and I went to my pre-school/kindergarden playground where there was a small basketball court with a 5 foot rim. At the time I couldn't dunk unless I climbed up the 4 f,1,1
"When I started writing and performing slam poetry, I was not exactly in the most self-confident part of my life. In fact, I was at an all-time low. So when my first poem ever was met with cheers and clapping, I was already filled with accomplishment. B",1,1
"Every year my family and close family friends have a family reunion in Yosemite National Park, right after school gets out for the summer. This is one of my favorite times of the year, getting to see my family and close friends that I get to see once a ye",1,1
"The same year as I was born, my family got a Husky puppy. Her name was Sasha and she was one of the first animals that I really loved. Being the same age as her was lots of fun except that when I was 13, she was elderly and showing it physically. She was diagnosed with hip-dysplasia and eventually it got so bad that in order for her to move, we had to put a towel under her belly and lift her while she walked with her front legs. It progressed to the point that she didn't want to move at all so we kept her in the kitchen and fed her chicken noodle soup since it was easier to consume than hard dog food. My mom had more than hinted at the fact that eventually we'd have to put her down, but I was persistent and confident that she'd get better. Of course she didn't and it came time to take her to the vet. We had her in the back of our car and since we were planning to take her back home and bury her under a special tree, the vet did the euthanasia right there in the parking lot. When he shaved some of her fur off at the injection site, I kept the fur and put it in a small heart-shaped box. I remember watching Sasha as she died. The life just seemed to disappear from her body. I'd started to cry and before long I had mascara lines down my cheeks from the tears. I didn't even bother to wipe them clean as we drove back home. I still have the little bit of fur in the heart-shaped box.",1,1
"When I was a sophmore in high school I punched a girl during a basketball game. I never thought I was capable of hitting someone until this moment. Our team had been beating the other team by 20 points the whole game. The girl guarding me had been fouling me and hitting me when the refs weren't looking the whole game. I was dribbling down the court and when I passed the ball this girl shoved me in the back, so i turned around and punched the girl right in the gut. Well, I got a technical foul and my coach bennched me the rest of the game. I remember looking up at the crowd at my parents. My mom was cheering and clearly did not realize what happened, but my dad just looked at me and gave me a comforting smile. I knew I shouldn't have hit the girl, but my dad may me feel better. After the game I apologized to my coach, team, and the other player. SInce that day, I have never gotten into another physical fight during the game but I continue to be a hot headed player.",1,1
"I was in middle school and having trouble at home. I really loved my school guidance counselor, even she clearly did not like me. I set up an appointment with her one afternoon in the summer that I had looked forward to for weeks. We talked in her office, and then she had me leave. I was so let down (I don't know what I'd expected) that I got to the end of the street and sat down on the curb and cried. I felt like I had nothing else to look forward to. She drove by and told me to go home or she was going to call the police.",1,1
"The day I received notification about the colleges I got accepted to is another self-defining memory. My top schools were 1. Middlebury , 2. Tufts and 3. Connecticut College. I had my heart set on Middlebury, I had nailed the interview and I had wanted to go there more than anything. I had worked hard all throughout high school and I was hoping that it would pay off when the college applying and acceptance process came around. I nailed the interview and thought that I had a good chance of getting accepted. It was March 28, my mom's birthday. She was taking care of my sick grandmother in Minnesota. I woke up and immediately checked Middlebury's website to see if I had been accepted. It hadn't been loaded on the website yet so my dad and I decided to drive to Hampton Beach and take the dogs for a long walk there. When I came back I checked the website again. I was extremely nervous. I finally opened up the letter of notification. I had been wait-listed. I didn't want to make a big deal out of it and be emotional but I started to cry and I was devastated deep down. My dad tried to console me but I felt cheated and despaired and I was too upset to listen to reason. My mom called and I told her crying that I didn't get in. I apologized profusely because it was her birthday and I didn't want to cry and make her upset on her birthday. My grandmother then and there knew I was going to be accepted to Connecticut College and would decide to go there. How she knew, I still have no clue. I hung up with my mom and took a nap and later than day one of my friends took me out to dinner to get my mind off things and just to cheer me up. Over the next few days I got more college notifications, most of which were good news. When I got the acceptance letter from Conn, I knew I wanted to go there.",1,1
"I liked this guy in my 5th grade class and apparently he liked me too. I wasn't sure though, because I had heard that through other friends. After class on a Friday one day (we had just gotten some sort of candy, I'm not sure why - lollipops), we were both walking down the hallway, in the same direction. He approached me and we were walking together. We may have had a conversation before this, I don't remember, but he asked """"Do you like me?"""" (maybe he said 'like-like', as opposed to just 'like,' I'm not sure). I said, """"You go first, do YOU like me?"""" We came to the conclusion that we would both answer simultaneously, because that was most equitable. At the same time, we said """"No."""" That was the end of that. This situation is representative in my life of basically all my relationships with guys. I refuse to express my feelings and always, always air on the side of caution, to the point where I may be blatantly lying. I remember continuing walking down the hallway, down the staircase, outside to the buses. I was thinking about the fact that this was perhaps a big deal. I couldn't believe what had just happened; it didn't seem real. My encounters like that with guys never seem real. I can't believe they are happening to me.",1,1
"I was at a volleyball clinic at a local school when I saw posters for audition for a production of Peter Pan. I had never gotten a callback for any audition before and I had nothing prepared, but I figured it would be fun to sign up and come back on the day of the auditions having prepared a song and a dance. Little did I know, those auditions were happening that day, and I soon as I was done with my volleyball practice, they called me in. I was petrified and and still sweating in my knee pads and volleyball spandex but I sang and danced for them anyway. To my surprise I did get a call back and eventually won the part of Tiger Lily. The reason this memory is important to me is because it reminds me that I am capable and I don't have to spend forever obsessively preparing for everything that I do. It reminds me that it's good to take chances and put myself out there even if it means that I might make a fool of myself. I have never been overflowing with self-confidence, so this impromptu audition showed me that I shouldn't not do something for fear of being rejected because I never know what might happen.",1,1
"When I was in third grade my class was waiting outside in the hallway. A small group of boys started making fun of me, so I began kicking at them, not intending to actually hit them. One of them got to close, and I accidentally kicked him hard in the foot. He began to cry, and he told the teacher. One of the other boys told me that I was going to get sent to the principal's office. I was terrified because I had never gotten in trouble before. My teacher took me aside and told me that what I did was wrong, and if I ever did it again she would talk to my parents. She didn't punish me, however.",1,1
I work in the kitchen at my old hight school in the summers. I prepare food to about 230 campers who are all high school age. I generally do not know any of the campers. I often ended up working on my birthday. Well on my birthday i was working and was putting a fresh batch of tomato sauce in the line. I caught the spoon that was in the sauce in the pan next to the sauce and ended up burning my arm with hot tomato sauce! So I went back into the kitchen and got a bag of ice and put it on my arm. A few minutes later I was called into the dining room. As I walked in I saw the rest of the kitchen staff standing around a huge cake. My boss than got up on a chair and made an announcement to the entire camp about how most of them didn't know me but that I was polite positive and productive worker and that I was one of the best workers he had ever had. Then the entire camp sang happy birthday to me while I held ice to my burnt arm and my entire face turned the color of the tomato sauce that had burned it!,1,1
"Two years ago in the Massachusetts State Cup club soccer state championship, my team made an improbable run to the final. We ended up winning the state championship and shocking the soccer community. I remember the utter elation of that moment because of all the hard work and sacrifice we put in as a team and how we overcame a lot of challenges to become the best team in the state. It was the first state championship I won and that memory of lifting the trophy with my team will always stay with me.",1,1
"When I was a junior in high school, my parents were in New York and I was home with my sister and a woman who watches our dogs when our parents were away (because my mom didn't trust us with the dogs at the time). One of our dogs who was 5 years old was prone to seizures. He apparently started seizing at around 2am while I was asleep. I had woken up at some point to the sound of something moving around downstairs, but I tossed and turned for about 45 minutes trying to fall back asleep before I checked out what was going on. Our dog had been having seizure after seizure the whole time. The woman who watches our dogs was doing nothing, she didn't call a vet, didn't call my parents, didn't wake us up. She just sat there freaking out, smoking cigarettes because she didn't know how to handle the situation. I called my parents and was on the phone with my mom for an hour while our dog continued to seize, snap out of the seizure but still act strange, and then seize again. Half the house was covered in vomit, urine and feces from him losing control of his bodily functions during the seizures. I was in a very serious mood at the time because I didn't know how to handle the situation. By the time I called my mom, he had been seizing for so long that there was no reason to even call the vet, because even if they revived him, he would have to be put to sleep. We knew he was going to die at that point. I didn't even know how long he had been seizing before I woke up, the lady never told me. But he had to be brain-dead by then. Eventually he stopped seizing and laid there breathing very lightly. I was finally allowed to touch him (mom wouldn't let me before in case his instincts made him attack) to check his pulse, which was faint and within minutes he died. Once I was out of his sight, I immediately broke down crying and cried for hours. Even though I had been around human death, this was the first death in my home, the first I had seen, and I was incredibly close with this dog. It took me a while to get over it, and it may have been the saddest event in my life thus far. In addition to sadness, I've always had mixed feelings toward the woman who was supposed to watch our dogs. I wouldn't say I blame her, but I know if she had dealt with the situation better, things might have turned out differently. She is still a part of my parent's life, and I will always feel some anger and blame towards her, while still feeling bad that she had to go through what I went through. However, she sees it as a bonding moment between us, and I definitely do not. She was an adult, but I still feel like I went through the night alone (besides my mom on the phone) because she provided no comfort or help for me.",1,1
"My cousin got married when I was in Eighth grade and at the wedding I ended up being paired with three different groomsmen. I was only 14 at the time, and the third youngest person at the entire wedding, and the youngest person in the wedding party but at least 10 years. I remember I had to walk down the aisle with my cousin Jeff, walk back up the aisle with some other guy, and then dance the dance for the wedding party with the groom's brother, and at the time it was a bit awkward for me, because he was 18, and at the time I thought it was such a huge deal that we were dancing together, because he was cute, but now looking back I realize just how much of a difference there is between 14 and 18.",1,1
"The middle school jazz band in my town was pretty good for that age level, and at the end of every year we used to pick a song to play for our director without her help. Thats a pretty challenging thing for kids that level to do; it wasn't really easy music. Anyway, my 8th grade year we did a terrible job of organizing that, and on the day of our last concert we were basically like shit, we don't have anything. I took charge of the group and told everyone that they had to meet a half hour early to go over something. Basically everyone in the band's favorite piece was a funk song called Watermelon Man, and we had tried to pla it a few times in rehearsal but never got it down. Well, this one day we were all feeling it, and we managed to get it down well enough that we thought it was worth a try on stage. It came out pretty good, and it really impressed our director. I guess that stands out because it was one of the first times that me and my peers were really old enough to do something that felt significant and adult, and it was just an amazing time.",1,1
"For some reason, I remember my first day of pre-school so vividly. There have been so many other days since then but that one day stands out very clearly in my mind. We arrived at my pre-school and as soon as we got in the door, I spotted a bookshelf, immediately ran over, pulled Rainbow Fish off the shelf, and began to look through it. Of course I didn't know how to read yet, and perhaps the book only caught my eye because it was so shiny and colorful, but I was loving every minute of it. I also remember telling my mom that she could leave and that I would be okay. She was probably shocked, since most kids probably scream and cry when they have to leave their mother's side, but there I was, barely 5 years old, telling her to go away and come back later. This memory is important to me for several reasons. I believe this is when I first truly fell in love with books and my fate with them was sealed. Ever since then I'd had a desire of becoming an author (this is partly because of the Harry Potter series) and even though it's not my main goal in life right now, it's something I'd love to accomplish in the future. This memory, I believe, was also one very big step in my process of going from childhood to independence from my parent. Of course, at 5 years old no one can be on their own, but I must have been pretty mentally prepared if I could have just sent my mother off like that because my brother cried every single day of pre-school and so she had to stay there with him almost everyday, and my grandmother stayed the days my mother couldn't. I look upon this memory a bit smugly, seeing as how I've grown up to be a pretty independent young adult while my younger brother who even now as a Junior in high school is still so attached to my mother. I love my mother but I can definitely function on my own without her, which is how I can go to college in Connecticut and leave her back in California without feeling too horrible.",1,1
"Last year I studied abroad in New Zealand, and went skydiving for my 21st birthday!",1,1
I remember hearing my big brothers talk about girls. I don't remember exactly what they said but it was to the effect that getting girls is like playing a game; the girls don't matter as much as the sex does. From then on I questioned the motive behind every boy interacting with me. I don't trust well. I think most guys don't care about me for me. I think guys just want to have a sexual encounter with me. I turned it around so that I act toward guys how my brothers said they acted toward women. I don't get emotionally involved or attached or expect much real support from a guy.,1,0
"After dinner one day my mom and i were cleaning up the dishes. I was washing and she was drying them and putting them away. As i was washing one particularly large pan, my mom snuck up behind me and she had a sprouted onion in her hand(I do not like onions). She stuck the sprouts near my face, and i screamed in surprise. That assault led to me being chased around our house with my mom following with the onion, both of us screaming and laughing, our dog barking and us being very silly. I was laying on the couch with a pillow over my head, my mom over me with the onion when one of my mom's friends knocked on the door. We were so loud that we could not hear him knocking earlier, and so he had see us. Before we got a chance to open the door, we both doubled over with laughter and laughed and laughed.",1,1
"We were prowling the Beijing streets on the lookout for knock-off designer sunglasses. As we nonchalantly browsed through the open-air shops, a man approached us. ""Sunglasses?"" he asked, eagerly. ""Yes, sunglasses!"" Alex responded. In a single-file line, as if we were an elementary school class, we trotted behind him... and kept trotting... and kept trotting... Eventually, we had been following this guy for a suspiciously long time. We had left the crowded, urban area and had reached an area full of narrow alleyways and close-together, overshadowing houses. Still, encouraged by our numbers, we plodded on. We reached a clay house that seemed to blend into the gray, smoggy sky. Catching each others' eyes, we hesitantly walked inside. On the inside of the house, there was no door handle. Instead, there were about six locks that a woman inside quickly snapped closed. Our uneasiness increased. We looked behind us and saw about 5 big thugs, hovering and following us with nothing but their eyes. Disconcerted, we followed the woman into a tiny room filled with glass cases displaying sunglasses. Since all 6 of us were straight out of a 5th year Spanish class, we started speaking in Spanish to discuss both the creepiness of the situation and the yuan we were willing to spend on the sunglasses, certain that this was our best chance of discussing the scenario undisturbed. The woman grew gradually more and more irate. She interrupted us-- IN SPANISH--and started the bartering. Soon, we had stepped backwards so many times that we'd hit the wall. We demanded that we be let out. When she unenthusiastically opened the door, we all burst into relieved laughter. The man followed us all the back to the market, shouting deals at us. We did our best to ignore him.",1,1
I was laying in my sister's room on the floor and I decided to run for ASB president.,1,1
"It was Halloween and a group of my friends went out to an all campus Greek party. We had had a little to drink before. I was currently sort of dating this guy, but it wasn't official because I wasn't ready to commit and was interested in other guys. At the party, I started dancing with this guy but soon spotted another guy who I was a little interested in. I started dancing with him and the guy I had come with got angry and left. Maybe because of the alcohol or because it is just my personality, the other guy eventually started kissing. One of friends of the guy I was seeing saw and told the guy I was seeing. He came storming back to the dance and started cursing me out, extremely angry that I had kissed the other guy. I adamantly denied it but he stormed off as I followed him. My friend, Abby came running after us and told him that deep down he knows that I didn't do it because I wasn't that kind of girl and I could tell she believed it. He ended up believing it to and forgave me. I then knew that they had the wrong idea about me because I would do it and I had done it and yet they both believed that I wouldn't have done such a thing.",1,1
"I'll try to keep it to a memory this time. Let's see. When I was 9 or ten years old, my little sister had a seizure in the middle of the night. At the time my older sister and I shared a bedroom on one side of the hall and my parents on the other side. My little sister technically shared a room with us, but she pretty much always ended up in with my mom and dad. That night, she had been staying up late watching TV with my dad (I think 'late' then meant ten'o'clock or something). My dad woke us up in the middle of the night and told us that Emma was in the hospital, that the ambulance had taken her there, my mom was with her (my mom worked at the hospital she had been taken to) and he told us that she'd had a seizure, but was alright. I don't remember all of this clearly, but I vividly remember my sister and I hugging my dad as he sat on our mattress on the floor. It didn't register to me completely the gravity of what had happened, but I remember that it shook us all. Thinking back on it now, I realize how scary that was, and whenever I think of it I always want to call my little sister to check to make sure she's alright.",1,1
"When I was a child, I remember moving from California to Seattle. I wasn't that upset at first, but over the summer I vividly remember packing a lunch box and planning to head South and get back home. I even started walking one day, but forgot a water bottle so I had to turn back. It's funny how I still remember that lunchbox.",1,1
"Last summer I really started running. I was following a plan for cross country and slowly increasing my long runs. I remember my first really long long run that I did along Green River in Kent. I went slow. At the end of about 9 miles, I was exhausted but completely content with life, my body, the day, the weather, and pretty much everything else was just wonderful.",1,1
"I recall walking into Inglemoor Senior High School for the first time. Each year, the upper-class at the Junior High School took a field trip to the High School to hear the ASB president and the counselors speak about what to expect in high school. The memory is not as clear as other memories but I remember being fascinated about some of the opportunities that the were being presented at the assembly. I wanted to one day be a part of the student government body and to participate in the International Baccalaureate program. I do not remember my surroundings but I vividly remember the information that was being presented to me.",1,1
My mother called me before and told me that there was a camera in box in her apartment. She told me that there was a camera in her fire alarm. My mother is schizophrenic.,1,1
"My older brother and I used to fight a lot. It was never really anything too serious, usually we would wrestle and punch each other in the stomachs or back, but we were never really out to hurt one another. Then there was this one time, I don't remember why we were fighting, but my brother punched me in the face. I remember being shocked and just running away crying. After that, whenever we fought, I was usually out to hurt him, but we don't fight anymore.",1,1
"My dad smoked heavily and deeply for 40 years before he finally quit, but by that point, it was too late. In the winter of my senior year of high school, he got pneumonia and my mom put him in the hospital right away since he had been struggling with his breathing for a few years and she knew it could get bad really quickly. I stopped by to visit him right before a big annual event with our rival school, but ended up going to the event and having a great time. He wasn't too sick, but part of me wondered if I shouldn't stay with him. That hospital stay marked the beginning of my dad's use of oxygen tanks. He's now on oxygen 24-7, which makes him feel a little better, but he still can't do much and gets winded really easily. I've seen it put a lot of strain on my parents' relationship, and I wonder if he's like this now what he'll be like in a few more years when I want him to walk me down the aisle, or in 10 more years when I have kids that want to play with their grandpa. Sometimes I wonder if he'll even be alive.",1,1
"It's the summer before I leave home for college, and my family takes a roadtrip around my homestate, Colorado. We spend the majority of the trip with my mom's cousin and her husband in Durango, in the southwest part of the state. The cousin's husband is an avid jeeper, and he takes two of us at a time on jeep rides through the surrounding mountains. I ask him to take us to high elevations, and so he drives my mom and I up to a high ridge (12,000 feet elevation) several hours from the nearest town. We're in the middle of nowhere, with the steep dirt jeep road the only sign of civilization. To one side is a mountain stained a brilliant red by iron ore, to the other side is a dangerous-looking black jagged cliff. Below us is a lush green valley with a quiet stream and wildflowers, and all around are high peaks as far as the eye can see. I think it might be the most beautiful place on earth. I try to imprint it in my memory so that any time I'm homesick for Colorado when I'm at college, I can remember this scene.",1,1
"This one is from two days ago. I kid you not. I was talking to my dad about how I'm staying in Walla Walla for the summer because I have an internship plus a second job, and how I'm different from my siblings. See, my parents both went to Whitman, and met each other in freshman year and were dating by four-day and got married after their sophomore year. My dad was an econ major. My sister, now 25, went to Whitman, met her future husband her freshman year, majored in econ, and got married two years ago. My brother, now 23, went to University of Idaho to be a golf pro, met his future wife his freshman year, majored in business, and is getting married next summer. Just for fun, I'll throw in that most of my aunts&uncles and older cousins also met their future spouses freshman year in college, and majored in econ or business. I am almost 19, go to Whitman, have no boyfriend though I had one for a month and it ended ridiculously but I won't explain it because it wasn't really a self-defining moment so just understand that looking back it was slightly hilarious, and I will major in anthropology and music. So, I was feeling like one hell of a black sheep as I was talking to my dad about life and the meaning of the universe and whatnot. Actually, I said to my dad that I was beyond black sheep, I was a giraffe. He said I should take harmonica lessons (that's inside joke with him, because we're so cool like that). I pointed out that he and my mom had never lived apart from their parents without living with each other. He said that was true. I also pointed out that my sister had come home every summer and got silly summer jobs instead of an internship, except for the summer between her junior and senior year, and that she always had Eddie around to hel",1,0
"My best friend and I would always walk back from school with each other. We'd talk and talk about nothing in particular. This certain day, there had been a birthday party in our class and we had all eaten cupcakes. MaryEllen had saved the ladybug ring from her cupcake and she showed it to me. I laughed at the cross eyes on it and she began laughing too. We decided to name it Bob. After the name came, both of us started throwing out lines for a song to sing. It went like this. ""Bob is a big ladybug. He is the king of all the lady bugs. He likes to eat and eat and eat."" Only a few repetitions reduced us to tears of laughter and we laughed for ten minutes straight (the time it took for us to finish our walk back home). The next day, we repeated the same song and added hand motions. For the rest of the week we laughed the whole two miles it took for us to walk back home just because of the song and the cupcake figurine.",1,1
"When I was up doing service work in Alaska, one of the locals took me out in his fishing boat to catch salmon. I had been there a week or two already, and I felt like I didn't really have a sense of what the people were all about. I knew that it was the Tlingit Native American Tribe, I knew some of their customs and I had met a lot of really nice people, but I still felt like I hadn't connected. So, he took me out on his boat at sunrise, and I as we rode the sun started to rise over the Chilkat river up over the mountains. And it was these beautiful pastel colors. As we were riding, he told us all about the tradition of catching fish on the river and how important it was to him and his people. And I was overwhelmed by the beauty of the land and how much it meant to the man who was giving me this tour of his world. I felt like my eyes were opened to the importance of not only appreciating nature, tradition, the spirit of the world and so on, but also how important it was to listen to other people and try to connect with what their background has been and how it effects their unique perspective.",1,1
"One time my dad and my sister were in a car accident while I was a freshman at college. I got the news over the phone, and I started crying because I was scared. I knew they were ok, but I just felt like I shouldn't be at college. I should be with them right then. My best friend was with me and talked with me and comforted me. It was weird because earlier that evening, I hadn't worn my special bracelets that represented that my family was safe. And walking back to my dorm from a chem lab, I couldn't get a hold of anybody's cell phone. I thought that was really strange because usually I could get a hold of somebody at that time of night. I had that feeling that something wasn't quite right. When I heard about the accident, my stomach dropped and I didn't know what to do. Luckily they were ok.",1,1
"I have always loved learning. Even in elementary school, when I had no close friends, I would sit by myself on the playground and happily and enthusiastically read my way through each and every recess. My teachers recognized that I frequently got bored and despite the fact that my school lacked the money for any sort of talented/gifted program, they were happy to give me more challenging work as necessary. With the arrival of middle school in fifth grade, however, everything changed. My teacher didn't care about teaching, and when she handed out our first spelling list, I felt my jaw hit the floor - even the hardest words could be easily spelled with the most basic phonetic principles. I asked if there was a way to possibly test out of the list and make up a harder one on my own, but she refused, and I went home crushed, knowing that it was going to be (at the very least) a very, very long year.",1,1
"It was on a summer evening, before dinner. The sunlight filtered through the trees and the air was comfortable - warm with a breeze. And I needed to get out. My brain was trapped, my body was tense, and the only thing I wanted to do was leave my house... and swing on a playset. The reasons behind my stress are not clear to me now; I think my parents and my brother were arguing. So I left. I grabbed my car keys and I drove to the ""Little Store,"" a small market by my house owned by a cute Japanese family. I always find that store amusing because there is a complete lack of customer service. The wife, when a customer is purchasing something, stays completely silent. No ""hello"" or ""have a nice day"" or even ""your total is ""$3.15."" Anyway, I bought a pack of peppermint gum and then I went to a park nearby. I had brought my book with me; I went to a swing and tried to reach the highest possible spot, pumping my legs back and forth, thinking. After awhile I let the swing die down, and I sat reading and chewing gum in the park for at least an hour. It relaxed me. Eventually, however, I became hungry, so I went home for dinner. Alas, my stress level then went right back up.",1,1
"The day I found I got into Whitman was a day I will always remember. It seemed like it was something that was probably way out of my league because I don't have the typical background most other students at Whitman have. I am lower class, I have never bee",1,1
Cutting for the first time because I was unhappy with myself and the way my life was going. The feeling I got was amazing and I didn't want it to go away. I also remember my parents finding out and being so shocked that their daughter would do such a thin,1,1
"Freshman year in college, I came in thinking that I was going to do lots of theatre and be in lots of shows. However, first semester went by, and not only did I not get into any shows, but my closest friends were getting into shows and getting cast in pri",1,0
"The first time I ever had to break up with someone was in the eighth grade with my first boyfriend. Things had ""fizzled"" between us (for me at least) and I felt like it was time to move on. I remember distinctly how much I dreaded having to call him and",1,1
"My bat-mitvah. all the attention was on me, and everyone was smiling and congratulating me. i remember reading for the torah especially. holding the silver hand, and feeling like the most important and amazing person in the world that day.",1,1
"When I was in the eight grade I remember that I was thinking about playing volleyball with one of my friends. I told this to my grandpa and he laughed. I was a little on the heavier side as an adolescent and not too sporty at that. I already had an interest in volleyball but I was busy doing other things. But when I did suggest this to my grandpa, he laughed. He didn't think that it suited me very well but nonetheless said that I should try. By my senior year I was the district leader in assists per game. This makes me feel very proud because of the drive that I had and sacrifices I made to be good at what I came to love.",1,1
"I remember when I was about 12 and I started my period for the first time, I woke up and I thought I had crapped my pants. Once I figured out what happened I was too embarrassed to tell my mom and I never really did. I always remember how wierd it was that I never told her and why I thought it was a big deal.",1,1
"I used to cut when I was younger. I remember the last time I ever cut; that night was an absolute nightmare. I accidentally cut way too deep on the inside of my left wrist. I remember so clearly seeing my skin completely split open, and blood rush out incredibly quickly. I was so scared. I immediately tried to staunch the bleeding and for a second the thought went through my head that maybe I can hide this. Quickly, though, I knew that I was in way over my head. The blood was soaking through everything. I was losing a lot. I called my mom and had her come home. I remember not wanting to show her, and when I finally did, she said """"oh my gosh, we have to go to the hospital."""" We drove to the ER and the bleeding went through every bandage they tried. I was having panic attack after panic attack I was so scared. Finally, they stitched my up and after hours of questioning let me go home. I still have a huge, ugly scar. Whenever I think about that, I get a cold sweat. It scared the crap out of me. I have not cut at all since.",1,1
"The day I got my Nintendo Wii game system is a memory I remember very well. I'd been waiting for the Wii to come out for months and months and I was soooo excited to get one. I remember going to Target at four in the morning with my mom to get one on the day it came out but unfortunately there was already a gigantic line. We ended up putting in a pre-order for the next shipment at FYE. I remember being really sad that Christmas because the shipment still hadn't come in and all I wanted was a Wii. But then, a few days after Christmas, I came back from my job at a comic book store and decided to call FYE just to make sure that it hadn't come in yet. It was a longshot because they were supposed to call me when it came in and they hadn't but I figured I'd try. When I called they said """"Oh, yeah we just had a shipment come in 10 minutes ago,"""" and I spazzed out. I was so excited. My mom immediately took me to pick it up and playing it for the first time was so awesome. I think that day really kind of the epitome of my childhood.",1,1
"The first time I was uncontrollably angry at someone that was not in my immediate family. I was angry at something that I couldn't control nor become angry at, or at least openly, and a friend of mine said something that set me off almost immediately after the original stressor. I was so angry and out of control that she hid from me as I yelled at her, even though I knew it wasn't her that I was angry with.",1,1
"In September of my 8th grade year, my grandfather passed away after a long bout with cancer. My Grandpa Hank was the first person close to me who died. I was watching the Patriots game vs the Oakland Raiders, it was the inaugural game of the NFL season and I was very excited. I remember the phone ringing and my Dad's reaction to the news that his father had just passed. It was not a surprising death but incredibly devastating at the same time. I will never forget the death of my grandfather.",1,1
"I went to my teacher's house to pick up my friend to go to lunch. He was staying there because he was house sitting for her. When I walked in he was still in bed, which was a sleeping bag on a blow up mattress on the floor. I came in and sat on the sofa next to where he was slowly waking up. We talked about our failing relationships despondently and eventually the conversation evolved into what would happen if the two of us hooked up. I told him I was against it considering the fact that I was not even close to getting over my boyfriend and that we would probably would regret it. I said these things but I did not mean them. The truth was I loved my boyfriend and my friend but I knew the consequences for getting involved with my friend would be bad. After I finally got him our of bed we left in his prius for lunch.",1,1
"I remember going on a trip to Arizona with 5 other Whitman students, to volunteer with an organization called No More Deaths. One of the most memorable moments of the trip was one of the hikes I went on to put out water. Our group was being led by a geologist, and she told us stories about how the layers of rocks had made the pattern that they were in right now. We were walking through something called an arroyo, which is basically a canyon on a smaller scale (but it looked pretty big to me). The rock formations on either side of us were a deep, dusty red-brown and were pretty jagged. In parts of the bottom of the canyon were streams. We saw a jug put out by volunteers a week ago, and noticed it to one side of the arroyo wall. Our volunteer guide also noticed a footprint left by whoever was drinking that water. Then a border patrol helicopter swooped down over us three times, and I was a bit startled, but our guide was right -- there were too many of us who were blonde and our backpacks were too nice for them to come down over us too closely. We were told earlier that the reason the helicopters do this is to scatter people so they become separated from their group. Later, when we learned that the most dangerous thing in the desert was to become lost from your group, because people would get lost, just walk in circles, and eventually be very much in danger of dying from heat-exhausion or dehydration, I put two and two together.",1,1
"We have moved a lot in my childhood. I grew up in Wisconsin for my elementary school years. I remember my parents telling me when we were moving to Oregon and being devastated. My mom and dad sat me down and told me that they told me they knew it would be hard for me but that it would be good for me in the long run. I was so upset, I locked myself in my room and did not talk to my parents for days.",1,1
I was eating and I decided to throw up on purpose.,1,1
"I had been with my boyfriend for almost two years, but had never told him that I cheated when we first started dating. We were studying abroad together, and I realized that I really loved him and could see myself spending the rest of my life with him. With that in mind, I couldn't hold in my secret any longer. He deserved to know, and I wanted to come clean. I would rather him know and leave me, rather than to keep such a thing hiding from him. I cared so much about him, that I wanted things completely honest before moving forward. I felt as though he had never hidden anything from me, and he deserved the same respect that he gave me. I told him, and he was shocked and extremely hurt. We worked through it, and I'm proud of myself for laying it all out. I feel like sometimes I don't deserve such a great guy who would never do such a thing to me. I can't believe that we're still together, and as much as I want to, I know we can never celebrate an ""anniversary"" together of when we first started dating. That's all my fault, and it really is a small price to pay for what I did to him.",1,1
"It was parent's weekend here at Whitman and both my parents had come up as well as a lot of my friends' parents. One of my good friends, Brett, didn't have his parents there so he tagged along with my parents and me for most of the night. The guy who I mentioned I had been seeing was trying to get in touch with me for most of the night but he didn't have a cell phone so he was having a hard time. We finally all met up but he wasn't feeling well so he went to bed early. The rest of my friends, including Brett continued to hang out. While we were all hanging out, Brett and I decided we would have more fun on our own so we just ran around Jewett laughing and doing nothing really but having a good time together. We eventually ended up in my room with the door locked and the lights off and we were both tempted to hook up but both knew I was seeing someone so we refrained.",1,1
"I remember my dad taking me to piano lessons. We lived probably ten blocks away from where I had my lessons and it was fun to have time with my dad. My teacher's name was Mabel and she'd give me pages of stickers once I'd earned enough points by practicing or doing exercises and things. My dad had taken lessons from his grandma, who'd been really mean to him, but Mabel was pleasant in her own slightly strict way. The one day that really stuck out for me was the day my dad taught me a new trick. My parents were very young when they had my older sister and I. My dad was really just a baby, I mean he was really immature (and maybe still is), and he was still shy of 30 at this time. He loved to play pranks and tell stupid jokes and puns, he watched cartoons with us and was all-around super fun for a 6 or 7 year old (whatever I was). This day as we were walking home from my lesson, as we passed by this huge empty grassy lot that we always passed, my dad stopped to pick a dandelion. He handed it to me and told me to hide it anywhere on my person and he would magically be able to find it using another dandelion as a detector. I hid the dandelion he had given me (one of the yellow ones), while he turned around holding his dandelion, one of the ones that's gone to seed and is just a big puffy ball. I don't remember exactly where I hid it--probably in my back pocket or something. When I told him he could look, my dad held up dandelion and began to run it over my head and shoulder like metal detector or wand or something. I remember he had a mischievous look on his face. He had me hold one arm over my head and the other, etc and was very thorough with his wand, he made little joke about it being in my ear and I felt so sly like I'd tricked him. He told me to open my mouth so he could see if it was hidden in there, and I opened it wide, knowing that I had gotten him so good. He promptly shoved the puff ball of a dandelion into my mouth, just far enough so that it stuck to my tongue. I remember being so caught off guard and s",1,1
"The first time I drank. I was at a festival at the seattle center with my best friend lindsey. I tasted whisky for the first time thinking that I was so cool to be drinking out of a water bottle in public with older guys. I ended up getting really drunk/sick. I wandered off and apparently fell into some bushes. I remember coming to in the bathroom and I was throwing up in the toilet with some random lady helping me and holding back my hair. I had to be taken to the ER tent and they had to call my dad to come pick me up. My dad was really mad, but didnt tell my mom that it was from alcohol. he told her it was from food poisoning so that she wont get mad.",1,1
"The morning after my high school graduation was a very telling time. We had our senior the night before, and then were having a breakfast provided by the parents when we came back. My whole class was in our school cafeteria, tired after the long sleepless night. A lot of girls were holding each other in groups, saying how sad they were to graduate. They kept saying how they were going to miss everyone. I looked around at my group of friends, smiled, and told my mom I was good to go. I would see all the people I loved all the time. And I have.",1,1
"When I was in elementary school, our teacher had us write a poem. We were supposed to describe an object by simply filling in the blanks for a series of phrases: ""It feels like _____/It smells like _____/It tastes like _____"" and so on. This was my first poem. That night, I woke up in the dark, walked into the kitchen to find a pen and a pad of paper and wrote a poem I called ""My Life is a Song,"" a short, highly metaphorical and image-filled poem. I felt like it just burst out of me--I didn't know where it came from. My mom found it the next morning and was amazed. She and my teachers encouraged me to write from then on.",1,1
I was back home from swim practice. I was really concerned about my weight and how I looked around the other girls in my swimsuit. I was watching TV and eating potato salad and beans. I decided that afterwards would throw up,1,1
"I decided to take a yoga class on a whim- well I guess with my mother's encouragement and the first class was just me and my soon-to-be mentor Cathy. We were in a very small room and I had never done yoga before-I was nervous. We started doing yoga and talking about yoga and I became less and less nervous. Eventually, she demonstrated head-stand, which looked so graceful and strong. I was so inspired. I made it a mission to master that pose and then it happened! I was so excited and so thankful that I had found something that I was naturally good at and still had the patience and time to keep improving. Cathy has been such a friend to me and I still recall how empowered I felt when I first mastered head-stand.",1,1
"I was never raised with any sort of religion. I would say that I was raised with a sort of spirituality and I think that it was heavily influenced by a lot of stereotypically Native American values. What I mean by that is a sense of valuing life and the natural world. When I was really young my family was out camping. My dad had just given my brother and I a bow with arrows. It wasn't anything major, just a little composite bow that could shoot arrows maybe 20 feet max. Cam and I were running around shooting stumps and the like, but we were getting into that sort of ""hunting"" mode and were trying to creep up on birds and squirrels. Well we managed to sneak up on a squirrel getting within feet of it and my brother shot it with an arrow. The arrow went through the animal and pinned it to the ground. The thing thrashed around for a while while my brother and I were yelling and crying not knowing what to do. My dad came over to where we were and the squirrel died. We buried it and I forget exactly what my dad said but it was something to the effect of ""life is valuable and you should never take it lightly."" I have a lot of trouble killing anything including spiders and believe that if anyone kills an animal they should do everything in their power to use that animal in every way possible and give thanks for it. I strongly dislike the idea of sport hunting.",1,1
"When I got into Whitman, I was stoked. I called one of my best friends to celebrate, and was just so excited. We were talking about it, and just merrily discussing my future plans and she says, ""okay, you can go to whitman, but, don't turn into a lesbian. I have known three people that went to Whitman, and all three have ended up coming out, so don't do it!"" It was a complete joke, but it struck close to home. I asked her if she would still love me if I did, and she said of course, but not to become a statistic. I knew she was just playing around, and I had never confided in her about my inner turmoil. But despite that, part of me got really excited. I thought that, wow, I could try a new identity, I could just tell everyone that I liked girls from the get-go, because nobody there would know me..",1,1
"I was in Nicaragua with several good friends of mine (or at least they were now good friends, after we'd been traveling together for a week), and we were following around a group of American doctors as they made rounds through the nearby villages. We'd spent the morning touring the hospital in the district center, a smelly, dirty, understaffed place, and now we were seeing children with untreated infections, borken bones set wrong, sick older men and women whose grown children didn't know how to care for them. We also saw children with new casts and bandages, doing much better with the expertise and supplies of the American doctors. We carried toothbrushes and notebooks in our backpacks to pass out at any local schools we came across. Even though none of the young people spoke much Spanish, the way life continued in spite of extreme poverty and hardship made a strong impact on all of us. I also began to wonder about the best ways we could hope to help these people.",1,0
"In the fifth grade, I got a crush on a boy named Tim Zhu. He was a little pudgy, with a face that was actually completely adorable and dimples to boot. He was great. I was in love. The first time I would really consider it love or something akin to it. He was great. We would play Harry Potter in the recess and lunch periods, chasing each other around with sticks and having his, our, two friends, Joseph and Kyle chase after. Joseph was his best friend. But so was I. We played chess and a bunch of other semi-educational games in the library. Found our way onto the Neopets site. And I teased him mercilessly. Poked, prodded. I think I accidentally made him cry a few times. Lied loudly to everyone and said I didn't like him. Because..I don't know. I was embarrassed? It was my way to cover up when I liked someone. I think out of fear of being rejected. But I did like him, a lot. We went to the sixth grade dance together. Sixth grade was amazing. Comparable only to senior year of high school, I just did what I wanted. And I was still awkward as all hell. But I chased him around trying to get him to dance with me until we slow danced (at the teacher's orders). His palms were a little sweaty I think, but so were mine, and I felt.....bliss. I had never been that close to someone I had crushed on. I had liked him for two years. He was awesome. And then...graduation from elementary school. And he moved to Virginia. I've been trying to contact him since, but I no longer know how, and not even Joseph can do it. I don't know. Part of me still thinks he must be out there..being awesome and nerdy, like he was. But on the last day of school, and I had forgotten this memory until I started talking about him again, when he left the classroom for the last time...I ran out after him. And I kissed him on the cheek. Even though Avis was looking. I'd forgotten about that. And part of me feels embarrassed in the way that I feel embarrassed of some of the childish things I've done, but mostly I just feel proud. Because I know how hard that",1,1
"At my first track meet, in sixth grade, I was going to run a mile and do hurdles. I had joined the team because I wasn't athletic but wanted to get into better shape. I was feeling pretty good about myself as I crouched on the starting line of the hurdles. I came in dead last. A bit discouraged, I got up to do the mile later. I came in dead last, but with a personal best, which only made it worse. I got really pissed off, especially at my mom because she tried to comfort me. I apologized the next day, and she forgave me, saying that it was very mature of me to apologize and she knew I would do better next time. I was walking on sunshine when she said that. I did do better the next time, though I eventually stopped doing hurdles because at a practice I failed to clear one and made one hell of a mess of my left knee, and took up shotput instead, and I was rather good at it for being a scrawny preteen, not quite 100lb but 5'4"" when all the other girl throwers were taller and much beefier. That's off topic from the memory, but I just wanted to share it. So yeah, to sum it up, I got royally pissed off, and apologized later, and when I was praised for apologizing I felt really, really good about myself.",1,1
"In seven grade I started to like another guy, and that was the worst thing ever. He was the cousin of one of my friends. He was on top of everything, a musician, he was more than perfect for me. We were always few in each promotion, We were 50 in total for my entire grade, and we were split in three. He was in one of the other two grades, but everybody knew. I would go to my house and look at the mirror and understand why I could not find the self-control to stop eating while all her girlfriends were thin. I would eat even more, with more anxiety than before. As soon as I stopped eating I felt bad, but I never stopped. Years passed and I still could not talk to him, people did not tease me like in the past, but they were like protecting him from me. I was so nervous! I would not get nera him because I feared the others who were his friends would give me a bad look or just tell me to go away, that I was ridiculous and that I did not have the right to talk to him. I knew that could not go any further and that I will be consumed by that, so I set a date, a final deadline when I would tell him about my feelings and cut the whole thing off. I liked to tell that to my friends in that way the would respect me, and be with me during those days when I was taking control of my life for me and by myself! It was after choreographies, a big event where we danced, and won! I was very proud of myself that night (A lot of fights with the other girls and a lot of hard feelings toward the ones that did not like my way to do things as chief of one dance group, but I had made them anyways) so I felt confident enough to tell him. I asked him to come outside with me in front of everybody and he came. I told him all my prepared speech (I was not that nervous) and as I started talking, he had a smile in his face, he said he knew about me. Obviously he did not feel anything for me, but he was a gentleman. He said we could be friends and I think that was the best part of it. I used to remember the entire conversation a year after that hap",1,1
"My friend's fifth grade birthday party was a disaster. It was early May on a Saturday and everything started out fine. She asked all of the girls coming to bring a cd of our favorite music. I knew these girls well, having been in the same class for years and it was just our group of 6 friends. But I didn't listen to music so I ended up bringing one of my dad's cds. They voted to play mine first and when it came on, they just laughed at me and the cd. I was a little hurt but played along. A girl I wasn't fond of, Marissa made the worst comments and was allowed to choose her cd. Marissa opted for Brittany Spears to play and so we listened to her until dinner. Fallon brought out permanent markers so we could all write and draw in these little notebooks. Instead of writing or drawing in the notebook, I sneakily wrote ""I love Eric Pierce"" on Marissa's leg when she stood up. She didn't notice until later and Caitlin, one of the girls who saw me ratted me out. I laughed it off and everyone joined in thinking it was hilarious and wanting a tattoo of their own. Marissa wasn't pleased and she claimed everyone should gang up and write all over me. Everyone went along with it but me, who didn't want to be written on. I easily evaded the other girls as we dashed around the house laughing. Marissa eventually cornered me and tried to write something. I kept thrashing as the other girls whipped out their Sharpies. The markers ended up on everyone but me. Then the other girls were upset that marker had gotten on their clothes. I pointed out that they had tried to write on MY clothes but Marissa pegged the blame back on me. Everyone separated and huffed about it for an hour but came together again. It was from that moment on that Marissa and I weren't really friends anymore.",1,1
"I loved one of my high school English teachers. He was a great man. After seniors left school (we got out a couple weeks earlier than everyone else) I went back to my high school to thank him for everything. Walking down the hall to go see him, I started crying (I cry easily) because of how much he meant to me. When I got to his class room, he said, ""Oh! Oh dear! Why are you crying?"" Probably thinking something horrible had happened to me. I then told him it was just because I wanted to come tell him thank you. After we got to talking, he said to me, ""You have a deep mind."" It's the greatest compliment I have ever received and I can't imagine getting a better one.",1,1
"When joined the youth commission I never thought it would have such a profound affect on me, but upon arriving at the party to celebrate our community being one of the top 100 communities for youth in the U.S.A, I realized that I loved serving as a spokesperson for worthy causes and meeting with other people who wanted to better communities. Standing in front of the people proposing new ideas and talking with our senator just felt so right. I remember making friends with people over cheese and exchanging many ideas. I know it doesn't sound like much, but the feeling from that is just so strong.",1,1
"Helping coordinate m brother's 4th birthday party. I communicated with the parents of the other kids through e-mail, made him a dinosaur cake, got all the decorations and invited my friends to help me decorate and set up on the day of the event.",1,1
"When I was very young, my parents fought often. One night, I was hiding in the bathroom and my father yelled abnormally loudly and I heard a loud thud or bang, then a crash. After he stormed out of the house, I came to see what happened. He'd punched a whole in the wall and thrown his plate of dinner on the floor. My mother was sitting in the middle of the room crying, and I went and hugged her. She didn't let me go for a long time.",1,1
"In English class, we were working on our final term papers, written on the nature of Comedy or Tragedy in literature. Each student had met with the teacher to discuss our thesis, and my meeting left me more confused than ready to write. So I decided to just write my introduction and then e-mail it her to receive some feedback. Her reply was cordial; she told me I had a good start and offered me some suggestions for improvement. The next day in class, she handed out a worksheet about ""what not to do in your introduction."" She began to read an ""example"" paragraph from the worksheet, and to my mortification, it was the exact introduction I had e-mailed her the night before! I was sitting right next to her! I kept my gaze down and just hoped nobody would notice the red tint to my face. Needless to say, I completely rewrote my introduction... and she became my least favorite teacher of the year.",1,1
"I have seven close friends from high school. We've been friends since elementary school. I love them all dearly. They have been an amazing source of support, love, and fun for years. We scattered all across the state for college. The first Christmas back, we decided to get together and reconnect. We had a sleepover at Tia's house (she almost always hosted the sleepovers). We did our traditional Secret Santa exchange (that we've been doing since we were 12). The criteria this time were: one gift that's edible, one gift that's ""fabulous"" that cost less than 5 dollars, and cute underwear. It was great. I gave Chantel a pink and blue thong with penguins on it, a gingerbread house, and a sparkly pair of earrings. Elaine gave me a silver and black pair of underwear with ""You're on my list"" written across the bum, some candied almonds, and two pairs of knee-length socks in beautiful colors. Samantha baked her white chocolate raspberry bars, Ashley made fudge, and Stephanie made sugar cookies. We ate a lot of treats and played ""blue pillow of truth."" When you're holding the blue pillow of truth, everyone gets to ask you one question, and you answer truthfully. Simple enough. It was a great way to see what had happened and how we had changed after the first few months of college. A lot of the talk was focused on drinking and sex, but it was all positive and nonjudgmental. It was hot in Tia's room, since we were all piled on Tia's bed and wearing winter sweaters, but it was wonderful. I love those girls, and always will. As we fell asleep that night, I thought about how easy it was to pick up where we had left off. A few details had to be sorted out, but there was no loss of intimacy or friendship between us. We'll be lifelong friends. How lucky I am.",1,1
"It was a weekend night, one of the first at Whitman. My hallmates and I had all been sitting in one room, just talking about things and getting to know each other. One particular friend and I had decided to sit outside for awhile. It was fun, I think we t",1,1
"At camp, the summer after 8th grade, I got my first real kiss from my soon to become first serious boyfriend. I remember it being so planned and so frightening. It was by the creak at camp and he was chewing Cinnamon gum. After the fact, I came back to a",1,1
"Our first dog, Lindsey, got really sick when I was in fourth grade. She had been in the family since before I was born and even though she wasn't a very cuddly dog, I loved her very much. When we finally had to put her down, I asked my mom if I could cu",1,1
"Last year when I was in Yosemite for my family reunion, some of my cousins and friends and myself decided to go swimming and rock hopping at Mirror Lake. As we were trying to cross the river over some rock, the current was much stronger than it seemed and",1,1
"I was so infatuated with my first boyfriend. Unfortunately, he was so in love with me. Although I enjoyed our prolonged flirtatious 'courtship', our banter and limited commonalities wore on me quickly once our actual relationship began. I treated him poor",1,0
"Riding my horse the first day that i brought him to my new barn. i was so excited. he was clean becuase it was spring, i felt like i was exactly where i was supposed to be.",1,1
"Growing up in Hawaii, trips to the beach were weekly and all day long. I distinctly remember one day when I was with my grandma, small enough for her to carry, in the ocean just hanging out. As she was holding me I looked down to see our shadow moving by the currents of the water. For some reason I thought this was an xray and started to scream and get excited. I was so scared for my grandma and for myself because I thought she didn't see it as she tried to calm me down. When I finally figured it out, I just laughed as if nothing had happened but was still weary of the water. I think of this memory because my grandma always described me as a ""wimpy"" child and I laugh as I try to defend myself although I know that I am still ""wimpy.""",1,1
"Erik and I were walking home from across Isaacs. I was wearing a pink and white striped tank top and jeans underneath my trench coat, and we crossed the bridge between Douglas and Prentiss, directly in front of the dining hall. Erik stopped, turned to me, and said, ""Hayley. Can I kiss you?"" It was near the end of winter of my freshman year of college. I didn't know Erik extremely well, but we'd started talking over winter break. I said ""Sure"" because that's the answer that usually comes out when I'm unprepared for the question but am inclined to say ""Yes"". His arms held mine and I was warm and totally consumed with the internal jolt that comes with the thrill of a first kiss. I smiled all the way back to the dorm, unsure of whether this would amount to anything and whether I wanted it to. We separated in the entryway and I went to my room, but he texted me and we met again in the stairway between his section and B-section on my floor. We kept kissing as a girl from my section slid past us back to her room. Finally, but too soon, we said good night and went back to our rooms.",1,1
"As a freshman in high school I asked a girl out in the middle of a do-homework class period. I sat next to her and very quietly and feebly asked. I knew it was hopeless to ask, and I made it all the more pathetic in the balls-less way that I did it. I know what she said- that she would have to think about it- but I don't remember her saying it. When I recall this memory, I see myself from a 3rd person point of view and I don't as much feel the fearful anticipation that I felt in that moment, but a disappointment and embarrassment over how pathetic I was in that moment. My focus turns toward the other people in the room, who I'm sure must have overheard this exchange but of whom I have no actual memory, and I imagine what they must have been thinking. A sort of pity over the embarrassing situation. And I haven't asked anyone else since then. I'll put myself out there and flirt, but always to prompt someone else to ask me out, never able to make the move myself.",1,1
"When I was younger, my family would always go to the river. My dad knew how to wakeboard and decided that I could try when I was ready. I was about 6 when I first tried the wakeboard. Our friends had a a boom which is a pole that comes off the side of the boat. It is used for people learning how to wakeboard that are not strong enough to get pulled behind the boat. I was really excited to finally get to wakeboard because all the older kids could do it but none of the younger kids knew how. I wanted to be the first one to try. I grabbed on to the pole and popped my board halfway out of the water and the boat started to move. I was able to stand up right on the first try. It seemed almost too east. When my arms got tired of holding on, I let go. When the boat came around, I asked my dad if I could wakeboard for real. The first two times, I wasn't able to pop up but on the third try I was out of the water. I had no control over my body and it felt like the board was controlling me. Everyone was cheering and screaming at me. I was so happy, all I could was smile and hang on for dear life.",1,1
"When I started the 7th grade I transfered to VBFS from another school. I got put in the regular math class that all the other 7th graders were in, by default. The first day of class we took a test to determine our knowledge of math. I guess I did very well, because I was put in a class with the 8th graders. I remained a year ahead of everyone else in math until senior year. Since then I've also done very well at almost every class I've been in. I've even turned grades around mid-semester, to a ridiculous degree. At one point I had a 30% in an online AP chemistry class mid-semester during the first semester of the year, but ended up getting a 92 in the class and a 5 on the AP exam. I feel like I've done well in school without even having to try very hard. I feel like I've just sort of fallen into being able to do work well. And in the school I went to before 7th grade, I never had any indication I was any smarter than average, I didn't think I was any better at school work. I still don't think I'm smarter than average, I just feel like I am a fairly good problem solver. But, back to the original memory, I think that that time showed me that I wasn't going to be going down the same path that the rest of my classmates were, it showed me that if I wanted, I really could do big things with my life. And since then, I've had pretty high aspirations for myself.",1,1
"When I was really little my brother got a toy for Christmas that i really wanted. It was robot type thing that had wires connected to a remote that made it move. I remember being really jealous and for some reason I thought the logical thing to do was cut the wires with a pair of scissors... I remember my brother was devastated and my parents were very upset with me, rightfully so.",1,1
"My mom came and picked me up from school one day. When I opened the door to the front seat there were tissues everywhere. I asked her why and she told me she had been crying. I didn't want to ask her why, even though I knew she would have loved to talk to me about it. I didn't want to ask her why because I knew it would be another awful story about my dad that I did not want to hear. I looked out the window instead and silently cried because I could not stop the tears from rolling down my face. I wouldn't turn my face towards her because I didn't want her to see and try to prompt me to talk about it",1,1
Spending a whole Saturday afternoon waiting for my dad to come spend time with me.,1,1
"When the Nintendo Wii was first announced, I was ecstatic. I remember vividly driving with my dad and brother to BestBuy at 12:30 in the morning to wait in line to get it. We were the first ones in line, but before long, the line was massive. A couple of guys right behind us in line brought a table and a laptop and started watching a movie. I remember taking shifts--sleeping in the car while my brother held the place in line and vice versa. When the doors finally opened at 11 AM, we were tired yet completely and stupidly excited. Walking out of there with the wii box in my arms was an unforgettable feeling.",1,1
"When I got my first ticket, I cried. I wasn't even speeding, and I got a ticket. I was SO MAD. Expired plates is such a stupid reason to get a ticket. I was really bitter.",1,1
"In ninth grade we had a job shadow day. My friend and I job shadowed our other friend's mom who was a personal trainer. As part of the day we went through a workout in her gym. Part of which, included a body fat analysis. My friend was always very involved in soccer and was always very fit. I had recently put on some weight. When the scale read my weigh at 137, I was mortified and embarrassed.",1,1
The day that I received my acceptance letter to Whitman college was one of relief and happiness. I received the letter a day after my fellow high school classmates who applied to Whitman got their acceptance letters. I recall thinking that I was going to be rejected from the school and not expecting to find a large envelope in the mail from Whitman. I don't even think I read the entire acceptance letter before calling my parents about the good news.,1,1
"I remember my second day at Whitman. I was so incredibly nervous. I was meeting a million different people and there were absolutely no familiar faces. The first day had been even worse, and I was just incredibly overwhelmed, but I decided that today, I was going to put myself out there, I was going to make a friend. I was walking around, and I met this girl, and we got to talking, and she invited me back to her room in anderson. I lived in Prentiss, so I was super excited to get out of my dorm. We talked for a while, and I met some of her section mates, I had to go back for section dinner, but I left feeling very proud. I had made my first friend.",1,1
"When I started junior high, I literally had no friends, but by the end of 7th grade I had made some good ones who stuck with me all through high school. They were all honor students and Christians like me, which was nice, but didn't help our social standing at all. I went through high school and made some friends through theatre, and also earned people's respect, but definitely wasn't cool by any stretch of the imagination. I remember the day when people started looking at me differently though. I went to my senior prom with the guy who I was dating at the time. He was tall and handsome and I got a lot of compliments about him whispered in my ear. I also got a lot of stares from all the girls who had never seen me with a guy before (I didn't date through most high school and never saw anyone at my school). All the girls who had never seemed to need to pay attention to me before were smiling at me and telling me I looked beautiful. I was so happy. I didn't feel very real, but it didn't matter. It was the end of our senior year and I think everyone was ready to leave a lot of that silly stuff behind them. It also gave me just a little more confidence, and the realization that everyone is a person with flaws, but with a heart too...even the popular girls.",1,1
"Sophomore year of college, I went with the rugby team on our annual trip to Vancouver BC. We were driving on I 5 and it was dark and raining. The girl who was driving our car was looking at her GPS device and didn't realize that the car in front of us had braked. When she realized it, she braked but the brakes didn't respond quick enough because of the water on the road. She veered into the next lane to avoid hitting the car in front of us, but the car kept turning and we began to spin 360s in the middle of the highway. I remember closing my eyes shut tight and covering them with my hands, waiting to feel the crash, believing we were about to die. The crash didn't come though and we spun off the side of the road; it was a miracle we didn't hit anyone because the road was pretty busy. I was mainly surprised to be alive afterward.",1,1
"We were n recess time in fifth grade, and one of my friends were in a playful mood. She came to me and took my shoes off. She ran away with them. Recess was over and she had disappeared. I went back to my class and I saw two guys playing volleyball with my shoes. I wanted to cry. Then I remember that I saw my sister and she saw me crying. She took my shoes away from them, and gave them back to me. I went to cry to the bathroom. I told my mom and the next day she showed up in the class ans asked the teacher to talk to the class. She went in, and my heart just turned around and started beating backward. I felt my blood going the other way around. She said what had to say, she is still a very hard-personality and confident woman, and she got out. Then I remember the teacher saying something about my mom being right, and one of the kids that grabbed my shoes was trying to speak out and defend himself. I was observing everything. It was very shameful.",1,1
"I remember going to the 5th Harry Potter book release party at Border's Bookstore in South Tacoma. My friends and I got all dressed up in our best Harry Potter gear and set out for the party around 8 pm to wait for the books to be released at midnight. Dana dressed as a dementor, Maddie dressed like Professor Trelawney, and I dressed like Angelina Johnson. Maddie's brother dressed like Harry Potter and all the kids wanted to take pictures with him. We played a trivia game and I met a little boy who loved Harry Potter and we talked for a while and I entertained him to give his Mom a break. I remember this because it made me alter my mantra of ""i hate kids unless they look like me"" to ""i hate kids unless they look like me or they like harry potter."" We were in line from 11 pm - 12:30 am but then I got my book! My mom and brother picked me up, my brother had just got home from some trip. As soon as I got in the car, I handed the book to my brother. Mine was coming on Amazon the next day. Even though I gave him my book I waited so long for, it was much more about the experience with friends and fellow fans than about the actual book.",1,1
"When I was a little girl, I was extremely shy that I barely spoke. I cried a lot. I always wore a jacket with a hood because my mom cut my hair because I never took care of it when I was small. Since I had a lot of boy cousins, I always played outside and never with dolls. Especially since my brothers would cut the heads off them and throw them back and forth in the front yard. I was quiet because I was always picked on, even by my friends. One day this little boy and I got into a fight, I remember him trying to kick me and I grabbed his foot and threw him down. He cried and I felt guilty but happy. Guilty for making him cry, but happy because I was able to defend myself at school.",1,1
"My mom and my brother and I were checking on the new house we were moving into to pretty much finalize my parents divorce. And, I couldn't have been more than 11 years old, but we were getting the house tested for Radon and we had to run in and out of the house really quickly in order not to spoil the test. I went upstairs to set up my room, and as I was unpacking, as an 11 year old might, I started to daydream and my mind started to wander. And I decided to open my window for some air. Anyway, when it was time to leave about 10 minutes later, I called to my mom and told her I couldn't get the window to close. She was livid. She and my brother both berated me about how dumb I must be to open the window. And I remember vividly them asking me how I could be so stupid and how many times did we have to tell you... on and on. And at the time, what I felt like I learned from the experience was that I needed to pay attention and that I was really dumb. But now, when I look back on it, I feel a little bad for my little 11 year old self. I made a mistake.",1,1
"At the end of my junior year, I decided to drop out of the choir program at my school. Choir had been one of the most important aspects of my life. I had spent much time and energy working in leadership roles and improving my own ability. When the dema",1,0
"When I was doing my homework in fourth grade, I asked my dad what the difference between a country and a continent was. His description didn't make sense to me, and I told him so. He tried detailing his previous description, but I told him I still didn't",1,1
I was an eminently practical small child. My mom's cousing David raised horses and liked to tease people. He thought he would try to get to my mom by offering me one of the new foals he had just acquired. Then mom would have to be the 'bad guy' and tel,1,1
Going to summer camp in my open toed pocahontas shoes and being told i couldn't wear them by a councelor,1,1
"When I realized that my mom was abusing her prescription medication in high school and understood that my quality of life was low at home as a result, I confronted her about it. I do not let injustices go without being heard, such as the lashing out she",1,1
"I decided to run-walk around the Lake of the Isles. I started running, and it felt easy so I kept running instead of walking after a certain amount of time, as I'd planned. I kept going and passed Cyprien and his family, feeling proud because Cyprien ran on the cross-country team and I was running past him, even though he was walking. I was wearing a tank top I'd gotten on my 13th birthday with really skinny straps. During the final stretch of the 3-mile lake, I started feeling nauseous, but I made it the whole way around. I'd never run so far without stopping. I started to walk through the neighborhood to cool down and called my mom because she used to run marathons and I wanted to tell her about my accomplishment and make her proud. Then I called my dad because he used to run around the lakes with me in a sport-carriage when I was little and would also appreciate running a distance.",1,1
"My friend Claire also had a creek in her backyard, although it wasn't near as large as mine. We did walk up it occasionally. One time we were especially adventurous and went farther than we had before. We came to a point where the creek went over a small waterfall, maybe 7-8 ft tall. We were discussing if it'd be possible to climb and I decided I'd just go for it and try to get up it. I did manage to get on top, but had forgotten to think about how to get down. Claire wasn't sure what to do, but I insisted that since I'd gotten up it, she could, and we might as well keep going a little further. We walked a little ways more and decided to turn around. We got back to the waterfall but couldn't get down it. So we look for an alternative way down. It seemed that the waterfall had brought us up a pretty steep hill that we couldn't just run down. And there were a lot of stinging nettles. Despite our efforts we just couldn't get down to get back home. We eventually started to get scared that we'd be stuck there and no one would come find us. We starting yelling for help and saying some silly things, for example I said I loved my older brothers and regretted ever trying to hit them and promised to be nice from then on. Claire said some similar things, although not about siblings since she is an only child. After an incredibly long-seeming short time, we heard Linda, Claire's mom calling for us. We were so relieved. Of course escape wasn't easy. With Linda's encouragement we ended up running through a very dense area of stinging nettles, which would have been fine but we were both in sandals and shorts. Toothpaste to the rescue.",1,1
"I kept a diary of everything that went on in my life, and every emotion that I experienced as a kid. I would hide it in my drawer, which looking back wasn't the greatest hiding place. One day I got home and all the pages were ripped out and were scattered throughout the room. My sister had gone through my diary and her and her friends were sitting in the other room laughing about it. Once again, I cried my eyes out. I never kept a diary again.",1,1
"I remember at my aunt's wedding when I was about 13 years old we were watching the couple have their first dance, and my grandfather was across the room for me. I was kind of trying to blend in when my grandfather (GP) walked across the dance floor and pulled me out. At first I was completely mortified; I wanted out of there. But as soon as I was able to let go of the embarrassment of people looking at me, I was really happy. I remember exactly how it felt; he was holding me close and twirling me around. I felt very loved.",1,1
"It was a Saturday morning. My mom was making us do our weekly readings from this spiritual book of hers. The whole family participated, we each had to read a few pages. I had been told I had to participate if I wanted to get my new camera. It was her attempt at having me follow her beliefs. This had been going on for several weeks. While reading, I kept imagining bloody images of slapping my mother and father. Finally, I stood up and said, """"I am not going to do this anymore."""" I went to shower.",1,1
"One year, when I was trying to organize my birthday party, I could not decide what to do. I could not decide between having a swim party, a rock climbing party, and a Ropes course (like zipline course) party. One of my best friends and I were on the phone debating, and I was getting really frustrated. She wanted me do have a type of party that I wasn't sure I wanted. I did not know how to please everyone. My mom could hear me on the phone. When I got off the phone, my mom came up to me and told me that I shouldn't let Emily tell me what to do and that it was MY party, not Emily's party. I got even more upset. That was the day I realized that my friendship with Emily was very controlling. I am sure my mom realized it earlier, but that is the first time she told me. I began to realize that my personality allows people to control and that I tend to please others. I realized I have to go with my heart.",1,1
My sixth memory is of my sister leaving the house for college. It was really difficult for me because growing up my sister had been my best friend. She was the greatest and kindest person ever. We were really close and spent tons of time together. I remember being really sad and knowing that things would never be the same now that we weren't living in the same house. I also remember going into her barren empty room and just being overwhelmed by sadness. That was a tough year for me.,1,0
"I don't like to bring this up often, but for the sake of a self-defining memory... In my past, my parents used to be intolerably strict on us 5 kids. Whenever I took criticism badly and cried, my mother would take out duct tape and tape my mouth shut. I have a distinct memory of myself crying uncontrollably and her slapping me and taping my mouth. I went to my room and my sister and I were together. My sister told me to take the tape off, but I refused. After some time, I convinced myself I truly deserved it even though I'm not sure if I actually did. This memory helps explain my attitude towards any form of criticism. Even if indirectly affected, I feel self-loathing and guilt.",1,1
"When I sang to help people. A group of people and I went to sing for fatally ill patients at a hospital. It was a wonderful feeling to know that we helped people feel better through music. All the people watching were truly moved, and all of us singing were really proud that we could help make them feel better in any way possible.",1,1
"At my eighth grade graduation, there was an awards ceremony where each department handed out an award, usually to graduating eighth graders, for academic excellence and improvement within their respective subject areas. All year I had been working extremely hard in my history class, driven by a passion for the subject, but the award had also definitely been in the back of my mind. Hearing my teacher call my name for that award was such a rewarding moment. I remember walking across the stage in a daze, shaking my teacher's hand and feeling so proud. I had worked hard, doing something I loved, and I had been rewarded for my success. My interest in history had sparked in middle school and it has continued to be one of my passions, and this memory reminds me that when I put in the effort, especially when it's doing something that I am enthusiastic about, with or without an award, the experience is rewarding enough.",1,1
"As a kid I used to go on hikes with my Papa (my mom's dad) all the time. He is the adult I was closest to growing up, and definitely one of my biggest role models in life. I slept over my grandparents house all the time just to spend time with them. Anyway, on one hike we went a particularly long way (for us, I was young and he was old), about 5 miles, and it was just a very interesting hike. We found a lean-to someone had set up in the woods, and I spent some time playing and exploring that. Then we saw a pretty big owl just hanging out in a tree. And finally, we saw a deer from pretty close by, something that usually was just a quick glimpse at a distance in this area. To anyone who actually hikes it was pretty much nothing, but to a kid it was a total adventure, and one of the best memories I have with Papa.",1,1
"My first all nighter of doing work at Conn made me realize how much work I actually had ahead of me. It was about five o' clock in the morning and I was reviewing the paper I was working on. I sat back in my chair, looked around and noticed how there was absolutely nobody around me as well as the complete silence.",1,1
"My first day of middle school was a big step, I was no longer in elementary school and I remember immediately """"clinging"""" to one of my friends from elementary who I had known since Kindergarten (and am still good friends with) and we made it through that first day and the three years of middle school together. Of course I made a lot more friends since then but that first day was so intimidating, with kids who were pretty much ready to go to high school going to the same school as us. I never felt this in elementary where there's an even wider gap between 5th graders and first graders but for some reason middle school was just really eye-opening and it was a time when most social skills developed and you either were really friendly and outgoing or you were a quiet wallflower, and I think I took the more outgoing role, even though I'm really a shy person.",1,1
When I was 7 it was just before Christmas and I was in London with my family when I found out my cousin on my dad's side had passed away from sudden infant death syndrome in her sleep. I remember not really understanding what had happened because nobody close to me had ever died.,1,1
"My mom finally delivered an envelope to me, a large envelope stuffed with the script. Amy Colvin and I had slaved over this script, a parody of the Parent Trap that involved groups of French revolutionaries and Indians. We were unconcerned and oblivious to political correctness - we had seized an opportunity to apply our vast knowledge of history to theatre. My teacher allowed us to perform the play. We rented the auditorium, held practices and auditions on the playground, and I crafted an elaborate scene. I was born to perform, I thought.",1,1
"The first time I drank alcohol was at my friend's 16th birthday party. It took place at a hotel. I think it was cheap vodka, but I can't remember completely. I wish I hadn't drank that night. I ended up kissing a boy that was my friend's ex-boyfriend. It was horrible.",1,1
"Last year I was sitting at my dining room table, doing homework for one of my high school classes late at night.I was sitting there, when suddenly I realized that I was so sick of high school. I remember thinking that the people were immature and that I was just doing busy-work, and not actually learning. I decide at that time, at that table, to do things that I want to from then on.",1,1
"Right after my parents dropped me off and drove away at the beginning of freshman year I was sitting on my new bed and grabbed my wallet to find something. A note dropped out that my father had slipped in without me knowing that was written on a scrap of paper that had been in the backseat of my car. He knew I was scared about my first year at school and the note read ""You will find your way. You always have, you always will."" It was the most important thing that anyone had ever said to me- and I didn't cry after they dropped me off until I read it.",1,1
"Freshman year of high school I gave probably the worst speech ever. Okay it probably wasn't the worst, probably not even my worst, but from my viewpoint it was awful. I hadn't been great at speeches before this, but I had never been so awful before. I felt like freshman year of high school just sort of stole my mojo. Like in elementary school life had been okay, I didn't really get all that self-reflective about it but i was a relatively carefree kid so why not. Middle school had been like my golden years. I went to this amazing middle school for really bright kids. It was kind of hippie-ish and had a drama department that was the bee's knees, let me tell you. I'd had a ton of friends and had done non stop amazing things for 3 years, I'd really started to become a little person all my own, top of my game and then here comes freshman year to knock me down. Anyway it blew (freshman year) and reduced me to this puddle of social awkward, and this speech just underlined that for me. I was in this great english class with a teacher I totally had a crush on (Mr. Golden) and what's more he'd been really impressed by how well read I was and thought I was really intelligent. We each had to give a speech on a book of our choosing and I did Mrs. Dalloway by Virginia Woolf. I was talking about the themes of the book or something and I remember leading up to my speech I'd been totally chill about it, only a little nervous (things as per usual), and then while the kid who went before me talked I had a total freak out. I got sweaty and my heart pounded, I really hurt. While i was talking my heart and my breathing and my words too wen a mile a minute, I remember focusing on the face of this really stuck up girl I didn't like and I was pretty sure I saw pity on her face, I stuttered and wavered the entire time. It was like a completely different person speaking. I was a wreck, freshman year definitely stole my mojo.",1,1
"When I met my boyfriend I wasn't interested in him at all. I remember that after we'd known each other almost a year I started thinking that he really had a lot of integrity. But I wasn't attracted to him. I'd been single for about a year and a half and I wanted a boyfriend. I wanted to try doing that thing where you flirt with a guy by looking at him from under your glasses. I decided to try it with -----, a no-risk person, I figured, since there was no attraction there. I looked up at him from beneath my glasses and wham! We both started cracking up. I think we were both shocked and knew right away that something was changing and just couldn't stop laughing. We've been dating almost two years now.",1,1
"On my first weekend as a college freshman I went out to a party that I was invited to by my orientation leader. I ended up spending the night at his house, we hooked up but didn't have sex. The next morning he drove me back to my dorm.",1,1
"I can recall the first day that I was in Paris during my semester abroad perfectly. I arrived in Paris late the night before. I flew from Seattle to London and then to Paris. I traveled with a friend from Whitman which made the trip a lot less stressful. I stayed with a family friend that night because I arrived in Paris a night before we could move into our homestays. The morning was a little stressful because there was a misunderstanding with my homestay. Apparently, the program forgot to inform me that they had changed my homestay family. Luckily, our family friend helped me figure out the situation. He then dropped in at my homestay in the early afternoon. I spent most of the afternoon unpacking. I then went for a walk around our neighborhood with my housemate ( who was another American student), had dinner, and then went to bed.",1,1
"Midway through high school, I distanced myself from my group of friends because I didn't really feel comfortable around them. But my school had such defined cliques that it wasn't easy to find a new group. I spent about a semester alone, finding obscure places to eat lunch and wandering around with a false appearance of purpose during breaks, pretending I was busy and had places to go, when I really had no such agenda. By the end of the year, I had made some faint friendships with a few girls, some of whom I liked a lot and some of whom I wasn't sure about, but it became somewhat acceptable to sit with them at lunch, and I was incredibly grateful for the inclusion. When they invited me to join the six of them at one of the girl's grandparents' house for a 3-day retreat by the pool, I was thrilled. This was my initiation into their group, a sign that I was actually welcome. I found out later, while talking to a few of them at a party where they were moderately intoxicated that they had all discussed whether I was worthy of the invitation beforehand. It reminded me of the scene in the movie Mean Girls where the three popular girls discuss behind their hands whether Lindsay Lohan should be able to sit with them. The good thing was that, in revealing this catty secret, they also revealed that they were glad I had made the cut.",1,1
"While in Honduras, I discovered my great love of Hip Hop and Reggaeton music. I had already been a huge fan of writing, and upon discovering the urban genres of music, I began to write raps to instrumentals I downloaded off the internet. I wasn't too serious about rapping, but would often preform to and with my friends. One night, a kid came to my house and told me that I enjoyed rapping. He told me that he too rapped and was interested to know if I wanted to start a group with him. During this time, I only rapped in English and he, being from Honduras, only rapped in Spanish. We took turns rapping for each other and while not completely understanding everything that the other said, we were both impressed. That night we went to a home studio owned and ran by one of the kid's friends and recorded our first song ""Damas"", a soft romantic Reggaeton song. It was great spending the night in a room filled with people who enjoyed this music as much as I do.",1,1
"I remember my friend's mother's funeral when I was in fifth grade. I remember it was a beautiful day and there were tons of butterflies everywhere. I remember the casket was white and I remember it looked whiter in the bright sunlight; I saw my friend as she watched the casket being lowered into the grave and she appeared remarkably stoic, but I felt like I should cry for her. Afterwards she watched the butterflies fly over the gravestones and I remember thinking that they were like the souls of the dead. My friend's dad also released some doves after the funeral service.",1,1
"I used to go to a little town with my family where I was born in my country. I liked the son of an old cousin and I knew he liked me too, he is just one year older than I. We had little but intense interaction, he was different, self centered, he thought he was too cute to be with others, but he would always behave differently with me. One time, I felt he wanted to tell me something, he would go after me if I moved, and he would try to call my attention, but it was really naive. I loved to go and see him because I loved attention form others, specially him, who was beautiful and smart. I loved the confidence I gained around him. One time, we were in that naive but intese game where he did not let me go through a door, he had put his arm impeding me to go ahead, he looked at me and said something, he was very close to me, and I did not feel nervous at all! At all! I just did not like to give him the chance to take advantage of me and moved his arm and got away. I felt like in a soup opera. It was great! haha I loved this kind of drama.. not the drama I had at school. That was the last time we saw each other.",1,1
"I was in second grade and I missed the bus. My mother said we (my sister and I) could walk to school or we could pay her a dollar to get a ride. We walked the 5 miles (uphill, in our new shoes) to school. I was 2 or 3 hours late. That afternoon my feet were so blistered I refused to try out for the swim team. So I tried out a year later. I learned you always pay for mistakes. Also, I didn't miss the bus again that year.",1,1
"I remember running around in the sunshine outside when I heard people singing a song. Curious, I walked over to the slats in the fence to find out where the song was coming from. ""Clean up, clean up, everybody do your chores"" was sung repeatedly by older children. Peering through the wood, I could barely make out the forms of other children racing around a giant sand box, picking up their toys. I tried to hop on several of the slats to peer over the fence but I wasn't tall enough. This was my first real awareness of other people in my neighborhood. I'd been to preschool and I'd played with other children, but I didn't fathom that I could find children so close to me. I called out to the other children and the came over to their side of the fence to peer back. They asked me my name and why I wasn't with them. I could only tell them my name. When they left, I was upset that I hadn't been able to communicate better. I asked my mom about the other children but her answers didn't satisfy me. The next few days I'd peer through holes in the fence, hoping to catch a glimpse of my fellows.",1,1
"Prom 2004 was on my 16th Birthday. I had a fabulous black dress reminiscent of Audrey Hepburn's in Breakfast at Tiffany's. I got my makeup, hair, and nails all done up. My makeup I got done at MAC and it was a little dramatic but it was for a dance and it was also MAC so it could only be expected. I remember my dad telling me I didn't look good (he didn't like my make up). And then crying. My mom told me not to ruin my make up and that I looked beautiful. I never felt more beautiful than I did that night regardless of what my dad had said and made me feel. I joke that I hit my peak that night.",1,1
"My senior year of high school my mom was diagnosed with colon cancer. When she had her colonoscopy I was the one there to pick her up, and the doctor took me into a little room to explain the situation, because though he had told her she was still loopy from the drugs and might not remember. Sure enough, as we were getting into the car she started asking what happened, and essentially I had to be the one to tell her that she had cancer. Her reaction was kind of disbelieve but a bit offsetting and not at the full magnitude that it should be because of the drugs, and I just remember having no idea what to say.",1,1
"I remember my senior violin recital. I played the entire Mendelssohn concerto, a movement of unaccompanied Bach, a Grieg Sonata, a Ravel Sonata, Beethoven Spring Sonata, and Sicilienne (I know there are a lot of ""Sicilienne""s, but I only know one and I can't remember the composer except that she is a woman and that's why I chose to play her piece). Some of my relatives came, and a lot of other students who take lessons from my teacher. My parents were there, and my boyfriend was there with his family. I had never played for his family before and I remember being excited to impress them because they are easily impressed and I had worked really hard to prepare this recital since age four. Anyway, I wore a white dress and black flats. I had a haircut that morning, and I was so excited. Although I invited several of my friends, only one came (Andrea Lindsay) and she brought me a rose as well. I didn't even care that none of my other friends came because I was lost in the music, happy to be playing for who was there, and I was feeling really happy and accomplished.",1,1
"I was once offered the lead in a community play in which I was by far the oldest person cast. At the end of the first rehearsal, I felt very awkward and out-of-place, and decided to tell the director that I didn't want to participate anymore. She was understandably quite hurt and asked me to reconsider. Seeing how hurt she was made me fully realize that my decision to commit to a project involves others just as much as it involves me and today I take commitments extremely seriously, only agreeing to do something when I am positive that I will be able to follow through.",1,1
"I took Tae Kwon Do lessons when I was young. I started when I was 8 years old; the membership was a Christmas gift from my mother. I loved it. My teacher, Mr. Garwood, was definitely a father figure to me, and I wanted so much to be good at martial arts and to make him proud. I don't think he ever really knew how important he was to me while I was growing up (I took lessons from him for about 5 or 6 years). My second test was for my yellow belt. And the most difficult part of it by far was the break. I had to break a pine board with a jumping front kick (amongst other criteria) to be awarded the promotion to yellow belt. I'd only practiced breaking a few times. I failed. I think that was probably the first test I'd ever failed. I was devastated. I cried and cried. I felt so ashamed. I told my mother I wanted to quit. She, being the supportive and gentle parent that she was, left the choice up to me. She said she'd support me no matter what I decided. That was no help. I went to my next lesson. Everyone else looked so spiffy in their brand new belts. I looked at the floor a lot. The lesson ended early, and Mr. Garwood asked me to stay after. He got out the breaking boards and set one up for me. He told me to break it. I didn't want to, I told him I couldn't. He told me that if I did, I could earn my yellow belt. We stayed there for probably thirty minutes, me just doing the same jumping front kick into that board over and over and over again. I wanted to stop. Mr. Garwood wouldn't let me, he told me to keep going, he told me to yell, he told me to focus, to aim, to be strong, to be confident. The board FINALLY broke. It crashed onto the floor in two wonderful pieces. Success! Mr. Garwood went to his desk and pulled out my beautiful new yellow belt. I stood in the middle of the dojo and he tied it around me. I bowed to him and shook his hand. It was the proudest moment of my young life.",1,1
"My dad had been on one of his angry tirades. A photography vest he had bought for my mom to embroider for him had not turned out as he had wanted due to some sort of faulty error in the machine. He was telling her to give him the vest so he could rip it up. The vest had cost $150, more than my family could really afford to spend on a photography vest for my father. Additionally, it wouldn't be that hard for my mom (or me, for that matter) to use a seam ripper to take out the faulty embroidery and then hook it up to the machine once again for a correct job. Nonetheless, he wanted to rip it. He had done this before, so there was no precedent saying he wouldn't do it. While he was in the kitchen, I quietly sneaked into the living room where my mom's embroidery machine and my dad's new vest sat. I took the vest downstairs to my room, hiding it under my mattress where I knew my dad would never look. He walked back into the living room to grab his vest and tear it to shreds, only to find that his vest was not there. Knowing which of his two daughters would be one to rebel, he called on me. ""Where the hell is my vest? I need to rip it!"" He said. I told him that I wasn't going to let him throw our family's money and my mom's hard work down the drain. This made him angrier, of course. He told me that I shouldn't interfere with things in which I wasn't financially invested, but I told him that he used the family's money to buy it, making me financially invested. Aside from that, I was morally invested since his tirade was largely against my mom, whom he blamed for the machine's failure. I told him that he had always taught me to fight for what I believed in, and I believed in this, in standing up to him in this instance. He finally calmed down, my mom had me give her the vest, she used the seam ripper and then re-embroidered it without machine error. I don't know if he ever forgave me for no",1,1
In eighth grade I was still stuck in a stage of my life similar to that of an elementary school boy. My social interactions with others had been restricted by years of almost no social interaction going to a school where all I did was study and play sport.,1,0
"The best concert I've ever been to was at Bumbershoot, Seattle's main annual music festival. The memory stands out for me because the concert was so intimate. I was literally feet away from Zero 7, one of my favorite bands, and it was truly magical to e",1,1
"The first day of high school was nerve-wracking for me. I not only was starting at a new school, but I was starting it in a new town, in a new country, and knew absolutely no one. I had moved from Europe to the USA only two months before, and was complete",1,1
"I was sitting on the floor of the meeting room at the Breck Ice Arena during our end of season banquet. It was winter of my junior year and I was wearing brown corduroy pants, a white tank top, and a black long-sleeved shirt. Coach Maya was announcing awards. Finally, she began talking about the requirements for being captain. There were four of us upcoming seniors and two captain spots. Sammi was the fastest on the team, beautiful, and popular. Alli was attractive, fast, and popular as well, but not nearly dedicated enough to be captain. Shelby was whiny, decently fast, and pretty, but her personality was very unattractive. I thought I was too shy to have been elected captain, but I had a small amount of hope tucked away because my sister had been campaigning for me. Coach Maya smiled as she announced Sammi and I as captains. I got up from my spot on the floor to accept my gift bag. I was so surprised and so proud. I looked at my coach, and then at my parents. Shelby's mother looked very unhappy. Gaby Keller's mom was smiling as much as my mom.",1,1
"When I was a kid the first time I became lost was when I was at the beach near my house in Massachusetts. Some how, I was separated from my mother and I found myself surrounded by the sand dunes. To a toddler, these hills of sand seemed massive and I quickly became panicked. Because this was my first time getting really lost, this memory is very vivid. However, when i finally found my mother she had not even realized that I was missing so I felt a little embarrassed at the time",1,1
"One of my closest friends from high school, after half a year of college, had gotten pregnant and decided to keep the baby. I got a call from one of our close mutual friends to tell me that Anne was pregnant, had decided to keep it, and she was marrying the father who just so happened to be her TA for one of her classes. I was shocked. I was sitting in my room at my desk doing homework. My roommate was there, at her desk, doing her homework. I hung up the phone and I remember sitting there, looking around, thinking about giving all of this up to get married and have a baby I hadn't planned on having. I couldn't imagine it. At home it's a common nonoccurence for girls to get married and have babies very early. It happens because it's planned and because they accidentally get pregnant and where I come from you don't get pregnant and not get married. It made me glad that I was away from that, that I had the opportunity to be here in college, focusing on school and myself and my future and that people up here respect that and no one expects me to get married in the next few years. And I felt even more glad that I have never been in a position where I had to make the kinds of choices that Anne did.",1,1
"My dad used to be incredibly violent and short tempered when we were younger. One time, I screamed and was an incredibly petulant baby sister. My older sister and I have had an inconsistent relationship. She made me angry and my father said that the next time she made me scream would be the """"last time."""" She made me scream and cry and he took my sister and pulled her to the front door. He threw her down our stone steps without any shoes or coat. Her face was so red from crying. I felt so terribly awful. I had no idea. I still feel so guilty. I don't even understand why I was so ridiculous and obnoxious.",1,1
I met a guy in the first week of school and had a huge crush on him. I became friend with him and finally hooked up with him. The next night he would not pay attention to me. So the next morning I cried in the shower for over an hour!,1,1
"Some of my friends in high school had a band called The Valar that was really good. They entered into the BRU (a new england radio station) Rock Hunt senior year, and they qualified for the semi-final battle of the bands show. no high school group had qualified in like 10 years, so this was a pretty big deal. I was a part of the whole group of jam musicians in our school, so me and a few of my friends were doubly invested in them doing well; we played with them all the time. At the actual event they played great, and I went absolutely nuts dancing and screaming and generally doing everything I could to create more energy. They ended up losing to a band of adults who came from all over South America and played latin music, and they just barely lost. The whole thing was just the pinnacle of our whole musician group's experience in high school.",1,1
"In december one year, we were out of school for winter break, and we had our house all decorated for christmas. We had the tree up and decorated, and we were baking cookies and playing games. My whole family was there as well as one of my oldest sister's best friends. When we were all getting up to go into the kitchen or somewhere, the tree, which was not too stable, toppled over. It was so surprising, but so funny at the same time. Even though many of our ornaments broke and the tree fell over were could not stop laughing, and we just kept having a good time.",1,1
"My best friend and I were in Southern California visiting another good friend of ours who had moved my freshman year of high school. We were talking too loud to the fill the silence of the desert. We were walking in the middle of the road, certain no cars would come by. The asphalt looked dark and smooth, as if it was made of sheet metal. The hills to our right were glowing orange in the hot sky. We were discussing gay rights in one of those conversations that sound like debates but actually everyone is agreeing with each other. ""...After all,"" I finished, ""I'm bisexual"", voicing it aloud for the first time. My friends looked at me. ""You are?"" they asked. ""Yeah,"" I answered, and we continued walking.",1,1
"Junior year of high school I got a crush on a boy named Daniel. He was in my circle of friends, but not a close friend. He was in choir with me. The week before a choir trip to Yosemite, we got closer and closer, hanging out often. I overheard someone asking him if he had a crush on anyone while we were in a big group, and he got embarrassed and didn't answer. I thought that meant that he liked me. Right before we left for the trip, though, he asked another girl in our group, Katie, (who wasn't in choir) out. I was devastated. On the trip, though, we hung out all the time, along with our other friend Danielle. We would talk about philosophy and life and religion, and everyone else found that kind of weird. People would accuse us of flirting, but I couldn't help it, I liked him so much. People would bring up Katie and kind of ostracize us, saying he really should think more about her and her feelings (even though they had been dating for about a day, literally). The two weeks after we got back, we hung out all the time. I'd go to his house after school, we'd laugh and talk and he'd tickle me, etc. Everyone was suspicious that something was happening between us, and they all blamed me. I was so hurt that I wound up only hanging out with Daniel and Danielle. Two weeks after the trip was our homecoming dance. Katie and Daniel went together, and he hardly spoke to me there. I was hurt, and he later told me via text message that he was sorry, he was just trying to pay attention to her. The two minutes we did talk at the dance caused quite a controversy. Daniel invited people over to his place after, but only I and one other kid could go. We hung out til about 5 in the morning, and when we finally left, Daniel asked if he could talk to me alone. We went into his garage, and he told me that he liked me and asked if I liked him. It was such a relief to know I wasn't imagining it, but I was mad (or maybe only got mad in retrospect) that he let me go through all of the accusations alone. I remember hugging him - it was the",1,1
I was kicked out of swim practice for spitting on someone. He had spit on me in the locker room and I had spit on him on deck.,1,1
"I have had stretch marks on my sides for at least 5 years but lately they have gotten a lot worse and I have started getting them on my thighs and my breasts. I have gained a little weight but definitely not a lot so I was really upset when this started happening. Reluctantly, I told my mom even though I was extremely embarrassed and ashamed. The only reason I told her was because she is a doctor and I was hoping she would be able to come up with a way to fix the problem but when we talked about it, she acted disinterested and made me feel worse about it and barely offered to help. I was extremely disappointed and even more upset.",1,1
"i remember having a pet butterfly that i kept because it had a malformed wing and couldn't fly. it lived a lot longer than butterflies are supposed to, and so i was really surprised when it died. i buried it in a jewlery box in my backyard in front of a tree when we moved i felt sad that i was leaving it behind.",1,1
"I remember my first night in Honduras. I was to stay there for three months and had almost immediately become extremely homesick. I just remember lying in a twin size bed in a somewhat dingy hotel in sheets that were damp because it was so humid. I was looking out the window and listening to Frank Sinatra. All I could think over and over was, ""What in the world have I done?""",1,1
"I have lived a pretty sheltered life, growing up in suburbia and being protected by my parents. My freshman year of high school, we took a trip to the Yucatan peninsula. This was the first time I had been outside of the well developed world, and it scared me. The first night I had a panic attack because I was worried about getting diseases, being attacked, robbed, killed. I was freaking out. I think it was important for me to go through that experience (and my parents finally got me calmed down with bad bar nachos). After that I was more relaxed in Mexico, but it was a very eye-opening experience to see real poverty along the roads we drove as we headed south out of the tourist area and into the heart of Mexico. It was after that Spring that I decided I wanted to do medical volunteer work in South America.",1,1
"When I was eight I drew a sketch of a dog that belonged to a family we were friends with. I drew it downstairs while my family was watching T.V. My oldest brother, who was a college art major saw it and said he was impressed. After that, I showed everyone in my family with the intro: ""Hey, did you see what Erik drew? It was just a quick sketch"" hoping to fool them so they would be impressed when I could say that it was really mine.",1,1
"I was 3 years old and I was learning to ride a bike. I only remember a snapshot. I was trying to ride the tiny bike on the lawn to the left of our front yard. I kept falling and Jini, my older sister, kept making me try again. At one point I fell and the handle bars somehow got all twisted.",1,1
"Upon moving to Honduras in 2002, I met a neighborhood girl who quickly befriended me. She was about a year older than me and eventually told me she wanted to become ""romantically involved"" (in Spanish of course). I was a young confused child who spoke next to no Spanish, but was very...sexually curious to say the least. One night, we kissed and ended up having sex, my first sexual experience.",1,1
"I kissed a girl and really liked it. Liked it so much in fact, I had my first orgasm. I knew I wanted to be with women but even now I still date men because it's more socially acceptable and I haven't come out to my parents. If I am reading this later, I hope you told them.",1,1
"When I was small my brother and I dug a fort near the road by our house. (We lived in a rural area, no trees, by a high way so you could see the freeway from the house.) We spent all day digging that fort. We spent about as much time waiting for mom to get back from work. We stared at the road that was two-miles away, staring at our entrance for the glint of her car. It was so shiny from a distance. The color of it seemed to magnify the heat of the sun, or the heat of the sun seemed to magnify the color. We would sometimes wait so long that we would have to rely on the shape of the headlights to tell if it was our mom, or how fast the car was moving or how it was moving. We grew to recognize so much about that car. The car still runs, but the fort we built became a moist, low to the ground hole for the cows to sit in, tumble weeds to reside in, and on hot days the home of rattlesnakes and scorpions.",1,0
"One of my earliest memories is from when my brother was just born. My grandpa was taking care of him, and he asked me to go get a glass of milk, or maybe to tell someone else to. Anyhow, I remember being in the kitchen, telling someone that I needed a glass of milk without telling them what it was for, and when I came back with a regular adult drinking cup full of milk my grandpa harshly scolded me for not realizing that my newborn brother clearly could not drink out of a full sized cup.",1,1
"When our family was living in an apartment after we moved out of our old house, there was a night when I went to bed early. I remember my dad coming in and telling me to come see the sky. I went out on the balcony and saw an incredible sunset. The whole sky was sharp and vivid and bright and dark and all around stunning. I remember instantly thinking of heaven. That heaven looks like that sky.",1,1
"When I was in middle school, my dad once left us. He drove off and said he would never come back. Usually he would come back the next day. He was gone for two weeks, and then once I heard him drive up and turn off his truck. So excited, I ran out to greet him. I pulled the door of his truck open and he immediately started to yell at me and tell me to go back inside.",1,1
"I fell while playing tag with my friends and 10 minutes after I fell, I looked down at my white sleeve and it was covered in blood. I didn't want to make a scene so I just went into the house and my Mom put a band aid on it. I actually have a pretty big s",1,1
"In India, with my family, I went to the temple of a monkey god. There were monkeys everywhere. It was INCREDIBLE. They would come up to you to look for things in your pockets. I was sitting on a bench next to my sister and one climbed up onto my sister to",1,1
"In the spring of my sophomore year of high school, I was still riding the bus because I hadn't learned to drive yet. There was an obnoxious, aggressive kid who sat with my friends and just insulted them and made rude comments, so naturally none of us lik",1,0
"When I left my job as a horseback riding instructor at a summer camp during July of last year, I felt so proud of my accomplishments. I arrived at the job having almost no experience with horses or riding instruction, and I left as an integral member of",1,1
"It was Christmas and my sister and I were living with our mom and former stepfather in a condo in a developing area downtown. It was a hip place for adults to live, but there weren't any other kids our age. It was Christmastime and my sister and I had been instructed to go look in the guest room in the basement for one of our presents. We rushed downstairs and began to look for our surprise. I looked under the futon and saw a kitten looking frightened next to a rolled up carpet. I was generally afraid of animals at that age, but this kitten looked more afraid of me than I was of it, so I approached it with my hand. We hadn't asked for a pet, but now we had one, and I was content to play with it at the time. My mom looked so pleased with herself. We named it Tigger.",1,1
"At our summer vacation home, a lady was set-up on the beach giving people cornrow braids as a business. I saw her one day and decided I really wanted to get cornrows. I asked my mom and she said yes, I could get them tomorrow. We saw the lady's number on the wall of the poolside and my mom called her that evening, asking if she would take me tomorrow morning first, because we had to leave after that. She said that was fine. My mom dropped me off outside the pool/beach area the next morning. I walked to the lady's stand, but she wasn't there. There was, however, a girl already waiting there. I was unsure what to do: did this girl have priority, or did I? I walked back to the entrance of the pool/beach compound. I saw the lady coming in, and she realized that I was the girl whose mother had called her last night. I walked with her for a bit, towards her stand, but then fell behind and wandered off in another direction. She was confused... I simply did not want to confront the other girl already waiting there, for I felt that perhaps she had the """"right of way."""" I did not want to kick her out, just because my mom had made a phone call last night. I didn't want special treatment. The confused braider simply began with the other girl, since I had almost entirely disappeared. I wandered around that way for a while, hoping that I could be second in line, but not wanting the lady to see me waiting, since she might think me wierd for not having gone with her initially and got braided first. While wandering, another girl got in line. I wandered back to the spot and realized my mistake. There were now two people in front of me and my mom was coming to pick me up really soon. I was not going to get my hair braided in time. My mom arrived, found me, asked me why I didn't have any cornrows, and began to get extremely upset. My mom explained that she had called yesterday especially for me and had dropped me off that morning, so I could get them done without waiting. My mom didn't understand that I was too shy to confront the girl waiting in line with the fact that I actually had an arranged appointment. My mom also didn't understand that I hated admitting that I had gotten what I considered to be special treatment, through her phone call to the braider. My mom dragged me back to the car, angry that I had wasted so much time wandering. All my time wandering, I was so embarrassed. Even though the cornrow lady was there the next year, I never went back to her. The fact that I didn't simply go with her when she first arrived was my biggest mistake, as she could have simply explained to the girl waiting that I was first. Instead, I wandered, embarrassed that I would have to kick someone out of their self-deserved position.",1,1
"I am a terrible test-taker, so when I took the SATs, I wasn't expecting it to be great. I had taken a prep course, which I'm sure saved me from getting a horrific score, but the experience of taking a four-hour test that could make or break your academic career and, therefore, your life was beyond stressful. After leaving the test, I was sure it didn't go well because I ran out of time on every section and my hear had been racing the whole time. I just wanted to go home, sleep, and forget it had ever happened. I had the opportunity to take the test again, but it was such an unpleasant experience the fist time that I decided not to try again. This decision speaks to the fact that I tend not to try something if I know I will hate it, even if it might benefit me in the long run. This might not be the best personality trait, but I just try to do what makes me happy.",1,1
"So, this happened within the past year, but it hearkens to how I could describe many aspects of my life to you. I was editor-in-chief of the school yearbook and one of my friends/member on yearbook was correcting profiles and changed a name because we thought it was a misspelling when were were seriously mistaken. The change was from """"Azzie"""" to """"Abbie."""" We later found out that this was wrong and the page had already been submitted. The girl affected asked me if there was anything I could do and I told her it would be corrected. Later that night, she called me and I missed her call, upon which I returned her call. She asked me to hold on and proceeded to pass the phone off to her mother. Her mother criticized me and angrily yelled at me. She referred to me as """"you people"""" and said that because she had lived in North Haven all her life that """"this"""" should not happen. Clearly, she was implying that because I am Asian I was incompetent and not at the status that this full-blooded Italian family in a largely Italian majority town was. I've lived in North Haven my whole life too. She was talking about my race. I remained calm and kept reassuring her I'd do all necessary to make the change. She didn't believe me. I apologized profusely. I recorded a portion of the conversation for record and even started to cry on the phone. She told me she'd be at the school tomorrow morning and get the principal involved. She criticized my work, my abilities, and the yearbook for 15 minutes and I took it all. I politely handled the situation. After the call, I sobbed and couldn't speak about it for a while. The following morning I was so afraid to go to school. I started sobbing every class and needed to be excused to the school counselor. The following day, I apologized to the classmate affected. She never spoke about her mother's actions to me. Apparently her mother does this often, I've heard.",1,1
"My mom has always reminded me that I have become more introverted as I've gotten older. Apparently, I had no sense of shame or embarrassment when I was younger. However, I know I can prove her at least partially wrong, because I do recall a moment in which I was quite embarrassed. In fact, it is the first memory I can think of in which I experienced any sort of embarrassment at all. When I was about three or four, my mom, dad, and I went out for our weekly groceries. I (being a girl) stuck mostly to my mom while my dad went off to pick up a few things. However, we eventually got to the deli section of the store. Mom was waiting in line for her turn and she wanted to know if dad wanted something other then our usual (I can't remember what). So she said """"Katie, you know where daddy picks up his bread? Go get him for me."""" I did indeed know the little stand where dad always picked up his rye bread, so off I ran to find him. When I got to the right section of the store, I found my daddy right where he was supposed to be, facing the bread with his back to me. There was his long brown coat, his grey slacks, and the worn out brown loafers he always wore. I (like any wonderful daughter) decided to surprise him. Dodging other shoppers I quickly ran up behind him, grabbed him around the legs, and yelled as loud as I could """"DADDY!"""" Well, the guy turned around and I quickly realized that wasn't my daddy. I don't remember what happened right after that. I think I was in some sort of shock. Eventually the man got me back to my mom, my real daddy showed up with his bread, and the adults all laughed both at my antics and the coincidence of both my dad and this other man wearing nearly identical clothes. What I do remember is mom commenting (quite loudly I might add) on how red my face was. Apparently even young toddlers can experience extreme embarrassment.",1,1
Im not a huge talker and I have a really hard time speaking up in calls. But one day I remember making a point about something in the book My Antonia and we talked about what I had brought up for the rest of call.,1,1
"When I was young; 4 or 5, my dad took me skiing at Wachusett Mountain, although I'm sure we had a great day skiing, all I can remember was the last run. The sun had set and the mountain was in night-ski mode, I was young and reckless on my skis, my dad had gone down in front of me and was at the bottom of the run. I ended up crashing and and having one of my skis go into the woods. I panicked, without my ski and my Dad I felt alone and scared. Luckily a woman who saw me, helped me locate my other ski and went down the slope with me to find my Dad. I remember harboring animosity towards my dad, even though it was clearly not his fault and not a serious deal. I felt alone and scared and that memory stuck with me.",1,1
"When I was a kid, my mom had major surgery. She was in the hospital for a while, and being a kid who needed comfort from my mom, I remember being devastated when she couldn't pick me up. She was in pain for a while and wasn't in the condition to hold me on her lap or anything for about a week or so, and it drove me crazy. I specifically remember crying and feeling like I did something wrong or like my mom was mad at me, even though I knew she was in the hospital- I didn't understand. Eventually when I did understand, it was probably the first time I ever saw my mom as """"weak""""- unable to do something for me.",1,1
"In middle school I created a charity called Kids4Kids which donated money and used clothing, books and bicylces to an underpriviledged school in my area. I went to the school to donate the goods and the experience of collecting things, cleaning them with my own hands and seeing the gratification of donating them to children in need was the most gratifying thing I have done in my life. I felt good about what I had done and I think that inspired me to do more charity work throughout the rest of my life.",1,0
"One summer during high school I went on a two week academic program abroad to learn about international diplomacy. Though I had gone to sleep away camps, I had often gone with friends and the farthest one from my house had only been about 5 hours. My mom and I pulled into the hotel parking lot by the airport where we were meeting everyone else from the program and I had a sinking feeling in my stomach. I was so nervous about leaving my mom for two weeks to go to Europe without knowing a single person on the program. I was on the verge of tears and refused to get out of the car. Eventually my mom persuaded me to get out of the car and go inside, but my shyness mixed with my nevousness was a terrible combination. A huge conference room of unfamiliar faces completely freaked me out and I ran into the bathroom and began to cry. After about ten minutes my mom came in with another girl and her mom who had seen how upset I was. The girl introduced herself and asked if I wanted to sit with her in the conference room. By chance, it turned out that she was going to be my roommate for the trip, and when I think back on this memory I am thankful that I was able to overcome my nervousness because the program ended up being amazing. I also always try to keep in mind how a complete stranger (at the time) had such an impact on me and was able to calm me down and make me feel comfortable, and how this is such a simple act that is too often overlooked.",1,1
"A few years ago I went with my family to California. I was born in Northern California, so we went back to the area where we lived, and the area that we love. I was only 2 when we moved form there, so i don't really have memories from that time of my life. Wen we were sitting on a beach one day, I remember thinking, ""this is where I belong."" i was surrounded by my family, and I could not have been any happier in any other place.",1,1
"I was chatting with a friend online and we were flirting a lot. We somehow got around to talking about meeting up that night. I was only in high school and was definitely not allowed to go out at night, especially a school night. I decided that I would sneak out. It was so scandalous and exhilarating, not to mention rebellious.",1,1
"The other night my friends and I drank and went out to a party at one of the frats. When we got there, I immediately ran into this guy that I have had a crush on all semester. We have talked a few times but aren't good friends or anything. We were sort of dancing near each other but not with each other but I told my friend that I really wanted to dance with him. We sort of bumped into each other and then starting dancing. We danced for an hour and by the end we were holding hands and being pretty intimate. I was having a great time when one of our mutual friends started trying to get him to leave me and stop dancing with me but he didn't leave. Eventually he stopped me and said he had to go to the bathroom and I left the party after that. I was worried that he had gotten tired of me and had left because of that and not because he actually had to go to the bathroom.",1,1
"I remember a day when my good friend and I had gone to the beach with my grandparents. We were sitting out in the sand making sand sculptures (where you carve into the packed, slightly moist sand with stick and stuff). My friend and I loved to play this game we made up where we decided what kind of animals all of our friends would be (like their spirit animals) or we'd talk about what we could see them doing in twenty years. I remember one of us would name a person, then we'd discuss our answers. I was really focused on carving, and she did most of the talking, but I'd throw in my opinion some. I mostly liked to listen, she was more quick at coming up with the perfect answer, but I would question her answers if I thought they weren't quite right. This seems to sort of sum up my role in life: listening much.",1,1
"really, this has taken a lot longer than 75 minutes already, just as a heads up. when i was little i really really wanted to go to dinseyworld, because i'd been to disneyland before and that was really cool so if a land was great, imagine how great a world would be and such, and i kept trying to convince my parents, i even ate one particular cereal for like six months because they had a sweepstakes where you could win a trip to dinseyworld, and i guess my parents just got sick of miniwheats or something because they finally decided we could go, and my mom was talking on the phone to my dad about it and i overheard and i didn't know yet and i was so excited and i wanted to call someone and tell them but then i realized i had no one to tell, and that i'd never had a secret before that was happy and exciting that i wanted to tell someone.",1,1
"After conference party sophomore year of college, I got drunk for the first time. I had resisted up until that point, but finally decided that it was time to experience that part of college. I had come to college convinced that I would never drink, and if I did that I would never get drunk. I discovered that night that I really enjoy being drunk, and that everyone else seems to like having me around when I am inebriated, which has become a little of a bad combination. I also confirmed my fears that I would lose control over myself when under the influence. I feel that it is very important for a person to know their relationship with alcohol and other substances. This is why alcoholism is such a problem. I didn't fully appreciate what mine would be until this point. I now know my triggers and danger signs that need to be avoided, and I am a safer drinker because of this experience.",1,1
"When I was fifteen I friend of mine had a party. Lots of people were invited and I was a little bit nervous to go. In the garage there was music and dancing. I had recently lost allot of weight and was dancing with a bunch of my friends. As I was leaving my girlfriend Jessica told me that a boy Marcus said I was ""fucking hot,"" and I remember this making me feel really good about myself.",1,1
"I remember the first full violin recital I ever gave. I was incredibly nervous and scared, even though I knew that I was well-prepared and fully capable of performing very well. I had played single pieces on group recitals many times before, and I was never as nervous for those concerts, but this time, the spotlight was entirely on me, so messing up was out of the question. My nerves did not go away until probably the last piece on the program, and they got worse every time I made a small mistake or almost messed up badly. By the end of it, though, I was finally comfortable and playing as well as I could. Although I still get nervous at recitals, this experience was a big hurdle to get over and it helped me to be somewhat more relaxed in the future.",1,1
I can recall the drive to Walla Walla with my parents when I was dropped off at Whitman for my freshman year of college. I had to arrive in Walla Walla a week early for Cross Country preseason. I fell asleep for the first 90 minutes of the trip and woke up when we stopped at a rest area for a quick break. My dad missed the turn off to go to Pasco so we ended up driving to Walla Walla through Pendleton and stopping at a Mexican restaurant for lunch.,1,1
"I came to my parents and told them that I needed to tell them something. I was in our office, sitting on a spinning chair, and I immediately started sobbing. they asked me what was wrong and I told them, ""I think I like girls."" They laughed at first, and I started sobbing harder, they told me that it was okay, that I needed to put less pressure on myself, and figure out what I wanted, and they would support me one hundred percent.",1,1
"A couple years ago I was fired from my summer job, which was really embarrassing because the job involved scooping ice cream... The owners of the store made the ice cream in the back of the shop with organic ingredients so it was more high-end, expensive and gourmet than your average ice cream. The ice cream was also widely regarded as exceptional so the shop was very popular and every night the line would be out the door and around the block. I found this stressful because I wanted to work quickly so the customers could get their ice cream faster, but my boss thought that I was not spending enough time with each customer (""we have to make each one feel special"" she said). I tried to slow down and smile more and I thought I was doing much better. But then one evening, my boss called me on my cell phone and told me that it wasn't going to work out and she would have to let me go. I was rather flabbergasted and unspeakably embarrassed that I cried and had a bit of a panic attack. I had a sinking feeling in my stomach for a long time and was very unforgiving toward myself.",1,1
"My first job was working as a volunteer page for the public library. I was 14, and in love with books and libraries, so my mom suggested I should work there. At first I didn't like the idea, because work was for older people and I wanted to be young and free for as long as possible. Eventually, I did go on and talked to the managing librarian, Velma, and she started me with just two hours a week. It was always my favorite two hours of the week. I kept that up for one year, and then bumped it up to four hours a week. I kept that up, as well as working as a tutor in the StudyZone program. It was very few hours, I know, but I was very involved in theater and didn't have time for more. At the end of my junior year of high school, I applied to be a real page at another branch, and got it. I then worked a minimum of twelve hours a week for $10.175/hr during the summer, and it was the first time I made money from a job other than working for my dad. I was very happy there, and sad when I had to quit because I couldn't juggle school and work. My love for libraries was solidified in that time, and I went back to volunteering, only two hours a week again because I had never been busier with school in my life (now when I think abo",1,1
every girl on the block could ride their bikes without training wheels. every girl but me. i remember the girls talking behind my back one day making fun of how i still had my training wheels on. i went up to my dad that day and told him i had to learn without them. we worked all day on this hill to get rid of them and finally i got it. it was in front of the candy shoppe that i learned so all the girls could see my skillz. i finally got it after a day of practice.,1,1
"The night of the eighties dance in Anderson, I decided a chat with my boyfriend at the time was necessary. We came to the decision that it was best to end our relationship, but I felt more like I was getting dumped. I just tried to hide my emotions. This creepy guy kept on walking by and it was terrible. On my way back to Prentiss a boy stopped me and said would you like to lay under the stars. We snuggle and chatted for hours. I started off venting, ad he listened. Afterwards he told me of his past year. His mother had died of cancer. His girlfriend then broke up with him. On his rowing trip he had realized his attraction to men, and He seemed completely happy. I realized that happiness can be found anywhere and found so much beauty in this conversation that I have never forgotten it.",1,1
"Last spring, one afternoon, my boyfriend at the time, Paul, and I decided to just go for a drive out in to the Wheatfields. We took some dirt road out as far as it could take us. We parked our car and stared out over the absolutely beautiful valley. We then walked up into the fields through to a grove of trees and we realized that there was a hawks nest in the trees. We sat there and watched the hawks circle over our heads for an hour at least. There was a soft wind that kept blowing by. And I felt at that moment that I was doing what life was all about: experiencing something with someone I cared about. It was a very special moment to me.",1,1
"Marta Tietge was my best friend growing up. Our two horses lived at her house, and they were best friends. She had 80 acres that abutted public land. We could ride. . .forever. and we did just that. On one of our MANY rides we contemplated what it means to be smart. How brains were and what ""smart"" actually was. School smart? Big brain smart? This was my first foray into thinking philosophically and very rationally. It was, and is, very important to me to always think very rationally and this was developed on those trail rides.",1,1
"When I wrote my first full-fledged musical composition. It was very late at night, and I had to get out of bed to tinker around on the keyboard and a new computer program to work it out. I was very proud of it, and took it to my harp teacher, who said it should be longer.",1,1
"At the end of junior year in high school, I was in this play, and I remember after the last time I did this one scene, the whole audience applauded and cheered (usually people only applaud after an Act or Finale).",1,1
"My junior year of high school, I became very interested in one of my ex-boyfriend's best friends (who were both seniors). That in itself is another story. We were almost dating but not officially because we didn't want to hurt his feelings. It was towards the end of the year and there were a lot of graduation type events they had to attend. My mom and I went to their scholarship night to keep them company and to see who got what kinds of scholarships. After the presentations I was talking to my """"boyfriend"""" and he asked, in these words, if I would like to take our relationship to the next level. Aka actually date. Of course I was thrilled and left the high school in a state of elation. It didn't last long though. Not a half mile from school we stopped at the sight of a small injured animal in the road. There was no stopping me as I jumped out of the car and ran to the little animal. It turned out to be a little kitten who had clearly been hit. It was trying to lick its legs and couldn't seem to get up at all. Kittens are probably my favorite animal so this little one was making my heart hurt a lot. I was hoping against hope that we could save it and was yelling at my mom to call the vet or do something, but I think I knew in the back of my mind that the kitten wasn't going to make it. After a few minutes the kitten's efforts slowed and I watched the life leave its eyes. My brain was starting to get overloaded with strong opposing feelings. Someone else took care of the kitten and we continued home. Another 10 minutes down the road, we were passing a field and I noticed a young calf running around with men yelling at it trying to get a rope on it. It'd probably escaped through an open gate or something. I thought it was hilarious how much fun the calf seemed to be having at the farmers expense. I was a little worried though that the calf could be in danger if it ran out into the road. By that time I just didn't know what to think. I was happy about finally dating Michael, very sad and mad about the kitten and just entertained by the calf. Too many emotions were going through my head.",1,1
"Finishing a half marathon. I was injured and had been struggling through a lot that year. To finish something that I had raised 2000 dollars for (an organized called TRAID, who I ran the race for) was a huge accomplishment. To push through the pain of the injury and to cross the finish line was a very powerful moment in my life. I felt like I was on top of the world. It also made me realize how important running and being outdoors really is to me.",1,1
"Sophomore year of high school I came to school running a little late, and I sneak in to my first period class to find everyone balling their eyes out, even my teacher. Confused, my teacher came up to me and told me that one of the senior's in our school had been in a severe car accident and had died instantly. I didn't know him very well, but he had a brother that was my age. That day, I have never seen an entire community so affected by one person before. It was liberating but at the same time one of the most depressing things I have ever witnessed. After attending all the various ceremonies and memorials for his death, and hearing everyone speak about what a wonderful person he had been, I realized how little of a difference I had made in the world thus far, and promised myself that I would leave this earth with everyone being able to say such incredible things about me.",1,1
"For most of my middle school time, my mother was an alcoholic. At the start of my 8th grade year, she didn't show up to pick me up one day. So I wound up walking home for an hour, and when I got home I went to go use my bathroom, and I found my mom passed out on the floor. It's very vivid.",1,1
"One time when I was up in Vermont, my uncle taught me how to water ski. This was extremely enjoyable because I had always wanted to try and also, that was one of the few times I got to see my uncle. I can remember that water skiing was truly enjoyable and I have always wanted to do it again since that day.",1,1
"My family and I were in Puerto Rico and we met a waiter at a restaurant who told us he would take us scuba diving. I was really worried getting in a car with someone I had just met, but my parents were fine with it. The snorkeling was closed, so we went to the beach. I remember he sat next to me and started whispering to me in spanish about how beautiful I was etc. I was really uncomfortable and just wanted to get away. He wanted to go for a walk with me, and I was trying to get my dad to come, but he wasn't getting the message. The guy (Franki) kept trying to pull me out of vision and kiss me. I really didn't know what to do (I was only about 12). I started to get really panicked, and went back to my parent. I wanted to get out of there so badly, but I had to endure lunch and an entire ride back to the hotel with him staring at me the entire time. He told me he loved my red hair and glasses. After we got home I promptly cut my hair and got contacts.",1,1
"There's another dream I always think of. It's night, and I am with my mom in the lawn in front of the college. She suddenly says she has to leave. She walks away from me and climbs up a ladder that reaches into the sky. At the top of the ladder is a small space ship. She goes into the space ship. I yell after her. She does not respond. The door to the space ship had closed. Then, I hear a group approaching. I turn and see cowboys in dark clothing riding toward me on horses with ropes swinging. I hastily climb up the ladder and knock loudly, screaming for my mother. She does not answer. I woke before the men got to me.",1,1
"So, my best friend had the biggest crush on one of my good guy friends. So did I. Right then, you know it's going to be bad. Granted, she had liked him for about 5 years, we were both so enamored. We knew he what girls he had liked and we never fit in this trend. This was in junior year. He kept hinting that he wanted to tell me who he liked. I thought he was just flirting. Finally, one day, he called me and we got into talking about crushes and he asked me to guess. What a wonderful position to be in, right? (sarcasm) I guessed my best friend eventually and he said yes. They liked each other. What a teenage dream. I was heartbroken. Then, he asked me who I liked. I told him I was lost. He understood, or rather, he pretended he did. He wanted me to help him and asked if she liked him, which I couldn't lie about. I was their matchmaker. I made their fleeting, first relationship happen. Yet, I couldn't stand it. I cried constantly everywhere. I ducked into bathrooms at school to sob in silence. It was a terrible time for me. I could never tell him I liked him. I could never tell her how hurt I was. I just wanted them to be happy.",1,1
I am not one to speak up much in class but i remember one day in english I decided to make a point. What I said sparked so much conversation we talked about it for the rest of the class,1,1
"When I was in middle school we had tryouts for the basketball team. I loved basketball at that time and all I wanted to do was to make the """"A"""" travel team. When I got the call that I had made the B team i was devastated. Most of my friends were on the A team and I was angry and embarassed that I wasnt selected for the A team. That feeling motivated me to work hard that season and in the off season. The following year I made the A team.",1,0
"My sister was doing some homework and was struggling so she asked me for some help. I agreed to help and went into explaining how to attack the problem. As I was explaining how to solve the problem I had an out of body experience and saw myself in the act, as if I was watching some type of sitcom.",1,1
"My brother has suffered from terrible anxiety in the past, and I remember one day in high school I heard a commotion in his bedroom hallway and found my mom cleaning up his throw-up because he tended to throw up from anxiety before going to school. I have always been more sensitive to him since then.",1,1
"I sat down in the long row of metal chairs. We were done! We were graduating! I was called to the front time and time again, clean sweeping the awards. I remember being disappointed when I didn't receive the AP Physics Student of the Year Award. Mr. Campbell loved me, but I knew that Evan was his favorite. I was happy anyways. I just had never been challenged and that class really stretched me. I was so excited for college but truly had no way of knowing what was to come. It all coalesced at once: I was done. Stupid awards wouldn't matter any longer. The real world was coming.",1,1
"My best cross country race ever was Regionals, our last race, of my sophomore year of college. I remember the finish at that race. It was overwhelming because I had just run my heart out and could almost not stand after I crossed the finish line. I was super dizzy and had finished right behind my two best friends and training buddies on the team.",1,1
"Taking the MCAT. Sitting in that waiting room to walk in to take this test was so intense. I was trying to be calm and chatted with this woman taking her med school board exam for OHSU, my dream school. I remember thinking that this was a sign and then thinking that I do not believe in signs.",1,1
"If was Fall 2008 and I was abroad. Our program had a couple day trip where we went wine tasting in southern Austria. On the bus ride I was sitting between a couple girls, both who were really attractive. I remember at that point I was still trying to figure out why I had come abroad in the first place, but wine tasting was fun thing to do so I went. Anyway, one of the girls drank a lot and was drunk. At one of the rest stops, I took her into into the bathroom because she got sick. Back on the bus, she was super embarrassed and was saying all sorts of things. At one point she was praising me really loudly and I remember regretting that I helped her out. She was also super concerned of what people thought of her, something that I understood. I attempted to explain to her why she shouldn't be embarrassed but pretty much failed. The other attractive girl was playing with my hair and was flirting with me. I didn't know what to do and was glad when the bus got back to the city.",1,1
"Celebrating my friends 21st birthday in Portland OR. I planned it and all of us high school friends who have not gotten together together (as in one setting) finally came all together to celebrate Rinas' 21st birthday. This day was awesome because we spent it in the city and I even booked a room so we have a place to say that night that was in a hotel and within walking distances of all kinds of entertainment. That night we danced a lot and we dranked and we just essentially catched up on each others doings and memories so far. We played cards until liek 2 am. The room that we checked out we filled out with so many balloons and decorations. That it was difficult to even move around. This was to really surprise her because we just blinded folded her from her house and brought her there. Everything that day was a surprised. Started with a dinner at a Greek restaurant where we throw plates as a tradition there and break them, moved on to having her getting lap dance in order to really make her uncomfortable since this is isn't her at all. It was all great and fun for us all to be together again.",1,1
"I had a really good group of friends in highschool. They really cared for me. There was this one boy Spencer who I dated for a while. It wasn't a serious relationship romantically but he was a great friend. He told me that he loved me unconditionally. ""I'm not in love with you, he said, but I do love you unconditionally."" That was so nice. I would come to his house after a crazy day and he would feed me and he told me I could always sleep in his sister's room (she was at college) if I wanted. He always gave me a glass of water. That was really important to me. I never felt like I had to pay for anything. He was just kind. He is still my friend. I remember that as being so important. It gives me a template for how to treat people with love and dignity even in casual interactions like giving them a glass of water.",0,0
I watched my kitten get run over by a car as she followed me across the road.,1,1
I recall learning that my best friend was going to move to Texas during the summer after seventh grade. His family took (what I thought) a family vacation to Texas the preceding week. His sister came to our house to tell my sister about the move. At first I did not believe his sister because of her certainty that they were going to move. I recall that it was later in the afternoon and feeling surprised and betrayed. I think that it was particularly difficult on me because my friend had gone through a lot of things during the spring. He had been in the hospital for an extended period of time for reasons that I am still not sure why.,1,1
"I remember once approaching my honor's english teacher after class about my grade. I was worried that I might be getting a B+ and that it might prevent me from enrolling in honors english the following year. I was so nervous and I felt the usual way I feel when I am confronted with authority figures. I cried. She assured me that I was getting an A and that I would be able to take honors english, but the very fact that I cried made me so mad. I was confused as to how I would ever manage to get anything I want out of life and I felt useless.",1,1
"It was new years, I had just decided I wasn't going to drink anymore, and just started to recognize that maybe I didn't want a boyfriend so I decided I was not going to do anything with boys for a while to try and sort out my feelings, and I was at my friends house party. It was a huge party, and I wasn't really friends with most of the people there. Several of my friends has said they were going to come, but didn't end up showing up. I didn't know what to do, I was lonely and bored, and I felt like an outcast, so I decided to drink to take off the edge. I started having more fun, I dominated some guy at guitar hero, and wandered around to a couple of different conversations. It was nearing midnight and I went to the bathroom, where I dropped and broke my brand new iPhone. I was really upset, and way drunker than I had intended.. I wanted to leave but I couldn't, so I just kept milling around. When the clock struck one, two things happened. I realized I was not spending new years the way I wanted to spend 2008, and I made out with two boys. I wanted to feel wanted, but all that I felt was disgust. I was utterly disgusted by myself at that moment. I had broken two promises to myself and I felt like shit. I set my alarm for 5 am and slipped out the next morning with a new lease on life, and a broken iPhone.",1,1
"My uncle bought me a racing bike when I was a sophmore at whitman college. it was a red and black bike, used but in great condition. it was so exciting! i remember christmas morning i rode around the block in my socks. the bike was stolen. i hadn't locked it as i went inside to the FAH for about 30minutes at night. Luke Bergman and I had the same brand of bike, but different colors. He met me at Greggs cycle in greenlake for our second date. he had a black helmut and I had a white helmut. he said, "" like good cop bad cop' I felt awkward and I wasn't sure whether I should hug him or not. we awkwardly hugged, he seemed hurt that I hadn't eagerly hugged him. we ended the day of biking on ravenna blvd. awkwardly, he giving me instructions. i went to the tea house in wallingford and freaked out a bit. That was the day that I also learned the word arteriol. he was upset that i hadn't known what it meant. I said, i don't ever drive.",1,1
"when my brother and i were very young we stole a candy bar from the grocery store. it was a heath bar. we didn't really know HOW bad it was, but we knew it wasn't really allowed. during nap time that day we split the candy bar in half and ate it quietly in our beds that were across from each other. my dad came in while we were eating them and we got in a lot of trouble.",1,1
"I remember trying on dresses in Betsey Johnson with my best friend in ninth grade. We were best friends for six years. We were the only two girls in the store on a summer day, and the lady working there was happy to engage in our fun. Angie (my best friend at the time) wore a pink ""cupcake"" dress and I wore a matching blue one. We literally waltzed around the store and I remember thinking that that moment should have been in a movie. I took a photograph in my memory, and I thought about us dancing around that pink Betsey Johnson store in those expensive fluffy dresses if I was ever down in the dumps. It was my go-to memory that I cherished during some of the dreary and dramatic days of being an underclassman in high school.",1,1
"The feeling of profound relief as I watched my black balloon fly away and tossed my cap at the end of high school graduation was one of the deepest I have ever felt, next to passing my senior project. No one could take my diploma away from me; no one could make me go back. Not only was I (finally) leaving a town I never liked, I was about to start enjoying school again.",1,1
"Playing at my grandparents house, there was an old phone that had been disconnected in the room we were playing in. My sisters and I decided to ""call 911"". At one point I wanted to see what would happen if I plugged the phone in and called. A real operator answered; terrified, we hung up and hid. The operator called the house back, and when one of the adults answered, they were told what had happened. I told them I didn't know it was plugged in, but the truth was I didn't think of what would happen if it was plugged in.",1,1
"I loved writing when I was younger. My teachers had always told me I was good at it, and I enjoyed spinning stories, composing poems, and constructing essays. In the 8th grade, I participated in the Corps of Discovery program at my middle school. The program was for 7th and 8th graders, and the object was to write a 2,000 word report on a topic of your choice, completely outside of regular academic work. The reward was (besides the feeling of accomplishment), the chance to go on the Corps of Discovery trip. Four days in either Oregon or Canada (it switched every year), all expenses (except food) paid for, visiting historical sites, museums, and having all kinds of parents-free fun. (Usually about 40 students participated every year). Pretty much all of my friends did it. Writing the paper was always stressful, but the trip was totally worth it. That year, I wrote my paper about the life of Jesus, from the perspective of various people who knew him (Mary, Peter, Pontius Pilate, etc). It was a ton of work, and much longer than 2,000 words. I remember typing the rough draft over Christmas break (I'd actually handwritten my whole first draft in a notebook, but it had to be typed for the checkpoint deadline). The laptop was way too warm on my lap as I laid in my bed and worked. I listened to the Lord of the Rings soundtrack over and over. On the Corps trip in the spring (in Oregon that year), I won an award. The best papers were recognized on the last night of the trip, after having been evaluated by a panel of teachers. I was happy that I'd won the award, but also skeptical that I deserved it. I wasn't super proud of the paper; I thought it was too simplistic and not well-researched. But, on the other hand, I was a well-known straight A student in my school. I figured that I'd won just because the teachers assumed my paper would be good. I think that started my insecurity about writing that followed me into high school.",1,1
"When I got my first A- in high school, I learned that not everything was always in my power. I've always been a control freak, but this put me over the edge. I had studied my brain out for the tests, done all of the homework, come in for extra help when I needed it, even gone to the academic counselor's office for tips on getting over test anxiety. Nonetheless, I had BAD test anxiety, and couldn't manage to get higher than a C (if I was lucky) on any of the math tests. For this reason, I received an A- in the class. I remember walking to the back of the classroom to see the grades posted on the back wall, organized in black ink by student ID numbers. Using my index finger, I searched for mine: 0801847. There it was, and next to it was two little characters that meant the end to my perfect 4.0: A-. It was barely an A-, too. I had a 92.8%, only 0.2% below the benchmark for an A. I remember running over to my teacher's desk and asking if she rounded grades. She said she didn't. So this was out of my control. There was nothing I could do about it anymore except accept it and try to do better the next semester.",1,1
"After graduation, in between all of the pictures with friends and hugs from family, my Aunt and Uncle saught me out after pointedly ignoring me not only in person, but even at Christmas and my birthday, so that they could give me a graduation card. They",1,1
"At the end of my senior year, I dated a girl my friends consider very attractive. More specifically, ""hot"". We met at one of my soccer games. I was attracted to her and we started to date for about two weeks and she decided to end it since I was about",1,0
"The first time I stepped onstage to perform in a theater that had an actual audience of a few hundred people, I was just a member of the chorus in The Beauty and The Beast. Still, that energy and the nerves I felt that night stuck with me. I pursued tha",1,1
Meeting my goal in lifting and reaching a 275lbs bench and 450lbs deadlift.,1,1
"Last year my entire section, who were all my friends, decided to pre-func one of the CORE Plenary lectures. Not by drinking a lot but having mamosas before going over. I thought I was a silly idea, funny maybe in thought, but stupid in action. Aside fr",1,1
"I wanted to hand out my birthday invitations in 2nd grade during recess one day.. I asked my teacher and she said no, so of course, I went to the recess teacher on duty when recess came around and asked her if I could. She said that would be fine. I lat",1,1
"It was one of the first weeks of my freshman year at Whitman. I was getting lunch to go at Reid. It was crowded and some people I recognized from Anderson were standing in the pizza line to the far right of the cafe. I reached around one of the boys I recognized from the dorm for a blueberry bagel from one of the glass jars with a metal lid. He turned around and said, ""Hey, you're Hayley, right?"" I was sure I hadn't met him yet, so I was surprised he knew my name. I'd noticed he'd already made a lot of friends and therefore must be outgoing and social. I didn't consider myself outgoing and social, so I was surprised he'd noticed me. He said we'd met before, but I am sure we had not before that day. He introduced himself as Stephen, and I promised not to forget his name. For the next week, whenever we ran into each other, I made a special point to say his name when we greeted each other. He's been one of my best friends at Whitman ever since.",1,1
"I was at a cabin in Oregon with my family and we were having a great time dancing to music and singing. I remember my older cousin got out a camera to take pictures. It was all fun until she was about to take a picture of my mom and sister and I jokingly stuck my hand in front of the camera right as she pushed the take button. I remember getting the """"that was extremely rude, and I am disappointed in you"""" face and I was very embarrassed and ashamed.",1,1
"I was alone at home while my family was away on vacation in Maine. It was a morning, breakfast time. I decided I wanted to make raspberry pancakes. I walked outside into the raspberry bushes and picked raspberries, storing them away in my wooden basket. I sang to myself my favorite songs. I watched the bees and other insects crowd around the raspberry blossoms, wondering why people were so fearful of them. I sang louder.",1,1
"One morning, my mother and I had been arguing. She was excited though, because my cousin had just called and wanted to talk to me. She kept saying that Mary Kate (my cousin) had something to tell me, and that it would make me really happy. I thought I knew what Mary Kate was going to say to me. I had seen on facebook that her relationship status had changed, so I was pretty sure she was going to tell me that she had gotten a boyfriend. In my mind, I was angry. Why did my mom care that Mary Kate had a boyfriend? What was my mom so excited for Mary Kate about? In fact, why did my mom even know that Mary Kate had a boyfriend? I was angry that my mom thought Mary Kate having a boyfriend was special...maybe I was a little bit jealous, since I had never had a boyfriend and so my mom was giving all the attention to my cousin for having something I had never had...also, Mary-Kate is younger than me, so maybe I was jealous of her too, and that everyone was making a big deal. My mom told me to go pick up the phone and said that she (my mom) was going to listen in while Mary Kate relayed the news. Because I was so angry and my mom and I had been fighting, I threw a fit. I told my mom that she absolutely could not listen in while Mary Kate told me the news. I refused to let my mom take part in conversation, and had her hang up the minute Mary Kate and I started talking. It turns out, Mary Kate's news had nothing to do with a boyfriend. Instead, Mary Kate was going to come visit me for my graduation, and my mom had helped her convince her parents and paid part of her way. I was ECSTATIC. I could not believe it. We live a ridiculous distance from my cousins, so this seemed entirely implausible. The story literally made my day. Yet, I had refused to let my mom take any part in it. As I walked back into the kitchen, she was still a bit happy for me, since I was happy, but she had not forgiven me. She was so disappointed, but even moreso, she was just hurt. Hurt badly. I had closed her out of the good news by not letting her hear Mary Kate tell me and not letting her hear my immediate reaction. This is all because I was stupid enough to assume that I knew what Mary Kate's news was and because I thought my mom should not be a part of that news...",1,1
"A year ago I went to a shooting range and shot several rifles, a semi-automatic handgun, and a revolver. It was a wonderful experience. It made me realize that while I might feel invincible against outside attackers, I could just as easily wound myself or someone I loved. It was great to feel that kind of power in your hands but it was also terrifying. The experience also taught me a lot about follow through, precision, and how long it should take you to make a decision. A normal person can only hold still for seven seconds, and if you wait too long, your shot gets messed up. In life, if you spend too long trying to make a particular decision, you will probably over think it and mess things up. Now, I just try to do what feels good and have respect for the impact that my decisions might have on other people.",1,1
"I used to have a big fear of public speaking. I didn't feel confident in front of crowds, even of people I knew. I was embarrassed, and awkward, and extremely nervous. I almost threw up when I had to lead a torah service for my bar mitzvah. But I think that when I gave my valedictorian speech for high school that changed. My senior year of high school was a very intense time in my life. I had a lot of bad things happen, but I also had a lot of good experiences too. I think I became who I am now as a result of that more than any other time in my life. So I was very happy to see that at the conclusion of that time, my fear of public speaking was gone. I was scared the day before my speech, but in the hours before I gave it I became calm. I felt like there was no point in being afraid. I was confident. When I actually gave it, I felt assertive, and in control of myself, and I wasn't afraid or uncomfortable at all. It was almost like a dream, I felt like I was almost on autopilot. I ended up doing a very good job, and I think that because of how that turned out, I am not afraid to speak in public anymore. I am a much more confident person now.",1,1
"When I was seven I was spending a week during the summer in Martha's Vineyard with my parents. My mom was out for some reason, and I was playing a game of Parcheesi with my dad. I got frustrated with the game (presumably because my dad was winning) and exclaimed, """"This game is stupid!"""" and stomped out. From the other room I could hear my dad begin to cry. I felt so horrible and ran back in to try to apologize.",1,1
"Another meaningful event that happened with my brother was about a week before I first entered college. My brother has a lot of anger problems, and I should always know better about fighting with him. One day he was at our house with his daughter and we ended up getting in some random argument about something that wasn't important. When he left, I was mad at him so I started sending him nasty texts, kind of egging him on. I clearly wasn't thinking straight. Later, when my mom wasn't home, my brother (who was incredibly angry) came back, slammed open my locked door (breaking the door), took my cell phone out of my hand and threw it at the wall (shattering it), hit me in the face and started yelling at me, telling me to respect him, etc. Obviously knowing his issues, I was terrified. But somehow (and this is probably the one thing that makes me the most proud of myself) I was in the right state of mind enough to calm him down, saying that we are brothers and we fight, that doesn't mean I need to respect him as an adult, I respect him as a brother and a fight shouldn't make him act like that, and it shouldn't make him expect me to be perfect or treat him like anything more or less than a brother. I also apologized for the things I said. He started crying, and stood me up and hugged me, sobbing (definitely the first time I saw this) and I started crying as well. He was incredibly embarrassed and ashamed for hitting me, and I was for egging him on. He called me the next day and he felt horrible for a long time. This event, as stupid as it was on both of our parts, brought us a lot closer, and we have had many many more close conversations where we can relate to each other since this happened.",1,1
In the winter of 2009 I was accepted into Conn,1,0
"I became a big fan of ultimate frisbee over the course of high school. There was a pretty clear hierarchy in my school, with each grade teaching the one below it how to play. The summer after my sophmore year I wasn't much good yet, but I was decently athletic and one of the better players within my grade. That summer some of the kids who were home from college starting having big pickup games for the better players in town, and me and a couple of my friends in my grade were invited. They were a lot of fun, but one stands out in particular. We played one evening on the school football field, and there was a massive thunderstorm. Rather than get under cover, which would have been far too smart, we kept playing, and it was a fantastic game. The lightning and thunder just lent the whole event an epic feel, like something out of a movie, and it was the first time I ever played ultimate on anything resembling a high level. I still love and play ultimate, so that game feels like the start of something that I really stuck with throughout the next few years.",1,1
My Mother was a bad woman she left me and my brother and My dad for a guy who worked in a hardware store.My dad was a disabled Veteran. when he go sick off she went with the new man leaving me and my brother dad raised me and my brother the man struggled to make ends meet. he was a great man he cared about us never let us down You know she was a bad woman she thought of herself no one else,0,0
"I got very sick with the flu and it turned into pneumonia I remember my mom took off from her job and took care of me. She brought me soup, read to me, put a wash cloth over my head and took me to the Doctor to get medication. I recall this memory because it was the most love my mom showed to me. She knew I was very sick and was by my side the entire time. I never had a close relationship with my Mom, She was not the type to say I love you but after this happen we became much closer. When I went to the doctor and got medicine it was expensive because I did not have insurance. My mom borrowed the money and made sure I got my much needed medicine.",0,0
"My Parents were mean to me. My older Brother was the apple of my dad s eye. my dad never was nice to me. I would feel so sad. My brother would tease me.I felt like I never wanted I began to feel distant and so unwanted by My family. To this day I do not like my Brother. When dad passed he said Good we got rid of the problem mean dad.. he was is control of dad s money to the tune of $700.000.00 which He took off somewhere We had no clue where he went,, years later He told us by that time Mother died I was left with taking care of Mother for 5 years It was very bad because she was a complete mean cruel person for 6 years dad took off with a woman Mom made me work in a bakery i was 13 working at night Friday Sat Sunday.. Frying donuts getting burned late at night i was so abused get the 50 pound bags of flower I was about 70 lbs I had to carry a 50 pound bag of flower to bake the food then the police would show up and I had to hide in the basement so I was not exposed as under age.. I would not get Salary but Joe the baker gave me food donuts butter orange Juice..as salary in school i would fall asleep because I was tired.. life was hell that is my memory about my parent 2 mean people only My brother the perfect one..he would not work",0,0
"My dad was always on leave for the military, so i remember the thrill of seeing him when he came home. I remember kissing him goodbye when he left, but more importantly, i remember how excited he was to step off of his ship. My brother and I would always argue over who missed him the most. We would go out to eat, go to the movies, and go play at the park for a week straight until he had to go back to work again.",0,0
"My dad is a pastor, and throughout my childhood, there was no doubt that his job was important, the most important thing for our family. And we couldn't argue with that, because his work was God's work, wasn't it? So if God called him to become a pastor, he had to do it. If God called him to become a pastor of some small church, that meant he would uproot our family--me, my two older brothers, and our mother--and we would move away from our home, our friends, whatever life we had so that he could follow this calling. Anyway, one memory I have that encapsulates this is a family vacation that never happened. It never happened, because even though we'd planned it in advance and were ready and excited (I think it was a combination camping trip and amusement park visit), at the last minute, something happened in the church. An older member of the congregation died, I believe. And of course, my dad had to do the funeral. So our family vacation was abruptly, unexpectedly cancelled, with no attempt at rescheduling, because of this church emergency. And I know that it was an emergency, and it was tragic, and there were all these other factors involved, but at the time, as a little kid, I remember just feeling angry at my father and angry at this realization that his work would always come first in our family.",0,1
"It was my parents anniversary (valentine’s day) my brother and I found old sheet music for “The Anniversary Song” and proceeded to try to play it on the piano, or sing it. My mom yelled at us to stop. I didn’t understand why she shouted at us and why she didn’t want to hear it. Ended up this was a few months before my mom served my dad divorce papers.",1,1
"My parents have had a very rocky relationship the past couple of years. It started around my senior year of high school. There was a lot of domestic violence and it took a toll on my mental and emotional health. My relationship with both my mother and my stepfather has been up and down for the past couple of years. My mom ended up in rehab for alcoholism last year and my parents have since split up. My mom and I both moved out of the family house and have been living on our own. My stepdad and my mother still have not finalized a divorce because both of them are really spiteful and neither wants to pay for it so they are separated but still legally married. This has made going through college and now transitioning to law school very difficult because I do not have much support from either of my parents as they are both struggling. I do not speak to my biological father as he has never really been there for me and even when he attempted, it was short lived and I went back to not speaking to him because he cannot keep promises.",0,0
"My father often took me out to a local church at night and we watched bats flying around and hunting the bugs. We stopped there every night at the same time and sat on the same tombstones. It was always the midpoint in the day and it was bright enough to spot them, but not dark enough to be pitch black. This was before he passed, and the area is always going to be in my heart and memory.",0,0
"My father committed suicide when I was 19.
 The last time I spoke with him I was angry that he was supposed to spend time with my younger brothers and he didn't show up - I told him to ""call me when you grow up"" 
 He shot himself in the chest a week later- called 911 acting as someone else to report a shooting. EMS went to the apartment and knocked, but they left after waiting a few minutes because the police never showed up. 
 He bled to death while paramedics were sitting in the parking lot.",1,1
"During one of our many arguments during my childhood, my mother stormed off into her room. I followed closely behind her and watched as she threw her hands into the air, stared up toward the ceiling, and snarled, ""God, WHY did you give me children?"" I don't think she knew I was directly behind her and could not only hear but see as she lamented the fact that I existed. My younger sister was nearby too; we both heard it. We were young, elementary school aged, and although I'm sure we were disobedient and obnoxious, we had done nothing to warrant being literally wished out of existence. I remember feeling hurt but also perversely glad she had articulated that, since it always seemed she was thinking that anyway - now I had proof. When I'd bring it up later she'd get angry at me for suggesting such a terrible thing and insist I had heard her wrong.",1,1
"I was around 11 or 12 at this time. My family was going on vacation to Florida, though it was just me, my brother, and my mother. My father was unable to get off of work at the time. While driving to Florida, I was attempting to recalibrate our GPS, which continued to give us wrong directions as it could not figure out where we were. In trying to fix it, my mother--who commonly had a short temper--asked me why it wasn't work in a harsh, yelling tone. I responded back with a yell, and she slapped my thigh hard enough to leave an imprint on her hand. She never apologized, and it solidified her as someone I could not really trust or be fully open with as she felt physical violence on her own children was okay.",1,1
"My parents bringing me to their friend's party when I was 4yrs old. It was late and rowdy and they set me on a table, gave me a toy, and left me there for the night while they partied. Likely they were using drugs. I was already a fearful and anxious child. I felt confused, scared, and abandoned. This is the first memory I have where I felt like me parents were not protecting me.",1,1
"I came out to them when I was 18, and they were very accepting. Before that, my dad would always complain about Miley Cyrus, but after I came out, and my dad realizing she was queer and a big supporter of queer rights, he started what felt like intentionally mentioning his like of Miley Cyrus--like my coming out shifting his thinking of her import. That felt special that I had an affect on him",0,0
"When I was a young child, my father was in the Navy. He would go on deployments pretty often. I remember being about 7, and he carried me from my bedroom out to the car in the early morning. I was wrapped in a blanket, pretending to be asleep. He, my mother, and I drove to the Navy base to drop him off at his ship. When we got there, I continued to pretend to be asleep, because I was sad and didn't want to say goodbye. My father kissed me on the forehead and didn't wake me up. After he shut the car door, I cried into my blanket. I didn't see him for a few months after that. I think about it all the time, because only a few years later my father left our family and I didn't see or hear from him again for many years. I was used to the feeling of not saying goodbye to him.",1,1
"When I was about 13 years old, we took a vacation to stay at the beach in a small camper in a campground about a short walk from the ocean. During that vacation stay, I had an orthodontist appointment/check up on my braces. My mom dropped me off to run some errands and said she'd be waiting for me to pick me up after. This was before cell phones. My appointment didn't take that long. I sat in the waiting area for my mom thinking it would still be a while before she was back. I waited for what seemed like an appropriate amount of time and looked out the window. I thought she wasn't there because I didn't see her. Apparently, she was there, but I just didn't see. I kept checking every few minutes, but still didn't see her. Finally, she came inside to find me, and when we got out in the car she was extremely upset. She asked about the appointment and I explained that it wasn't that long but I didn't see her. All I remember from that point was her being so angry with me that she grabbed my arm and she wrapped her hands around. Then she dug her fingernails into my skin so hard that I bled. I do not remember the words she said but I am sure they were derogatory. I just remember feeling so ashamed and like a failure, and it was all I could think about for the remainder of the trip.",1,1
"I remember how proud my parents were of me at my high school graduation. I guess I forgot how much of a milestone that was because I tend to be more ""practical"" and saw it as a means to an end, a step towards a larger goal. It may seem like a little moment, but I really valued the way they looked at me and felt validated by it when I wasn't aware that I was looking for the validation. It made me feel closer to them even though it wasn't a real heart-to-heart moment.",1,1
"When I think about my parents I think about sitting in the car and talking on the phone to my dad. I was young, in the back seat. My mother talked to him first, and passed the phone to me. I remember that at that time, I knew they were separated or at least that my dad was only going to be available over the phone. I remember thinking about being happy to hear his voice, and this memory always leads down a hole of other memories surrounding my father during that age, since there were very few and I cherished them all so much.",1,0
"My parents divorced when I was about 4 years old. There were a lot of child support battles because my father was a heavy drug user. I remember being taken to my mother's law office, Micheal Friedman was the lawyer's name. I was about 5 or 6 years old. My mother wanted me to show him what I had learned in one of my visits with my father. She handed me a small square of paper and placed Mr. Friedman's ashtray in front of me. I then used the ashes and paper to roll a joint with one hand.",1,1
"I remember when I was younger, my brother had joined the gay-straight alliance club at the high school he went to. My dad was very mad at him and he kept accusing my brother of being gay. I just really remember how ignorant he was. My father went off about how transgender people are mentally ill and gay people should just shut up and keep secret. I didn't understand why gay people were so bad but I was sure he was wrong. I was so sure that they weren't that bad.",0,0
"One self defining memory I have of my Mom is when she was comforting me after a breakup. I walked upstairs crying, telling her I was an idiot, and all she did was grab me and hold me tightly against her chest. She didn't say a word, she just let me get it all out. This was a huge milestone because I never really show emotions with my parents. I am pretty independent and closed off, and honestly uncomfortable showing emotions to almost anyone (besides the ex I was crying over). This continues to replay in my head almost everyday, because it was just so comforting to me.",1,1
"The summer before I entered tenth grade, my parents had constant fights and were clearly going through a rough patch in their marriage. Some of the fights left me hoping they would soon get a divorce so I wouldn't have to hear them anymore. Since then, things have gotten a lot better in the sense that the fights are no longer long, loud, or embarassing. Their marriage still seems strained, but they really aren't a rough domestic low-income type of constant fighting. This summer was very sudden and shocking for me and my two younger siblings.
 
 The particular memory was during this summer. My parents were screaming downstairs, mostly my dad yelling at my mom. My sister (4 years younger than me), brother (6 years younger), and myself were upstairs in the bedroom my sister and I shared, playing a game of Sorry and all of us pretended we weren't scared. We live in a rural area, so our neighbors are spaced out and I had always assumed the sound didn't travel to the nearest family. After some time (maybe 30 minutes, maybe several hours, I can't be sure) a police car pulled up our driveway. It was dark outside, and during the summer it must mean it was 10pm or later by the time the cop came.
 
 I opened my bedroom door to go down the stairs because I heard dad yelling for us, asking us which one of us called the police. My mom was coming up the stairs and I remember him pulling on her ankles from behind her. My dad has bursts of violence, but always in the way I assumed all dads had. But maybe for the second or third time in my life, I was really scared he might hurt someone. But I didn't pity my mom either. I was mad at both of them. ""We didn't call the police,"" I had told them from the top of the stairs. 
 
 I turned around and went back to my bedroom. I think my brother was crying. None of the three of us talked to the police or to my parents for the rest of the night. My parents have never spoken about this night even though it's been 8 years since.",1,1
"My parents divorced when I was two years old, and my dad lived twenty minutes north of town. When I was in elementary school and I was staying with him on weekend, he would always tear me down with words. One night, the words turned into violent action. I was brushing my teeth, and he came in the upstairs bathroom where I was brushing my teeth at. He stated that he did not like the way that I was brushing my teeth, so he grabbed the toothbrush from me. He placed his hand on the nape of my neck and used the other hand to aggressively brush my teeth. I tried to run away from him to go get his wife because I was scared. When I tried to do that, he grabbed my hair and pulled extremely hard. He then dropped the toothbrush and choked me. I felt like this memory lasted forever, and I refused to brush my teeth for awhile.",1,1
"The first time I came out to my mother I was in 11th grade. It was around 11pm and she had come in my room say goodnight. After she told me she loved me I hesitated before saying, ""Mom...I think I like this girl in my cooking class."" She sighed, kneeled by my bedside, and told me, ""Honey, when you've got three kids, and the youngest is dead and the oldest is retarded, you learn what really matters. All I want is for you to be happy.""",1,1
"I remember I was about 9 or 10. My parents were in the middle of getting divorced and I was confused about the whole thing, seeing as I was pretty young. My mom had cheated on my dad and was moving out of the house. She packed up all her bags, moved everything out, and got in her car to leave. I remember being in her closet upstairs looking out the window and watching outside as she drove away. I was crying uncontrollably and thought I would never see her again. That wasn't the case, but in that moment, I truly thought she was gone forever.",1,1
"Up until I was ten years old, I never knew that Mickey Mouse, or any other Disney character, existed. My parents vehemently boycotted Disney for the majority of my life due to the company allegedly supporting ""the homosexual agenda."" I was forbidden from watching Disney channel, and had little to no exposure of the Disney universe, which is almost unheard of for an American child in the early 2000's.
 
 I remember the day that my mom announced Disney fired an LGBTQ executive, which meant that the company was no longer supporting the ""homos"" and we were now able to watch Disney. I was extremely excited, and we stopped by the DVD store on the way home from church to rent a Disney movie. At the time, I wasn't exactly sure what a homosexual was, but I knew it had to be something horrible and nasty if it caused my parents to boycott the company for a decade.",1,1
"I came out as gay to my mom during spring break of my sophomore year of college. I was back home for spring break. I remember being nervous, and I came up to her in the kitchen while she was cooking. I told her I needed to tell her something and starting crying a little. Then I told her I was gay. She started hugging me and told me it's okay. I don't remember much else after that. I think she asked if it was okay for her to tell my dad, and I said it was fine.",1,1
"I remember once that my mom was very angry at my father for something, but we didn't know what it was. She had us pack up things for the weekend and she took us camping alone. We normally would have gone camping t with both parents and a larger group of people. We went to the same campsite we always went to in Wildwood, NJ. He didn't come. I remember us driving down, but don't exactly how much my mother told us about going without him. I remember we went later than we ever did because we arrived at night. We stayed there a few days and I remember it being a good trip although it was clear that they were fighting and he was not welcome.",0,1
"One memory that I return to from time to time occurred during an ice show while I was in high school. I am a figure skater, and in high school, I skated twice a day most days and coached at my rink. I had put a lot of time and energy into landing a particular jump, and was at the point where I could consistently and solidly land it. Ice shows were a big deal at my rink; they went for five days and each night was always sold out. Having a solo routine (as opposed to just being in group ones) was also a big deal; this was only my third time having one. That night, my mother and her mother were in the audience. This, again, was a big deal-- my grandmother is a little old (90+) Chinese woman who lives in California and doesn't visit us (living in Chicago) often. The first half of the show went well. My solo was in the second half. I was warming up for it on the smaller ice rink when I attempted that one jump and fell awkwardly. Instant pain. Shock, then tears. At first, I couldn't walk. Eventually, I made it backstage to a medic, who confirmed the sprained knee, tendonitis, and bursitis. Any time I tried to move or put weight on my leg, there was screaming pain. The attendants needed to know if I was going to skip my solo. I couldn't skip it. My mother and grandmother were in the audience, I worked all year for this weekend of shows, I was lucky to even have a solo; it was a big deal. So I pulled myself together. I tried to smile instead of cry. I went out and skated the solo--I just didn't attempt that one jump. And afterwards, I went into the stands, and told my mother what happened. I don't think my grandmother understood. And I know that neither of them were that disappointed in me and they both just wanted to see me skate, but I also know that my mother was just as excited as I was when I started landing that jump. And before I got my license, she was the one driving me to the rink every morning at 5 AM and every day after school. So given all that, in that moment, it was hard to feel like I did anything other than let them down by not landing that jump in that program. As a self-defining moment, I think it speaks to my tenacity and resolve in everything I do, along with a sometimes malignant desire to hold my parents together and be a light for them.",1,1
"I moved from a small town to a larger city to attend college. My parents helped me move into my dorm my freshman year of college. After unpacking my things and getting settled into my new space, it was time for my parents to leave. My father cried. He continued to cry and made me feel bad about moving away to fulfill my goals and dreams. He wasn't able to hold himself together enough to drive home- my older brother had to. My mother isn't a very sensitive person, so she didn't do much to resolve the situation. Throughout my life my father has made me feel bad about doing what I feel is right for myself. He thinks many of the things that I do are to intentionally hurt him. This is a memory that I often come back to when I think about talking to my parents or giving them an update about my life- they showed that day that they can't handle my independence, so I've chose to keep them held at a distance.",1,1
"I was getting ready to go away to college. I had recently come out to my sister but had not yet had the courage to speak to my parents about it.
 
 I started with my mom - my dad was deployed so I didn't have to ""worry"" about having the discussion with him yet. I don't remember what I said to her, but I remember her breaking down crying, saying ""I don't want you to get AIDS and die."" It wasn't said to be spiteful, hateful, or discriminatory - she had seen the AIDS epidemic wipe out so many people.",1,1
I remember that my grandparents took care of me as a child when my parents would be at work. They had a farm and my grandmother and I would walk in the garden and talk. I remember her loving an arbor my grandfather made for her. I remember how the light came through the leaves. This is still one of my happiest memories. I feel perfectly safe and use this as a happy memory.,0,0
"I asked my parents if we could meet up. So we sat down on the couch in their living room and I told them that I am gay. My mom immediately burst into tears and my dad just sat on the couch in disbelief. They then started to try to prove to me that I am not gay by recounting old memories. After I finally convinced them, the grief set in. They started to talk about what this would mean for them, for our family, for their friends, and finally for me. They told me that I have destroyed our family and that my dad could lose his job if this came out. They asked me to not tell anyone else. I will never forget that moment.",1,1
"I had a self injury problem when I was a young teenager (I was later diagnosed with PTSD). Despite the support of my parents, partner, and a number of mental and physical health professionals, I struggled with it for a while before I was able to stop (fortunately this hasn't been a problem for me for almost a decade now). After a particularly bad episode, my dad, who is usually a lighthearted goofy guy, came into my room to have a serious conversation about my problem and how he could help me stop. I was sitting on my bedroom floor working on my homework (I had a desk but found it impossible to keep clean). He came in and sat on the floor with me and started asking me about my self injury problem, in a gentle and sensitive way. It was clear that he was just trying to understand and help, and I wanted to give him solid answers, but I struggled to express myself in a clear way. 
 As we were talking, and he was trying very hard to understand my poorly worded answers, he started tearing up. I has never seen my dad cry before, not even when his sister died several years prior to this. I have only seen him cry twice since (once when his mother was near death and once on my wedding day). In retrospect, this was one of the first times I realized how much my life impacted other people, even when they weren't showing it externally. I desperately wanted to give my dad the answers he was looking for, but I just didn't have the words, and I felt horribly guilty, although I could tell he wasn't trying to make me feel this way. Eventually he realized I had told him all that I could at the time and left the room so I could finish my homework",1,1
"As a child, I was something of an anxious overachiever. I was constantly asking my parents to help me study for tests or review my homework to make sure I'd done a good job. They never did. They usually said something like, ""I'm sure it's fine"" or ""you know you're going to get a 100."" However, when I was about 10, there was one time when my mom was out of town that my dad took me to a Chinese restaurant. It was quiet, and it was very rarely just the two of us, as I have six older brothers and sisters. I tentatively asked if he would help me study for my spelling test, and he actually agreed. The next 30 minutes, in which my father helped me study spelling, was the happiest time I've ever had with my father.",1,1
"The first memory I think of that fits the memory criteria is in regards to my dad. I don't remember exactly when this took place, but I know it was at the end of elementary. My dad had anger issues, and we all knew it and never talked about it. He had exploded in anger before, hurling things out of windows and shouting so loud you could hear him on the other side of the house. It wasn't as bad as you see on tv or in movies, but it wasn't a pretty sight. Anyway, this one time he was incredibly mad and he was fighting with my mom. I've always been closer with her than with him - she and I were more alike. He was raging and it looked like he was going to get physical so I stepped between them and tried to calm him down. Next thing I knew he picked me up and threw me to the side. I landed on a laundry basket, breaking it. He then stormed out of the house in a rage, slamming the door. I would say there was silence after that, but I'm pretty sure we were all crying.",1,1
"when I turned 18 they found a tumor in my brain and I dropped out of my first semester of college to have surgery. I wasn't scared or nervous about brain surgery but both my parents were. My mom had to go onto anxiety medication for a couple months because of it. But the worst part about the whole experience was when I came out of surgery and woke up. Initially I was on heavy medications but every once in a while my medication would wear off and I was left in pain for a couple minutes while I waited for the nurse to come and administer it. One particular night it happened it was just me and my dad in the hospital room. I woke up around midnight and could see, hear, or talk because the pain was so bad I just remember kicking my legs to get someones attention. My dad had immediately called the nurse but it was just me and him there for a couple minutes. I remember crying and begging for help and looking over at my dad who was crying next to me because he couldn't do anything to relieve the pressure in my head. The only other time in my life I have seen my dad cry was when his mother died a year or two before this.",1,1
"I remember when I came out to my parents. It was on the scariest moments of my life. Well actually, my mom was the one who walked in on me and I had begged and pleaded with her that she does not tell my dad. She ended up telling my dad and I ended up getting kicked out of the house when it happened. My relationship with them suffered due to this, but I still have a very deep love for them both.",1,1
"When I was 8 years old, my dad was arrested. I remember him dropping me off at the bus stop in the morning before school, hugging and kissing my sister and me good bye, telling us to have a good day at school, and that he would pick us up after school. When my sister and I got off the bus after school, no one was there to pick us up. My sister said we could just walk home. I wasn't sure about this idea because a couple of years earlier we had gotten in trouble for a similar situation but I usually did whatever my sister told me to do. 
 That night at dinner, we were having tacos, my mom told us that our dad had been taken to jail and she wasn't sure when we would see him again. I remember having just taken a bite of food and beginning to cry with the food in my mouth.",1,1
"I am seven years old. My mother has recently been released from jail after being arrested for driving under the influence and petty theft. I have been staying st my father and grandmother’s house when my mother picks me up and takes me to the arcade to spend time with me. We have our photos made in a picture booth and trade in our tickets from the games for a frisbee. She promises that she is not going to drink anymore, and although it is a promise I have often heard before, I believe her.",1,1
"I was 17 and it was a really warm and sunny day sometime in the summer / late fall. I had moved out of my parents house for a brief amount of time to live with my aunt but had come back home after she kicked me out as well. 
 I had been dating a girl for several weeks and was desperate to move back out of my parents home. She invited me to move in and so I decided to tell my parents I was a lesbian. 
 
 My mom came home and I went downstairs to our basement where she was and told her I was moving out. She asked where I was going and I said I was going to live with Rachel. She said OK. I asked her ""you know that we are dating, right?"" and she said she did know, and didn't understand it but as long as I didn't tell my siblings then she couldnt stop me. My siblings were about 9, 10 and 15 at the time. 
 I began arguing with her and said I should be able to be out and open and bring home my dating partners for holidays / etc just like I would be able to if I were straight, and we began to argue about the issue heatedly. My dad came in to see what was going on and essentially said my siblings didn't need to know about my ""sexual preferences"" and that was the end of it. 
 I packed up my stuff, left and barely spoke to them for years.",1,1
"Growing up, I was never close to my dad. We fought a lot in my childhood, and grew even further apart as I grew into a teenager. Surprisingly, when I moved away to college at 18 years old, that changed. I remember my dad helping me move into my tiny dorm room. He didn't talk much. After helping me carry everything into my room, he hovered awkwardly. For the first time I can remember, he cried. 
 
 That night, I got an email from my dad that I have saved for 8 years now. The subject was ""ramblings from dad"". It must have been 20 paragraphs long. My dad expressed his love and admiration for me. He said that he'll miss my laugh. He said that he knew I would be successful ever since I was on student council in middle school. He said that he wished my mom and brother were silly and goofy and like me. He ended the email with ""olive you"". Since that email, our relationship has changed. We text each other daily. I have dinner with him weekly. We're closer than we ever were before.",1,1
"When I was in elementary school, my parents signed me up for an IQ test to be admitted to the ""gifted"" program and didn't tell me about it. One day in third grade, an adult I didn't know came to the classroom, asked for me, and my teacher told me to go with them. We went to a tiny room and, to my knowledge as a third grader, played games for about two hours before I returned to class. I didn't think it was anything special, but when I got home and told my mom what had happened that day, and that I wish I hadn't had to miss class, she started crying and apologized. I couldn't understand why she was upset. She kept apologizing for not telling me, for not talking about the decision with me, and I couldn't understand for the life of me why she was having such a strong reaction to what I though wasn't that big a deal. 
 We haven't talked about that event since, but there have been a lot of other times where, as I've grown up with anxious, perfectionistic, self-disciplining tendencies, that my parents have talked about feeling like they set me up to fail, that they put me in too many situations where I was rewarded for academic achievement. I still don't completely understand what was going on during that memory, but it makes me wonder how much stress my parents put on themselves trying to raise me, how specifically they imagined my future, and the extent to which they've navigated the balance between letting me choose who to be and making decisions based on what will set me up to achieve to their standards.",1,1
One of my memories is hanging out with my mom while she quilted in the front room. I would often dump out a bucket of Legos on the carpet underneath the quilt that she was working on at the time. It would be a time to talk and just to be together in the afternoons after school. Oftentimes it was just me and my mom but sometimes my brothers would be there or the dog.,0,0
"When I was in first grade, my middle sister was in high school and our oldest sister was away at college. My middle sister was struggling with an eating disorder and in full on teenage rebellion. I remember being in our living room and staring at the corner next to our upright piano trying to disappear because my mom was screaming at my sister and I couldn't make it stop. I couldn't escape. I think my dad was downstairs in my sister's room with my mom and sister. It was fall or winter because it wasn't very late but it was dark outside. The TV was on in behind me either PBS, ""The Nanny"", or ""Jeopardy"" because we didn't have cable.",1,1
"The last time I saw my mother, she was laying in a hospital bed. Her mouth was open, she was wearing the peach turban that covered her head when she had gone bald from chemotherapy, and I'm not sure if she was alive or dead in that moment. It was all a blur and yet I've never gotten that image of her laying in that bed out of my head in the nearly 23 years that have passed since she passed away that October morning.Someone, I believe it was one of her doctors, said that I had arrived ""just in time"". My father was already with her - she had been rushed to the hospital the night before, where he remained overnight while I stayed with family friends up the road, as I'd done almost every time she had to stay for chemo treatments, surgeries, or whatnot. Somehow, this last time all felt different, like I knew on a very visceral level that something was wrong. I can still feel just how overwhelming it was. Sadness, confusion, anger, being shuffled into that hospital room to ""say goodbye"", which I couldn't because too many people were around and I was scared. A scared teenager who had no idea how to cope and was so overwhelmed emotionally it was almost as if I had to ""perform"" the act mourning my mother's loss. To this day, it bothers me that those last moments in the hospital are often what comes to mind when I think of her. I hate that it overshadows her warm smile, the laughs and good times we shared, and how loving and beautiful and vibrant of a person she was. That hospital room is the lens of grief that I can't seem to remove when I see my relationship with my mother and the years I've lived without her.",1,1
"My mother was going back to college in the evenings (while working full-time) when I was in grade school. My father was a family attorney who did a ton of divorces. He'd often take me out bowling or for pizza on the nights my mom had class. He was terrified of divorce and losing custody of me. I remember sitting in the side booth of Pizza Hut when he went on and on about how other dads at Pizza Hut probably thought he was divorced too, and that if my parents ever got divorced, he would never, ever agree to only see me every other weekend. I distinctly remember eating pineapple pizza and nodding. I was 6 or 7 and had no real idea of what he was talking about. To this day, my parents are still together. I think about this a lot because my dad and I are incredibly close and confluent in our emotional lives.",1,1
"My memory is of complaining that my tooth was broken and I told my father I was in a lot of pain. I was crying and asking for help, but he got angry with me. He didn't comfort me and then opened his mouth. He then said ""Look at my teeth!"" and acted as if I shouldn't be crying out in pain or asking for medical care for my tooth issues because he had worse teeth. I remember feeling guilty for needing help. I stopped telling my parents when I had aches and pains out of fear of their reactions. I also remember complaining to my mother and she sighed. She ignored the problem as well.",1,1
"I remember when I was in grade 2 or 3 when I came home and found a green metal lunch box with a few gadgets in it that my mom had purchased for me from Ebay. I remember this as a positive memory because I don't think I remember her getting anything for me that wasn't necessary during that period of my life. We weren't well off at all, and my dad was a little emotionally abusive when It came to spending money, so I remember It as a really self less act on her part that she did solely to make me happy, and not as any sort of necessity.",1,1
"An important memory was when my parents visited. Since I moved to Texas 5 years ago from California, I hardly get to see them. I remember setting up a tv mount with them. It was frustrating and difficult because the instructions weren’t well illustrated, but despite the frustration and the tension, we were able to mock the instructions and find ways to laugh about it. Flailing the papers around and using silly voices to read made it feel comical rather than stressful by the end. It meant a lot, that my family was there. It meant even more that we still found ways to make do with a smile even in frustration so that we could enjoy our limited time together.",1,1
"When we lived in our first house,a three bedroom, 2.5 bath house on the corner, there were times that we didn't have a lot of money so vacations and other things that were normal for my classmates as a child, road trips, gaming systems, non-hand-me-down clothes, were few and far between. One way my parents tried to still expand my siblings and I's growth and understanding of the world was through music. We didn't have much but we did have a media player that could play CD's, cassettes, the radio, and it was hooked up to my dad's record machine. My siblings and I would have dance parties to my parents old records and songs that were on the radio, one time my younger sister and I had a flashlight dance performance for our parents and my mom had to reassure the neighbors who called that yes we were home and that no no one was breaking into our house. Another time during a family dance party, ""Tubthumping"" by Chumbawumba was played and I can remember dancing around the living room with my mother and every time it would get to the chorus and they would sing ""I get knocked down but I get up again,"" my mom and I would hold hands and shimmy down until we were both crouching on the ground or in some cases accidentally letting go and both of us falling backwards onto the floor.",1,1
"When I look back one of my earliest memories that brings on a smile is when mother tried to teach me how to whistle. I was terrible at such things. But she wouldn’t give up. This stuck with me because when I got older I always remember how I practiced and practiced and finally became good at whistling. It was a life lesson never give up and practice does make perfect. We used to watch Sesame Street together. I would sit on her lap, leaning on her chest and learn numbers and alphabets with her helping me out. We used to make audio tapes of my non-stop banter which my mother still has to this day.",0,0
"When I was about 4 years old, my mother picked up my brother and I from my grandmother's house after she got off work. When we arrived home, my dad was there. We were all in the computer room when my mother found a purple pager laying on the desk, presumably belonging to another woman. My mother screamed and cried and my father denied the allegations.",1,1
"One defining memory that comes to mind is regarding my father. When I was young, I spent school breaks and half of my summer vacation at his home in a different state. I vividly remember being very emotional and upset leading up to each and every visit I made to his home. One memory in particular, I begged and cried to my mother to not make me go to his home because he was mean and unpredictable. Unfortunately, there was nothing she could do to prevent the visit, as they were legally mandated. In an attempt to avoid going with him when he arrived to my mother's house to pick me up, I hid between the mattress and box spring of my bed to try to ""hide"". This was the exact moment I remember beginning to ""hate"" my father, which eventually spiraled into a series of fights, and abuse by my father.",1,0
"When I was born my biological father left my mother at the alter, so I never knew too much about him. I remember, when I was five years old and he decided that he didn't want to have visits with me anymore. I carried the weight of feeling like I was not good enough for years, constantly trying to figure out who my father was. My mom went on to marry my step-dad, but we were never close and often times argued. I just remember feeling upset and alone. I always had it in my mind that I wasn't good enough and that was why my biological father left. I mean I understand now, that he left because he wasn't happy, but at a young age it still hurt.",0,0
"In regards to a self-defining memory about a parent, my mind jumps to my mother. This memory is from childhood, from when I was about 10 or 11 years old, it was the Summer of 5th grade. As a family, we had a difficult year that year, my sister left for a semester abroad, and my mom's panic disorder had a flare up of intensity. I remember helping my mom through a particularly bad episode. There had been a few bad panic episodes leading up to this situation, where my mom had called 911 because the physical symptoms she was experiencing were severe. During this panic attack, we were both in her room, sitting on her bed. We had our dogs surrounding us, as they had a grounding affect on her at times. I remember sitting in front of her, with the landline phone next to us. She was talking about needing to be checked into an in patient facility and we were trying to go through our breathing exercises. I remember just looking into her eyes, and keeping my breath steady. I was just trying to stay solid, grounded. And after a long time, it passed, and we just rested afterwards.",1,1
"When I was in kindergarten, my dad was a police office and was arrested for illegal drug use. I remember seeing it on TV. He was in prison for a few years and I remember taking trips to visit him as a family. It was a weird experience and one that I didn't fully comprehend being so young. After he got out, it was difficult for him to gain a job at some points. We moved so that I could go to a private school and that is one of the things that I try to focus on when thinking about it. He put a lot of effort into making sure his kids didn't go down the same path and did as much as he could to support us while I was growing up. I barely ever talk about it with anyone but it is still something I think about a lot, especially what others would think about him if they knew.",0,0
"When I was 16 or 17, my mom found out I had been self harming. She had gone through my computer and saw something I said to one of my online friends about it. I had been in my bed, but not asleep, when she opened the door and turned on the overhead light and asked me, with anger in her voice, ""Where have you cut yourself?"". I felt like my heart actually stopped beating. The light was so bright but the words she was saying and the look on her face were so dark. I couldn't speak. It felt like there were hands around my throat. When I didn't answer she told me to get out of bed and show her my legs. I did, but not where most of the cuts and scars were... just a few.She told me to come with her downstairs. I did, and my older brother was waiting for us. She yelled at me. She wanted to know why I did it. When I told her I hated myself, she said ""We all do. But that doesn't mean we go around cutting ourselves."" She never asked me why I felt that way, or how she could help. She never told me it would be okay. She didn't tell me she loved me. She continued to yell, told me she regretted becoming a mom. That it was unfair of me to put her through ""this shit"". I cried so hard that night and I felt so very very alone. My brother was quiet, and I spent the night in his room. I cut for three more years before working through it on my own.",1,1
My mom had me when she was young with a man I don't know. My dad adopted me when I was 2 but I did not know this until I was about 12. When I was around 5 or 6 they were fighting and my dad said he was leaving and told me I was going to end up with another (third) dad. I did not understand what he meant at the time but knew he said it to hurt my mom.,1,1
"The self-defining memory I have for my parents is of my mother and father. My father was very abusive towards my mother as I was growing up, and the night, in particular, has to do with the night that he was arrested for domestic violence. My mom had taken me to softball practice out of town while he took my sister and brother to my sister's softball game in town. My mom and I arrived back home before they did, and I raced to get ready for bed before he got home so that I would not have to talk to him. I raced to bed just as he was coming in the door. I put in my headphones and pretended to be asleep when he came to tell me goodnight. I fell asleep not long after, and the next thing I remember was getting a phone call from my mom a few hours later. I thought that it was weird that she was calling me because she was right down the hall from me, but I answered and immediately knew something was wrong. She asked me if I was awake and listening and told me that she was driving to the hospital with my father chasing her. She had called the police and they were on the way to the house. She had barely been able to escape as my father tried to strangle her. I checked on my siblings and told my sister to go back to bed that everything was okay and my brother was still asleep. I got the dogs in my room and a baseball bat for protection. My father arrived back home before the police got there, and he came upstairs and woke me up from my fake sleep in order to tell me that he was about to be accused of something that he didn't do. He then ran back downstairs, and I watched him in his room until the police came a few minutes later. They handcuffed him and took him out to the police car. They then came and got me and my siblings and told us all to pack bags that we were going to stay with our grandparents for the night. We went to their house and were put to bed but I didn't sleep. My mom and grandma showed up later to take us to my grandma's house.",1,1
"While I was in high school I was expelled for some stupid and silly action I did. My mother came to school to pick me up after the principal called her. As we were driving home I told her I was sorry. She also did not seem upset so I asked her why? She said that sometimes even if you did something wrong and everybody seems to be against you, it is important to have someone on your side. she said, “We are family and I am your mother. I will always be on your side, come what may.” I never forgot that and I have to agree that it made our relationship better and stronger.",1,1
"When I was around 16 years old my father was unemployed while my mother was the only one bringing in any money for the family. Even though my father would say he was working hard on things when I would walk back home from school he would be in the community pool just laying around. The stress put on my mother was great. So my brother an I got together, spoke to our mother. We said we didnt care where we had to go and what we had to do but she had to leave him.",1,0
"As long as I can remember my parents have never gotten along. There is no love or affection only arguing and frustration. A memories that always strike me was when I was in elementary school. From the ages of 4-5 I rarely was home. My parents had me living with several different people, usually people from our church. I would only be home on the weekends, which is when I'd see my parents fight. To this day I've always questioned why I was sent to other peoples homes. My parents worked, but even when I was home they rarely acknowledged me and became angry if I tried to. At the same time they were always angry that I didn't enjoy sports and hated when I played video games. I've known since I was little I wanted to be better than my parents and I'm still striving towards that goal.",0,0
"I feel bad that this is the first memory to come to my mind but I do feel like it fits a lot of this criteria. About 4 years ago, I had a normal dental checkup that my mom drove me to. I was maybe 16 or 17, something like that. We drove to our dentist office for my appointment. My mom is a single mom who often sticks around for appointments and extracurriculars that I have. Sometimes I think about what she could be doing with that time to have her own fulfillment. I dont know, I know she likes sticking around for me because she cares but it seems like she could be doing something cool instead. 
 
 Anyways, I had my checkup and they found 11 cavities. 11. I never even had one before that. They were inbetween my teeth so they were affecting two at a time. I was numb and sad. We're not exactly rich and I am always very conscious about how my life costs money for us. I felt like absolute trash, like even worse than a child who couldn't take care of their own teeth. Children get cavities. Older teens don't and not 11 at a time. I look back on it now, espeically after their fillings didn't hold up and ruptured in my mouth causing me severe pain for days on end, and wonder if I actually needed all of those and if there was something they could have told me before that check in. Whatever. 
 
 Anyways, I was devestated and left the dentist office and walked into my mom's car. I immediately started crying, I felt so bad. From the finances to the shame, it was just a lot. My mom immediately started demanding information on what happened and asked me if they had done anything to hurt me. I choked out a No and kept crying. Then she demanded to know if they had touched me inappropriately. What? I answered No again and then told her that I needed some time to just calm down. So she starts driving and I'm still crying, trying to pull myself together. Then she says ""I suppose if you can't answer then you can't hang out with your friends later today."" What? How is taking away time with my friends supposed to get me to stop crying? Ridiculous honestly! I was annoyed by that which ironically helped me stop crying faster. I eventually told her I was embarrassed and worried about money and she lightened up and started comforting me. But the whole incident really stuck with me, just how much she cared that it really just ended up with her handling it poorly. She cared so much that she was just trying to do or say anything to make me talk and then it just shat on itself. A mess truly haha",1,1
When I was eight my family drove cross country from North Carolina all the way to California. It took us four days to get to our hotel in California. I remember playing different car games and sing a longs during our trip. We would drive all day and stay at a nice hotel each night. I remember my parents planned the trips very well and we had an awesome time. I had been looking forward to our trip/vacation for months because we were going to visit Disneyland while in California. Our hotel was very fancy and had an indoor pool which every night we would swim in. Every night we would eat at a different restaurant and I always got to pick which places we would eat at. I was young and innocent I did not have a care in the world. One specific memory is of riding the roller coaster and the spectacular view I had of the setting sun at the apex of the ride.,1,0
"Divorce of parents at a young age. I think about how growing up with separated parents and their partners afterward has impacted me. It resulted in a divide over different issues growing up, what time and holidays are spent with each parent, created financial issues that probably wouldn’t have been an issue if they stayed together, and more. I also think about how this has changed relationships with me and my siblings, a lot of the time relating to how when arguments or disputes came up and some of my siblings see it more through the eyes of one parent or another.",0,0
"My father came to the door to pick us up for his weekly visitation when I was in fourth or fifth grade, and when i answered the door I asked him why he left my mother for some other lady. He responded, I didn't love her anymore. I made the decision to not fall in love and make a commitment with someone unless I planned on loving them forever and keeping my commitments in life.",1,1
"I don't know where to start, I was raised in a broken home, My mother always worked, My father was in and out and when he was around it was very abusive, When my parents got divorced, My mother started dating a woman, Whom I fell in love with as a mother figure, She was there more than both of my own parents combined, It was easy to talk to her, Because when I was in the 4th grade, I confided in her and told her I liked boys, and she welcomed it with open arms, and said it will all be okay, My mother was welcoming, My father not so much, He hated it so much, That one day in the 6th grade he nearly killed me by putting me through a wall in our home, and started bashing my head into the floor, he got away with it.",1,1
"My parents are very supportive of me. They always ensured that I had all the emotional support I needed. I am very lucky to have kind parents. They were strick but fair when it came to discipline and following the rules. They tried to keep me out of trouble...mostly with success. Every person gets into trouble sometimes, but have a good support system is key to not letting it have a big impact on your life.",0,0
"I remember waiting in the hospital as my father, in his capacity as a pastor and friend, visited a family friend who had just been in a serious accident. I remember reading books in the lobby as my father visited with the family. I briefly remember the husband of the woman who had been in the accident coming to speak with me. I remember feeling nervous, but not as nervous as one would expect in spending time in a hospital. There was large artwork in the lobby where I was sitting. I think the book I was reading was ''Hitty: Her First Hundred Years,"" a book about a doll who had a variety of owners over time.",1,1
"When I was in third grade, I really did not want to go to school. I went to a small school from prekindergarten through 12th grade. My mother taught art for 6-12th grade at the school. The same day my mother had a hair appointment at a fancy salon. 
 I remember refusing to go to class. Crying and making a scene. I don’t remember why I didn’t want to go, but inevitably my mom drove us both home. I remember she refused to talk to me on the car ride home and when we got in the house. 
 Naturally, I felt awful because I made her miss an appointment and her refusal to talk to me only made me feel worse. She went to her room. I went to the kitchen and got a knife. I think this was the first time I seriously considered killing myself.",1,1
"I remember when I was about 5 or 6 my parents had had a fight and my dad took me and my brothers into his truck to take us to our grandma's house. My parents fighting wasn't an uncommon occurrence. What made this night stand out was the fight my dad started with two guys at a gas station on our way to grandma's. While he was inside paying for gas, two guys came up and started to admire his truck. I remember hearing them say things like, ""That's a cool truck"" and ""Looks good."" When my dad came out of the store, he didn't take kindly to these two and started yelling things. Everyone started swinging fists and yelling. Eventually my dad jumped into the truck and peeled out of the station without even getting the gas. As we drove away, one of the guys pulled out a gun and shot at the truck. I can still picture the bullet hole in the back.",1,1
"When I was 15 I had come to the realization that I was gay. I had explored this with guys and found that I wanted to tell my parents who I was. I was raised as a christian and had my mom tell me at one point that if she found out that I was gay she would kill herself. I pushed off coming out for months. Each month had a new event that would come up that I did not want to negatively impact with my news. September, it was back to school season and I wanted to make sure I would have new clothes for school. October, my little brothers birthday. November, my dad's birthday and my older sister's birthday and not to mention Thanksgiving. December, well Christmas of course. January, my older brother's birthday. February, I couldn't ruin valentines days now could I? March, my mothers birthday. Then April came around and I feel in love with my first boy. After a month of dating and sneaking around I could not contain it any longer. The 1st Saturday of may rolled around and I had to sit my parents down and tell them I was gay. I had packed my bags and suitcase with my clothes including the set of dishes I asked for that Christmas thinking Id be kicked out when I came out. When I told my mom and dad that I needed to talk to them both privately my mom yelled at my siblings to leave the room. As if that was not setting the stage for what was to come. I said, ""Im gay."" My mom broke into tears and my dad grew a stoic stern look on his face as he turned and looked away from me in silence. After a few minutes he asked if I had any attraction towards women what so ever. I said no. My mom continued to sob. He asked what he should do given the new information and I said to do nothing. That I only wanted them to know who I truly was. He told me that he loved me and would always love me no matter what. It took them time to adjust to the knowledge but eventually years later and many many arrangements too they grew to accept me openly.",1,1
"The property on which my family lives has a pond in the back field with a crick running to it, which has become wide and deep with mud over the past few decades. When I was about ten years old, one of our horses fell into the crick and became trapped in the mud. My father discovered him late in the morning on a Sunday. It was summer. The horse, Harley, was still alive but had struggled enough to get sucked up to his chest in mud, so that the only part of him above water was his head. He'd stopped panicking and was laying still by the time my father found him. 
 My dad, being the way that he is, sprang into action. He ran back to the house and returned minutes later in waders, rubber boot/pants that extend to his chest and fit like suspenders. He climbed into the muck and attempted to get Harley out by hand, while telling me to run and get others for help. I returned with my grandfather (father's side) who in his early seventies was still very much able to help, my grandmother (father's side) who owned the property we live on and at this point in her life was going about everywhere on a motorized scooter, my mother, and my other grandmother (mother's side). 
 While my father, mother, and grandfather worked to get Harley out of the crick, I stood to the side with the grandmothers. My mother's grandmother, overwhelmed by the drama and not wanting to be involved, left to return to the house. My other grandmother stayed by me. After some struggling, my parents realized this was not going to work, and went to get the tractor and straps to try and mechanically pull Harley free from the mud. 
 This worked, but there are two things that stick with me about this memory. Firstly, my parent's immediate leap into action, so sure that something could be done to save the day and that they would be the ones to do it. I want this to be a defining feature for myself as well. I've thought about that a lot. I want that ineffable bravery, that act without thinking kind of attitude. The other thing that strikes me about this memory is the way my grandmother was crying and screaming next to me, going absolute hysterical, and how my mother climbed out of the crick covered in mud to yell at her and make her leave as the other grandmother had. When I asked why my mom was yelling, she told me that crying and panicking did absolutely nothing to help, and that ""if you're that damn scared, you haven't prayed hard enough about it."" I think about that advice very often.",1,1
"One of my best memories of my parents was watching my Dad labor for weeks over this styrofoam board that had index cards all over it. Every week, my Dad would give my mom a clue that she would have to decipher. If the clue was deciphered correctly, she was able to remove one index card of her choosing. By the end of 12 weeks, all the index cards had been removed and underneath each index card was an image. Each image spelled out the sentence ""First Class Flight to Paris For Our 30th Anniversary. I Love You!"" It was so cute to see them play a game to show their love.",0,1
"I vividly remember arguing with my dad about whether my mom took me to the zoo. We were discussing whether my mom spent time with me. He claimed that I was remembering wrong or had been brainwashed. I told him that I had been a tiger, which fueled his argument as it's one of those things kids say that isn't meant to be taken literally. Now I no longer have the memory of going to the zoo at all.",1,1
"I remember that when I was 13 years old, my dad was given tickets to a Barry Manilow concert from his job, and he decided to take me to the concert with him. It was the only time I had ever been to the ampitheater in Pittsburgh, and my first time ever attending an outdoor concert. We didn't have much disposable income as a family, so getting to do anything outside the house was a special treat. I remember my dad smiling and laughing, and enjoying the music with him. This stuck out to me so much because I don't have very many good memories of my dad...he was either working or golfing most of the time growing up, and we rarely spent any quality time together. I also had other siblings who he could have taken to the concert, but he picked me to go to the concert with him, so I felt special because of that. To this day, when I hear a Barry Manilow song, I think of my dad and attending that concert with him as a young teenager.",1,1
"When I was about 10 years old I was playing in the pool with my dad. We were using a pool noodle to blow water in each other's face. I thought it would be a good idea to blow the water while he was breathing. As soon as I did that, my dad who is a very strong swimmer, went under. My mom stood there yelling at him to stop messing around. After about 30 seconds to a minute my mom pulls him out of the water and he starts coughing up water.",1,1
"I remember it being a warm summer night in August. I haven't been eating well and I've started to self-harm since I was so scared to tell my parents that I was gay. Mom noticed that I wasn't eating well and would occasionally check in and ask if I wanted to talk about anything. I usually said ""No"", but that night I said ""Yeah"". I was under my bed covers and my mom was sitting next to me. She asked what was up and I prefaced with ""I don't want you to get angry with me, and I'm scared that you'll think of me differently."" She asked me what was wrong again. I put the covers over my head, took a deep breath, removed the covers, and said ""I'm gay."" Mom looked at me for a long time without saying anything, and then said ""Are you sure?"" I said yes, and she was in disbelief. She turned away from me and a tear ran down from one of her eyes. I've never seen my mom cry. She then started saying things like ""Did I give birth to a woman? Now I won't have grandchildren."" I remained calm during all of this. I told her that being gay is not a mental illness, and she agreed. She then hugged me tightly and said ""Don't worry, we'll find a way to change you."" I remember feeling uncomfortable and unsafe at that moment. I told my mom that I was going to check on my sister, and left the room. I told my younger sister what happened, and i bursted into tears. My sister said that nothing's going to happen to me and that my parents will have to go through her if they wanted to get to me. I slept in her room that night. My mom knocked on my sister's door an hour later and asked if I was sleeping. My sister said yes, and my mother left.",1,1
"A rather intense memory that I re-visit often has to deal with my mother. It was around the holiday time and I knew that my church was doing its ""giving tree."" This meant that a number of gift ideas for children in low-income homes had been hung on the tree. Our family would usually grab a few names to buy for from this tree. Knowing this, when my mom asked ""would you like a Wiffle ball bat?"" I thought she meant it was what she had bought for the name off the giving tree - I remember I was maybe 10 at the time and the one name we had picked up was ""an 8-year old boy."" I answered honestly: ""that would be a good gift for an 8-year old, we already have enough though."" I didn't realize my mom had bought the wiffle ball bat as a gift for me. When I realized I was extremely (more-so than what was warranted) overcome with guilt. I felt that my mom had just done this spontaneous and kind thing, and rather than give her the satisfaction of gratefulness and happiness at a gift, in my confusion, I had been honest and admitted I didn't really need or want that.",1,1
"This memory may have been a while, but I often remember it. One time I went with my father in a market. We ran into old beggars and looked very weak. He asked for money to eat. My father did not give money and we passed away from that place. Not long after, we passed a middle-aged father who sat pensively in front of a shop. My father was momentarily stunned, then my father gave him $ 100. The man fell silent and with tears in his eyes said thank you then left quickly. I was confused by my father's behavior. 
 Then we stopped for a moment at a cafe to drink. Father told me about Dad's strange behavior. The old beggar who looked weak was actually a lazy young man. Father had seen him erase his old face makeup and he was actually still young. He should work hard instead of begging. While the middle-aged man was actually the father of a small child who was lying sick in the hospital. He really needs help to buy medicine. My dad said he had met and talked with him in the hospital lobby. Both of these events made an impression on my memory",1,1
When I was a seven years old my mother was deathly ill and needed emergency surgery. She was sick and home from work with what assumed to be a minor sickness. My father came home and found her unconscious and took her to the hospital. If he hadn't decided to come home during lunch to check on her she wouldn't have survived. This had a great effect on me at a young age. It taught me the preciousness of life and the value of time spent with loved ones.,1,1
"One crucial self-defining memory surrounding my parents is when I came out as being gay. My brother was the first to find out on the bus on the ride home from school, but then my mother's side of the family found out. They all reacted well and didn't oppose me. However, we kept this information from my dad because he is more religious.
 
 Well, at one point, I had gone on a school trip to Seattle, and during the trip, I got a necklace with my then-boyfriend's face imprinted on it. When I got back from the trip, my Dad asked to see what face was on the necklace, because he thought it was a depiction of Jesus. He was quite displeased when he found out it was the face of my then-boyfriend.
 
 He said I was confused, and it was just a phase, etc. He would make jokes about me at the breakfast table. He saw a shirt he didn't like (probably because he thought it was too feminine), and he told me I should burn it. When I turned 18, I immediately moved out of his house and lived with my mother. Then, when I went to Denver for my first year of college, he refused to help pay. That was years ago. Now, in the present, my Dad and I are fine. We get along well, and he has come to accept me and my sexuality.",1,1
"I came out to my parents while home for Thanksgiving. At Christmas, I was the only child home (I have three siblings, but they are all partnered and were spending Christmas with the in-laws). My parents initiated two or three lengthy conversations about my being gay, and about my decision to pursue same-sex romantic relationships. (They are conservative evangelical Christians, though moderate in some significant ways, such as politically or reading the Bible literally.)
 
 I could write at length about that time, but i'll highlight one moment. I remember waking up earlier than usual one morning and hearing my parents talking in the living room. I pressed my ear to the door to make out what they were saying. It was difficult, but I remember hearing my mom repeat some of the things I had said from the day before. It was clear she was taking my beliefs very seriously, and wanting to make them her own. But it was also not something they wanted to work out in front of me. In part I respect that -- it is stressful to have to walk through every twist and turn with your folks -- but in part it was isolating.
 
 My mom did read the books I recommended to her. I don't recall precisely if she had begun reading before that Christmas or if it was only later. But it was good to hear my mom being sincere behind closed doors.",1,1
"It was Christmas eve of 2010. My brother and I were home from college at my mother's apartment in Davie, Florida. She was tolerable for most of the day, but around 10:00 pm she told my brother and I it was time to sleep. This was ridiculous because we were 18 and 20 year college students at the time. I was going to college at the University of Pittsburgh at the time, and he was going to Florida International University. We ignored her because she was being ridiculous, and carried on. I believe he was playing some game on his computer, and I was Skype chatting with a friend from college. At 12:00 am or so she came back into our room and started screaming at us. She screamed something about how it was Christmas and about how our father corrupted us into not being religious, and that it was important to her so we needed to go to sleep right now. So that was not persuasive and we ignored her. I remember my friend I was skyping with was very taken aback by her behavior and I remember him saying ""If she hits you I'll destroy her"" or something to that effect. She returned once more at around 1 am, screamed a little more for us to go to bed, then I assume passed out. My brother and I went to sleep around 2 am. I don't think neither of us had anything to say about her behavior, but I do not remember. As I said in mommy issues, I have a million stories of my mother behaving in outrageous and terrible ways, and I think it adds to a long history of her being awful, and her unique talent to really stomp dead any chance of us having even a semblance of a functional mother-son relationship.",1,1
"A little over a year ago, I was diagnosed with Cancer. I wasn't necessarily caught off guard with the diagnosis but it still hurt. I found out from an emergency room visit that my friend made me go to because I was having trouble sleeping for days in a row because the lymphnodes in my neck and sides had grown so far out of control that they were bruising my ribs. When I arrived at the hospital, I was a little delirious due to not having slept in a little over 8 days. My mom was never a fan of my best friend, and they had not seen each other since I had moved out of my moms house a while before this happened. 
 
 My friend was being responsible and messaged her, even though he knows I would have said it was a bad idea. She shows up to he hospital and at first thanks him for letting her know. She quickly devolved though and started blaming him for not making me talk to her sooner. She accused us of stealing from her previously, which is what prompted us to move. Looking at her screaming that night is the moment I realized that she was not the same person she used to be and that I was wasting my time thinking that I had any semblance of a family anymore.",1,1
"I remember coming out as bisexual to my mom and dad. They were not very understanding of what i had told them at first and told me that it was just a phase and that everyone goes through it. I was very hurt by their words, and thought they were unaccepting of me. It wasn't until years later when they realized that it was not a phase and began to accept me for who i was and love me for who i was.",1,1
My mom got breast cancer when i was about 12 years old. Finding out a loved one has cancer is hard especially for a 12 year old. This was super hard on my entire family. I remember being in my moms room when she told me and my 3 sisters and my immediate thought were that she was going to die. She is now in remission and has been. She did end up have to have a double mastectomy and had several complications but the surgery but everything ended up alright in the end.,1,0
"When I was young, I stayed with a baby sitter who also had a son. He was twice my age, I was 6 and he was 12. He molested me on a few occasions and eventually, I told my mother. She was quite calm but visibly concerned and asked me what happened and what all I remembered. I was worried she would be angry at me and leading up to telling her I was sure I had done something wrong. But instead of being angry she was...neutral I suppose. 
 
 I know she was certainly upset, devastated, at what I was telling her as we've discussed it well into my adulthood. But at that moment she found strength and made sure I knew that telling her was acceptable and the right thing to do. I have never forgotten that relief and calm sweeping over me, knowing my mother would help me.",1,1
"We were in elementary school and McDonald's was doing a Happy Meal promotion with Nintendo, giving away Super Mario toys. I was desperate for the Koopa Troopa toy that bounced when you squeezed a little pump. Our McDonald's didn't have any, and it was a couple weeks into the promotion and I'd been hoping for this prize every time (as children of a single mom going to school and working full time, we got a lot of Happy Meals). On this particular night instead of just getting our food and going home, she drove us around to other McDonald's locations in the area, even though it was getting late. We went to several McDonald's locations until we finally found one that had the bouncing Koopa toys. I was shocked that she would go on such a crazy and pointless wild goose chase just because our spoiled asses wanted some dumb toy. We never did spontaneous and fun things like this, and it was so weird and out of the ordinary that I was almost afraid to talk and break whatever spell she was under.",1,1
"One time, I spoke to my dad outside of our house when I was around 16. My mother had just had another meltdown, and so he and I were outside, trying to cool down from the intensity. I calmly asked him why he didn't divorce her as it was clear their marriage was unhappy, and he explained how he was afraid to because she would take him for everything. I realized my father stayed in an unhappy marriage with a woman who had emotionally hurt his children for no reason other than money.",1,1
"Now, even though that I really do have a dad but in most times I feel that I don't have one because his vices of smoking and being an alcoholic. This memory is about the time that my dad created a trauma because of alcoholism. After getting home form work, he usually would be drunk by that time and in my household as a young child, I was taught to do my homework, take a bath and have dinner before my video game time. That night, while in video game time, my dad came in to give out his drunken, repetitive sermon. Now, I was also taught to look into the eyes of the person when they spoke but, at some point, I looked out to my game and that's when my dad grabbed me by the throat and against the door. My mom was shouting at him to let me go and of course he did but this all resulted that, my psychologist said that I have uncontrollable emotions for which I tend to bottle up everything and felt like I can't look into the eyes of another person ever again nor can i give a real hug to anyone.",1,1
"When I was a teenager, I was tasked with recording a racing show for my dad in the evenings while he was outside doing yard work. This show came on every other day. I would record it on tape in the vcr so that while my dad was eating dinner, he could watch the show. There were a few times where I forgot about recording the show, and on one of the instances that I forgot, he got really angry with me. He started yelling, calling me stupid, and telling me how none of his kids could do shit. He was also yelling about how we can never do anything right and he didn't understand why he got such lazy kids. At one point, he got so angry about it, he threw the remote from the kitchen into the living room. I remember feeling so angry about the situation and so angry at him. I remember crying myself to sleep that night telling myself how much I hated him.",1,1
"When I was going into kindergarten I remember my mom sitting down with me with my cello. My preschool had offered group cello lessons that I had participated in for at least one school year. Since I was leaving the preschool, I would no longer be taking group cello lessons. My mom asked me repeatedly if I wanted to continue cello lessons. She said that if I did, I could not quit. I had to stick with it. I told her that I did want to continue with private cello lessons and continue playing. It felt like a very big decision for a 5 year old, and the rest of my cello playing career began after that. Practicing cello was always my ""chore"" because I had decided to continue with the lessons at kindergarten age. This was a big defining moment because I played cello from 4-16 years old. It was a big part of who I was.",1,1
Another memory i have about my parents they where in the room fighting on day and i walked in to grab the remote and my dad was smacking around my mom. My mom had enough and grabbed a fire pocker and threatened to stab my dad he said she wouldnt grabbed it and smacked her with it thats the first time i ever stepped in. I was 12. I remember grabbing him by the hair and punching him in the face as hard as i could it felt so good.,1,1
"My mother called me, inconsolable, on a Friday because she was fairly certain that my grandfather was dying. I got on a plane out to Wisconsin to be there for her and to help my family as he slipped away in hospice care. As the oldest of my generation, my family relied on me to help with little things. I confronted the decline of a man Ioved and respected every day for a week. But what surprised me the most was how much my parents relied on me emotionally in this time. I was a rock for them as they held the rest of the family together, and my presence calmed and soothed them in ways that none of us had expected. Even though it was a pretty traumatic experience for everyone, I was able to be there for them when they needed it, and that became incredible affirming and character-forming for me moving forward.",1,1
"My mom taught me how to read when I was three. 
 
 Before then, I would take out newspapers once my parents were done with them. I would look at the pictures and make up a story to the picture. I'd tell my parents I was ""reading."" My mom took it upon herself to teach me how to read.
 
 At this point in her life my mom was 22-23, and she stayed home or worked odd jobs, and sometimes jobs that required a night shift. We were broke as can be. We didn't have a lot at all, But my mom bought workbooks and books from the dollar store. We sat, and she would teach me letters and how to put those letters together. I remember sitting with her and writing the word ""the"" on thick-lined paper, the kind with green lines and those hyphens all the way down the middle.
 
 From then on, books were my everything. If I had a week when I was ""good,"" my mom would take me to the dollar store where she would buy me a Sesame Street book. I had a whole set of them when I was little. I do not remember a world in which I did not read because it was always so encouraged, even if my parents didn't read more than the newspaper.",0,0
"The first time I saw my father cry was the day my brother died. He came into my room at 7am and turned on my light, so I rolled around to face the wall and mumbled, ""Five more minutes."" He hesitated before saying quietly, ""William died in his sleep last night."" I shot out of bed and said, ""What?"" As we stood facing each other and I saw he was serious, he was crying, I started to cry too. I kept repeating, ""I made plans for him, he was gonna be the one to live,"" while he silently hugged me back.",1,1
I remember another time I was at my dads and it was around the same age as the last one and there was a boy next door that I had a crush on. We were playing around and he had gotten stung by a bee and he was highly allergic and i didnt know what to do so i went and got my dad and he just kept yelling at me and saying if the boy dies its my fault and i shouldnt have been so stupid to take him into the wooden playhouse when i knew that bees were in there and i just cried and he called my mom and took me back home earlier than i was suppose to and to this day he still blames me for that boy almost dying.,1,1
"In my household, my Dad worked and my Mom took care of the children and the house.My first memory of my parents is in my grandmas family farm house. We were living there along with an uncle or two. I remember hearing my Mom crying for help in the basement as you could hear my dad yelling at her and hitting her. I tried to get down the basement steps to help her but one of my uncles told me that i couldnt go down there and that he was just playing with her. Around that same time, I heard my Dad ask my Mom to get the wine off of the back porch so i rushed to get it. I picked it up and dropped the bottle. Shattering it. I was afraid I was going to get in trouble so I started to pick up the pieces and cut my pinky. I still have the scar. It helps me to remember that my Dad beating my mom did really happen. I have to scar to prove it. I promise myself every time i look at that scar that i am not going to be in a relationship like my parents had. I will never be treated like a second class person and abused.",1,1
"Shortly after I came out to my mother while in high school, she wanted me to come into the living room because she wanted me to watch this guy who said that he ""became straight"". I did patiently watch the video, however, right after it, I bluntly told her that he was miserable. I told her that conversion therapy doesn't work, and I didn't want it. I then stormed out and up into my bedroom. I was deeply hurt that my own mother would want me to not be who I am. I always felt that feeling attracted to men was right for me, but something you never talk about. I am however lucky that she didn't push the issue after that.",1,1
"During high school, I begin to come to grips and acceptance that I was a gay male, while simultaneously realizing that there was nothing wrong with identifying as LGBT. In the summer of 2016, with less than a month until I was set to move out and go to college, I came out to my mom. I had steadily increased my self isolation during the past year, and was becoming more and more bitter towards my parents blatant homophobia. Finally, one July evening, my mom came in and sat down with me and asked why I had been separating myself from them. With a secure housing plan in the dorms, and a car in my possession, I decided that the time was right for me to come out. I remember telling her ""Mom, I'm gay, and I'm so tired of hearing you and Dad be bigoted and hateful towards the LGBT community. I cannot stand it any longer."" 
 
 We both held each other and cried. She was not exactly accepting, but she did not kick me out of the house either. Later that week, she gave me a book titled ""You Don't Have To Be Gay.""",1,1
I remember on Halloween as a kid. We went to pizza hut before trick or treating just my mom and I. She told me while eating that my cousin was a lesbian. I believe she came out not long before this. I was shocked but accepting. I already had a gay uncle. I remember vividly her mentioning feeling bad for my aunt and it must be hard. I didnt understand and later when I realized I was gay had a very hard time telling her. This memory running through my mind. Scared she might not accept me.,1,1
"When I was 14 years old, I became addicted to gay pornography, and would often look at it on my flip phone (back then, it was amazing that a flip phone could access the internet). One night, I heard my mom coming down the hall, so I closed the phone and slid it under my pillow. My mom entered my room and saw the light under my pillow and walked over to my bed. Knowing I'd been caught using my phone after bedtime, I handed it to her. She opened the phone and it had stayed on the current Google image search I had pulled up. She hit the ""Back"" button, each time showing me the image and asking, ""Do you like that?""
 A few minutes later, I was called into the living room. My parents were sitting on the couch. I perched on the piano bench, not really looking at them. They asked me why I was looking at pornography, and I didn't have an answer. I didn't know why, I was hooked by then. They asked me, ""Are you gay?"" I told them, ""I don't think I am."" They told me that they still loved me no matter what, and obviously had my phone confiscated at night (though, thinking back on it, I think they gave it back after just a few days.)",1,1
"When I was elementary school, I used to participate in this reading program at the local library during the summers. My mom would take me to the library and I would check out books to read. For every book you read you could earn points to redeem for prizes. The prize list was kept in a binder you could flip through. I remember most of the time choosing to get this coupon for a free ice cream at chick-fil-a. My mom worked as a nurse weekend nights, so it was my dad taking care of me those evenings. I remember almost every Saturday night he would drive us to the chick-fil-a drive-thru and he'd order me a kid's meal and we'd say we have a coupon for a free ice cream. We'd also try to hold onto the coupon unless they asked for it so we could keep using it and most of the time they didn't ask for it. I remember one of the kid's meal toys was a cassette tape of the story of Icharus getting too close to the sun. I also remember my dad taking me to mcdondalds on Saturday afternoons during this period of my life as well. My mom would sleep during the day on Saturday since she had to work that night. My dad would take me to mcdonalds to get a kid's meal and I remember the toy being a CD of various kids-oriented musicians, like S Club 7 or others you would hear on radio disney. I remember trying to collect all the CDs.",0,0
"I remember once being in my aunts kitchen. She was there, my uncle, and their mother, my grandmother. This is my paternal grandmother who lived in Colombia. She was visiting and because she lived far away, we never really had a strong relationship with her. She was also very critical and judgmental...specifically of her daughters in law... particularly of my mother. My mother married her youngest son. I remember she was talking to me about how my mother was controlling and bossy. She said she was riding my dad like a horse and telling him what to do. That she never wanted that for her sons. I remember being so angry that she was talking negatively about my mother. I then remember sticking up for her, but don't remember what it was I said. I knew it was seen as disrespectful because my uncle then stood up and told me I couldn't talk to his mother that way to which I responded that she couldn't talk about my mother that way. I then left the house and walked home. St",1,1
"About 2 years after my mom died, my dad started dating secretly. He would go out and although me and my younger brother knew (he was 15-16 at the time), my dad refused to address it. When it hit the winter of my senior year, my dad's girlfriend wrote me a letter, explaining who she was and what was going on. My dad had yet to have come clean, and refused to address it. While our sense of family was severely disrupted after the death of my mom, this threw our relationship completely out of balance. He refused to accept that not discussing bringing someone else into our house might be painful for me and my brother, and said that it meant that something was wrong with us. He said many toxic things during this time, including that he wouldn't love me or support me if I didn't support this relationship. While eventually I accepted it, my relationship with him never fully recovered.",0,0
"This is about how I'm gay, right? Let's get to some of that! Alright, so I was a member of Delta Lambda Phi at Iowa State, which was started as a fraternity for gay guys. My dad wasn't in it, but it'll make it seem less out of the ordinary when I mention about how every single one of my fraternity brothers was gay. In the early aughts in Iowa, it was still pretty interesting to people in the media. A couple of our members were photographed for one article and a prison inmate wrote to them afterwards, having developed a crush. I don't believe they put any effort into finding out what he was in for, but they were just not into it, and felt very uneasy about the exposure afterwards and a little fearful for their safety. I did read one of the letters, and it didn't seem threatening. It would not have gotten a good grade in one of my English classes and my guess is he wasn't super intellectual.
 
 Young me, though, was not anti-gun like current me and was interested in helping my friends feel safer. My dad was just as super duper fond of guns then as he is now, so I asked him if he knew what went into getting a concealed carry permit. He DID wonder why I was asking, and I explained the situation, and he told me what he knew (I didn't fact check it, but I passed it along to my fraternity brothers, just to sorta show I was paying attention, they sorta got over it without actually arming themselves or changing anything about their lives). Since then I've gotten a lot more pro-inmate and, for a year or two, had a prison pen pal in Texas who was a murderer. Well, I also cursed out a recently released scary dude who kept pocket dialing me after a mutual friend gave him my number, so there's that. I never heard from him again, and we never actually spoke at length about anything ever, so it's not like I miss him, but I wish I'd handled it differently now that I'm older and wiser, not because I fear retribution or anything immature.
 
 My dad hadn't really thought my friends were at risk either, but it was the first time since I'd come out to him via mom in high school that we'd ever really discussed men being attracted to other men. It went pretty well! Besides all the half-assed attempts by my parents to butch me up as a kid, I also flipped out when my dad used the term ""faggy"" to describe something (I think someone's gloves?) shortly after I'd officially come out as gay. He never officially declared he was cool with it, so I assumed he was still really uncomfortable with me being gay as of that moment. He's been far right ever since I started barely paying attention to politics around the time of the 1996 presidential election, I'm talkin' John Birch Society, all of that, and I have gone the complete other way with my own views. I had girded my loins in anticipation of a possible confrontation and angry storm off upstairs, but I realized he still wanted what's best for me as his son. It was the lamest reason to feel better about him as a parent, but I did.",1,0
The day I came out. We all had dinner and were about to wrap up the night. My mom and dad called me and my sister to the kitchen. They had told us they wanted to talk to us. They said that we all needed to talk like adults and they announced their divorce. They asked if I had anything to say. I said yes and I came out to them right there. My mom was crying and my dad was speech less.,1,1
"My dad had pretty serious mental illness and he and I had a really strained relationship. Once my brother and I were in the garage with him. We were cleaning up, moving our bikes and toys and stuff around, and my brother tipped his bike over onto me and scraped up my leg. I thought he did it on purpose. (I don't know if he did or not, but we were arguing at the time, like siblings do, so I thought he did it to hurt me.) I yelled at him (my brother), and my dad yelled at me ""Why do you always have to be such a bitch?"" I got so mad I screamed ""FUCK OFF"" and stomped away. Then my dad got really mad and tried to make me apologize to him. I actually don't remember if I apologized or not. I know my mom intervened in some way. I was only about 13 when this happened and I remember how mad it made me and how I felt like my dad hated me and only cared about my brother.",1,1
"The summer between my sophomore and junior year of college my grandfather became very sick. We soon discovered that my grandfather had a rare and serious brain tumor. He was receiving most of his care in the city that I was living in at the time (about 2 hours away from my hometown where all my family lived). That summer I had a large role in care giving for my grandfather. He eventually was sent to a care facility back in his hometown. I knew he didn't have much time left, so made efforts to visit my hometown more often. By this time my junior year of college began. I didn't have class on Thursdays, so I was planning to leave Wednesday afternoon to go visit my grandfather. While driving on Wednesday, I received a text message from a close friend expressing his condolences about my grandfather. My parents hadn't told me he had died earlier that day. I felt betrayed.",1,1
"When I was in college I went to the city near my home for spring break. I did not have a good relationship with my mom but somehow she found out me and my friends were near and insisted that I meet with her. I was not out to her about having a girlfriend but I knew I should tell her soon. Instead of a pleasant dinner with my mother, it was an ordeal. She ""confronted"" me about dating a woman and somehow knew who it was and knew that my partner was older than me. She told me that I did not actually know that I was queer. She told me that I was naive and wrong about who I was. She told me that I was being influenced by the people around me, including my partner, who was manipulating me. I was crying. She left me in the restaurant, crying.",1,1
"I was very active on the internet when I was a young teenager. I had a few friends from school, but I rarely spent time with them during the evening or on the weekends. The majority of my social life was dominated by friendships I had formed with other young people online. My internet friends came from all over the world. Part of maintaining my social life was frequently posting on Tumblr. It became a great space for me to discuss my interests in books and television shows but also a space for me to explore my burgeoning identity. I first became aware of the fact that I wasn't straight in seventh grade, when I was about 13 years old. By the time of this memory, I was 14 years old and in 8th grade. I had come out to a few close friends in real life, none of my internet friends, and certainly not my family. I had posts on my Tumblr that indicated support for LGBT people and rights, but nothing that suggested I was anything more than an ally. 
 
 One day, my parents sat me down. They had looked at my blog and were concerned about me. I instantly felt betrayed - I never told them about my Tumblr. I didn't use my full name or share any identifiable personal details online either, just my incredibly common first name and what state I lived in. My parents had to dig through all of my online presence to find connections to this Tumblr, and decided to confront me about it. I imagine both she and my dad were like this, but I specifically remember my stepmom demanding me to tell her that I was straight. I lied and said that I was. All three of my parents - my mom, my dad, and my stepmom - told me that it was not okay to be outwardly supportive of LGBT rights because I was a few months shy of going to high school. According to them, my high school classmates would bully me for this position. This was 2011, when same-sex marriage was a prominent political issue. We lived in a somewhat moderate region of Pennsylvania; close to a diverse and strongly Democratic city, surrounded by moderately red suburbs. 
 
 I knew that they were wrong. I had already found some supporters among my peers, and was developing a thick enough skin to deal with any bullies. What hurt me the most was what their argument meant. If this was how they reacted to me being an ally, how in the world could I come out to them? I knew they would never physically abuse me or kick me out of the house, but I couldn't feel confident that they would support me in the future. Any plans I had to tell them about my identity were delayed for another one to two years, a lifetime at that age.",1,1
"When I was growing up, my mother was very vocal about supporting gay rights. She also had a friend who was gay while I was growing up that I remember visiting with her sometimes. When she found out that I was interested in girls and not just in boys, that seemed to abruptly change. She used to go through my things and had found a note that a girl I was dating had written me. She yelled a lot. She insisted that it was just a phase or that if it wasn't a phase that I had to be a lesbian. If I wasn't a lesbian and I wasn't straight I must just be confused. She grounded me and attempted to ban me from being allowed to see the girl that I was dating, who I had also been friends with for a long time. She also tried to claim that another girl I had dated must have made me gay or at least been the one who caused me to be confused. After that my mom ungrounded me and removed her ban of me spending time with my girlfriend. She acted like she had just needed time to adjust but it had really been because she didn't want to have to tell anyone. Now she continues to just act like it was a phase.",1,1
"My dad used to take us camping back in the woods close to the 2nd German house. We would pack up the car with the tent, 3 sleeping bags, the 2 jungle-themed sleeping mats, assorted tools and small machetes, 2 or 4 lbs of frozen ground beef blocks, and bottled water. We'd also get Heidi's food, a water bowl, and her leash. We would drive the 3 hours back listening to AFN's days-old NPR broadcasts and singing, while Grace or I read in the backseat. We would get to the woods in the late afternoon, find a good flat-ish spot for the tent and begin to unload. I was usually the 'fire-master' and Grace helped to clear the ground of stones for the tent.",0,0
"My dad was a farmer, and my mom a teacher. Neither of them made a lot of money. One year, in the summer, my parents sat me down on the edge of their bed. They needed to pay to have a field sprayed to kill weeds or something like that, and they couldn't afford it - I believe it was roughly $1,000. However, I had been saving any amount of money I got my hands on from Christmas, birthdays, helping with the family business, since as early as I can remember. So there I was, sitting between my parents when they asked if they could borrow money from me to pay for this. My mom did the talking, trying to explain to me why they needed money and how they would pay me back. I think my dad was too ashamed to say much really. I said yes, and for the next several years they slowly paid me back, often in the form of buying me things. We would be in the store, and my brother would ask for something he'd want and they'd say sure, then I'd ask for something similar, and would be told that they would but it would count against what they owed me. 
 
 This set the tone for all of my childhood really - my parents were terrible with money and by the time they finally started getting their act together, it was in the form of trying to save every cent they could, from not running the AC in the summer to never eating out because it was ""wasteful."" I was acutely aware of my parent's financial state as a child, and the strain it put on them (and by extension my brother and me).",1,1
"I was in late high school, and I was talking with my dad about A Lot of Things. We were discussing my religious education, and how I felt it was lacking, but now that I was close to adulthood, the onus was on me to define what I wanted to learn and to make it happen, which felt like a big responsibility, and I felt behind. At some point, the conversation shifted to what I wanted to study in school and ""do with my life."" (Perhaps we were discussing whether I wanted to become a religious professional.) I remember asking my dad his thoughts about whether to pursue work that felt important, felt like it was affecting human lives directly and positively, or whether that did not need to be a focus, as those jobs can be less stable and lower paying. He told me that he really didn't know what advice he wanted to give. He explained that part of him so wanted to tell me to pursue whatever was in my heart, take risks, be an artist, whatever it was, and that the money would follow if I was being fulfilled. But part of him wanted to say, go for stability. When you are financially stable, you can have so many more options. In giving me both of those sides, and not knowing which way he would send me, he opened that huge, important world of decision making up to me. This is a question that I come back to often, as I experience more of the world and different personal financial situations. It hasn't yet become uncomplicated for me.",1,1
"I remember going camping with my parents and they would always drive up with all of my siblings in the car. We would drive through all of these country back roads and we would also talk to one another about everything going on in our lives. I never felt like I could be as open with them about things going on so I would more less just stay quiet the whole time. I realized at this moment that I was hiding so much that was going on in my life and I would never let those things come to the surface, especially during these trips.",0,0
"I remember having to come out and how terrified I was. Especially telling my mother. I knew my father would be fine with it. Oddly that is the opposite of most of my peers. My dad is very open minded, liberal, and dropped hints to me that he knew I was gay and supported me. When I told them, my mom was shocked. But she eventually accepted it and my dad helped her through it. Then I noticed that my dad is the dominating personality. My mom would probably be like the rest of her family: conservative and closed minded, but my dad must seem to set her on a path of being accepting and liberal.",0,0
I've never physically met my dad and probably never will. I have however found him on facebook. I have found out that he was married before I was born so he cheated on his wife. I messaged him and he has never responded. I applaud my mom because she was a single mom my whole life. It let's me know that I can do good for my kids even if I do end up alone.,0,0
"When I was maybe 13 or 14, I remember my mom made chili for dinner. It was nothing out of the ordinary. She usually made dinner, and my family ate together nearly every night at 6pm on the dot. But one time my dad didn't like the chili. He said it wasn't seasoned correctly. He yelled at my mom, and she cried. He threw the food away. Dumped the whole pot in the trash, which was devastating since we didn't have much food. I always grew up worried that one day I would marry a man who screamed at me for not making food to his liking.",1,1
"When I was a sophomore in high school, my anxiety was at its peak, and I was obsessed with doing well on school assignments, and especially what my teachers though of me personally. I felt like their opinions of my ""goodness"" as a person were direct results of my academic success and that if I did less than my best possible work they would be disappointed in me.
 I was bringing in a draft of an essay for a teacher to review, and I was so anxious about what he would think of the essay that I started panicking on the way to school, like, hysterical sobbing and hyperventilating. My mom was driving me (we didn't have school buses and in the winter when it was too cold to walk, she'd often give me a ride), and kept telling me to calm down with increasing intensity and volume. When I didn't, she threatened to turn the car around and take me back home, which made me panic more, as I was terrified of missing school. Instead of taking me to school or home, she drove me to our GP's office, (by which time I was already late for school, knew I wouldn't make it, and had gone quiet) and took me inside. She told me to sit in the waiting room, and I heard her asking the secretary if there was ""anything we can give her, just to knock her out or something. I don't know what to do with her. I can't take her home.""
 They said the weren't going to give me any drugs, but that they could schedule an appt. with a psychologist at a branch of the children's hospital later that day. We went back home, not speaking, I went up to my room and waited to leave for the doctor's appt. (sorry this is getting so dark and dramatic, I didn't expect this memory to come back in so much detail) I cut up my shoulder and put on a sweater, we left for the psych appt., it was an unremarkable appt. where the doctor told me to try deep breathing when I was stressed, and then we went to get ramen. The thing that sticks out is how many different relationship dynamics happened between us that day. When we left the psych office to go get ramen, I was calm again, if a bit frustrated, my mom was calm again and, I think, felt like she'd done her part to fix the situation, and we went out to my favorite restaurant and had a really good, calm time. I went back to school the next day and after that week we never talked about it again.",1,1
"My parents fought a lot. It was always scary and we never got used to the damage. I remember one time getting up with my siblings, how im not sure, but we got up and my mother got us up and i had to help my siblings get dressed. She then lead us to a room where a police officer( female) was there and she gave us teddy bears. My mom left and then another officer came in and told us that my grandma was going to pick us up. We were excited but confused. I remember hearing the officers say that they weren't putting handcuffs on my mom until we left. The officers kept telling me that i was a big girl and that i had to watch over my siblonsg. Eventually, my grandma came into the house and she carried my brother and me and Victoria walked behind her.
 
 I remember seeing broken glass all over the house. My mom looked decent with her hair a little messed up and she didnt say anything. As we walked outside i saw my father handcuffed and bleeding. He was talking with a translator and i remember him seeing me and he was about to say something until one of the officers blocked his view. I remember getting into my grandmas van and on the way back she just kept talking about how my parents weren't okay and that they shouldnt have fought like that. I remember looking around and seeing my brother and sister fast asleep. I tried to go to sleep but i just couldn't. It took about an hour to get to my grandmas house and the whole time she was talking. i know i didnt understand most of what she said because i was around 5. i just kept thinking about all the broken glass i saw.",1,1
"My dad would take me to work with him a lot. He often had me help him installing cabinets at his second job. We'd go to his shop and make the cabinets, sometimes with my brother helping. It was a great time to spend with my dad and learn what he did every day. I learned how to saw wood, plane and sand wood and the importance of hard work. We installed cabinets and countertops in people's home and sometimes businesses and would often spend a couple days to a week installing them.",0,0
"In our house, our kitchen used to be small. My parents used to say it was a ""two-butt"" kitchen because with the dishwasher open, no one could get to the sink and only two people could fit in the remaining space. It became a running joke in the family about people's kitchens. There's a family beach cottage on Cape Cod that's pretty much a one-butt kitchen. When there are nine or ten people there, it gets very crowded very quickly. It's such a small thing, but every time I walk into a kitchen, it makes me think of my parents. And it makes me think of how many butts we could fit in it. Wherever I am, it reminds me of them and how many times I've seen them in the kitchen together. It reminds me of the goofy kind of love they have for each other. That's the kind of love I want to have in my life.They tore out the dining room and doubled the size of the kitchen, but in places, if the dishwasher is out, it's hard to get to the sink, and it's still a two-butt kitchen.",0,0
"This memory is fuzzy but important. My father was arguing with me about something and he became enraged enough to leap over the couch at me. He pushed me on to the floor and started choking me which caused a lot of noise. My mother was on the phone with her boss at the time and all she did was mute the phone, and scream for us to shut up. I remember feeling dizzy and clawing at him to let me go, and eventually my mother came into the room when she was done on the phone and made him get off of me. Everyone was screaming and I just left. I walked out of the front door while they were fighting and walked miles and miles to my friends house. I was 15 at the time and I lived with my best friend for the next three years until I was 18 after that night.",1,1
"Another memory of my parents is saying goodbye during one of their visits. I had work later that day so my family said goodbye at my 3rd floor apartment. My father came back up, seemingly out of breath- but not from the stairs but because he was crying. He gave me one last hug. I remember how his quivering body felt as he cried silently. I think about it a lot and it can bring me back to tears even now. I miss my family.",1,1
"My family has always been very close. I think this is mostly because of our time overseas and that for that period of time we only really had each other, no extended family, no close friends and so we became a unit. I always knew I was going to go to college and I always knew I was going to become a scientist but I didn't really think much about not living with my family until it was about to happen. I am very much a homebody and prefer to be around people who I know care about me. I remember vividly arriving in the city with my parents and being shown the dorm that I would spend the next year in. My mom came in with me while my dad went to park the car. We got to my room and it was tiny, smaller than the bathroom at home. I was shocked, my mom tried to make me feel better but at this point I just wanted to go home. We left my dorm (on the way out my mom tried to say hello to other new students but I just wanted to get out) and found my dad and everything felt normal again. Like the three of us were just going out to lunch or something, which is exactly what we ended up doing. We went to a little Italian restaurant and for awhile I forgot that I wasn't going home but was going back to that little room instead. I remember laughing a lot and trying to keep my nervous feelings at bay. Eventually lunch had to end even though my dad tried to prolong it. They walked me back to my dorm and asked if I wanted to do anything else before they left. I decided that if they stayed any longer I was going to get over emotional and we quickly said goodbye to each other. No one cried, apart from me but that was back in my dorm. I stayed there until someone knocked on my door and asked if I wanted to come hang out. I made my first college friends that night and I really didn't need to worry that much in the end. I still saw my dad about once a week for lunch since he worked in the city and I was only ever an hour away from home if I needed anything.",1,1
"When I came out to my parents in 2010 I remember sitting in the front room of their house one weekend that I was home from college during my first semester. The lights were not on and I was sitting in the rocking chair while my mom was sitting in these high back chairs that look like they could end up in some period piece film while my dad stood in the door way. The previous week had been national coming out week up at school and a picture of me in a pride shirt had ended up on Facebook. I had come out to friends in high school and college but hadn't yet come out to anyone in my family. I told my mom that I had something I wanted to talk to her about but I was afraid and she said ""You can be gayer than Logan, and we would still love you."" Even after hearing her say that I was still terrified of rejection. After I was able to utter the words, I got into the car with my dad and he drove me the 2 hours back up to school, it was one of the most quiet car rides I have ever experienced in my life. I wasn't able to look at him or anything, I could tell he was still processing everything I had told him and my mom. When we got up to where I was going to school he got out of the car, gave me a hug, and told me that he loved me no matter what.",1,1
"When I was a teenager, our lives began to improve. Daddy gets a permanent job with enough salary. We build a more decent and comfortable home. From that moment on, my father began to come home often late. Father also began to often forget about my activities at school. Even my birthday, he often forgets. Our economic life did improve, but our family harmony began to falter.",0,0
"When I was young--about 11-12--all I wanted in the world was to get to spend time with my dad. I begged him to spend time with me. He would always offer to let me come to work with him (he owned his own business) or hold the flashlight while he worked on our vehicle. I didn't want to do those things with him. I wanted to have meaningful conversation with him. I wanted him to be interested in the things I was interested in. He never was, though. And no amount of begging and pleading would get him to begin to be interested.
 
 As I mentioned in my previous self-defining memory, my dad is a diagnosable narcissist. He has always been that way, and it has shaped the way that I view and relate to authority figures all my life. I am slowly recovering from my upbringing--something that didn't help at all was that my parents decided to homeschool, and I very rarely got to spend any time with friends growing up--and I believe I am rather well-adjusted today. However, my life living at home growing up was truly hell.
 
 When I was 12 or so, I was very obsessed with board games. I LOVED Monopoly. I thought it was so fun. I had played the game numerous times with my siblings--I had five youngers--and my mom, but my dad had never joined us in a game. He didn't enjoy playing board games, he said. 
 
 I was determined, though. I saw other kids' dads playing with them and doing things with them that they enjoyed, and I believed that my dad could do the same, and that he was just being selfish. It would be years and years before I would connect the dots and realize that my dad avoids, at all costs, doing ANYTHING that he doesn't want to do. And many times, when someone asks him to do something, he will be sure to NOT do it just because he is so insecure about having control over his life and his domain. Such was the case with the game Monopoly.
 
 I begged and begged him, for at least six months, to please play a game with us. It would be so fun, I thought. This was before I became embittered toward my father. This event actually was what started me on the path toward bitterness and resentment, because it was the first time I realized that my dad was different from other dads. 
 
 I had been asking for him to play Monopoly with me for maybe six months or more, and he really didn't want to, he would say. I would ask him to play with me anyway, even though he didn't want to. I wanted him to do it because I wanted to do it with him. I wanted him to enjoy it just because I enjoyed it. That's not how my father operates. He said that he would, ""someday."" I would continue to ask, maybe once per week, if we would be able to ""schedule"" a time to play the game, thinking that if we set it out far enough, it would be more likely to happen. He continued to say he didn't want to, but that he would play with me ""someday.""
 
 My dad was in leadership at a church's men's retreat many years in a row. At the time, we were planning to go together to the men's retreat in a few months. I begged him to please let me bring Monopoly and play it with me at the retreat. He had said at one point that he was going to be taking fewer responsibilities at the men's retreat because he wanted to ""spend more time with his son."" That was a joke. 
 
 He did let me bring the game, and surprisingly, he promised to play it with me at some point during the weekend. I was SO EXCITED. I had planned what pieces I was going to play with, and I planned what music we would listen to while playing... I had everything planned. I had picked the day and time during the retreat that we would play together, just the two of us, and I told him. He said it was going to work.
 
 The day came, and I confirmed with him that we would be playing the game at such-and-such time in the evening. He said he would. The time came. A camp-wide meeting had just finished, and my dad was sitting around talking with some guys. I went into the adjoining dining area and set up a table and the game. I gave each of us the proper amount of fake bills, and I had the playing pieces all set up. I had my bluetooth speaker set up and was ready to play the music I had chosen for the time.
 
 My dad kept talking to the men.
 
 I sat and waited patiently. Even at this age, I was not allowed to speak to my parents when they were in conversation with others. I had to wait my turn. 
 
 I waited. 
 
 Thirty minutes went by, then forty-five, then an hour, then an hour and a half... my dad continued his conversation. He could clearly see me from where he was sitting. He could see that I was just waiting for him to join me. I continued to wait, feeling more discouraged all the time.
 
 Two hours went by. I was playing on my iPod Touch. I was beginning to get angry. As I realized that my dad was not going to come play, and that he was just going to continue his conversation indefinitely, I felt defeated. I wanted to cry. For so long I had wanted this, and I was realizing it wasn't going to happen.
 
 Three hours went by. I had given up. He was still chatting with his friends in the next room. 
 
 Two family friends of mine walked through the dining area and saw that I had the game set up and was wanting to play. They asked if I would like them to sit and play with me. I said yes. I figured, if I wasn't going to get to play with my dad, I might as well play with someone. These two guys played with me for awhile until it was time for bed. We finished the game and packed it up. My dad was still talking to the men. I walked-ran to our cabin with tears streaming down my face. I couldn't even talk to my dad I was so angry. I sat and read a book--Jonathan Swift's ""Gulliver's Travels""--until my dad finally came to the cabin. We didn't say a word, even though I think he could see that I had been crying. I continued to cry silently until I fell asleep.
 
 In the coming weeks I would confront my dad about the situation. I was so angry. He told me that he had *not* promised to play with me that evening at the retreat. He said that he had only promised he would play ""someday."" And he said that that promise was still good. That he would play with me someday. 
 
 I would continue to press him to play with me and my siblings on multiple occasions. Another date was set. We gathered with my mom to play. He was in his room on his computer. We were calling for him to join us. He came out and announced, ""I was just checking the scheduled movies at the theater and [such-and-such movie] is playing, and I want to take you all!""
 
 My young siblings were overjoyed. They didn't care about the game, or the promise. They were happy with the announcement because it was a movie that they had wanted to see. As the reader can imagine, I was not enthused. I ran to my room and cried immediately after his announcement. My mom took my side. I could hear her telling my dad from my room that I had been really looking forward to the game, and that it was very hurtful that he would change plans so short notice. I can't remember what his response was exactly, but it was something to the effect of ""he'll just have to deal with it.""
 
 I never asked my dad to play with me again. The hope that he would remember his promise to me and ask to play continued to diminish over time. I have never played Monopoly with my dad.",1,0
"One time when I was in high school, I was self-conscious about my body hair, so I bought a bottle of Nair and used it on my chest. I accidentally left the bottle in the bathroom. Later my dad confronted me about it. He told me, ""you don't need to do that"" in a way that gave me the impression that he was telling me that I shouldn't be removing my chest hair. I found the confrontation really embarrassing and didn't try to remove body hair like that again until well into college.",1,1
"I remember formally coming out to my mom, but I never really came out in a formal sense to my dad. With my mom, I remember she was working on her computer and I was telling some story about field hockey practice from that day. I was 15 at the time. And I remember she said something along the lines of ""you've been hanging out a lot with Ashley"", and Ashley was the openly gay girl on the team. I said something to the effect of ""no mom, that's just me"" and then we just kind of sat in silence. I think I cried. I know she cried. My folks are really supportive, but due to their academic nature we never really talked about personal things. I came out to my mom and then we didn't really ever talk about it until more than a year later.",1,1
"I was very small when my parents split, they were divorced when I was four. My dad had us every weekend. He was the oldest of my grandparents' six sons, so my brother and I were the first grandkids.
 
 I have this rather distinct memory of being sick one weekend. I was throwing up, and I remember being in a little twin bed in my dad's apartment, and he seemed a little worried and a little overwhelmed. He kept giving me Sprite just so I'd have some fluids in me. He called my grandmother over, and then had her advising him on what to do. The Sprite part stopped, but they kept pushing fluids, and I remember him being so worried, and her being so reassuring, more to him than to me, and it's just something that sticks in my mind as so sweet. They're the kind of parents I want to be.",1,1
"They gave me a good birthdays gift. They gave me a fishing set. I don't know what they mean of this. They knew that i like fishing. There is river near our home. I try to catch some fish with it. I go for fishing every morning and evening. After several month, i knew what they want by giving that fishing set. They want me to be independent and responsible with my life.",0,0
Our father used to give us lectures all the time about all the things we would do wrong. On one of these occasions my brother decided to talk back to my father. At that moment in front of me my father slapped my brother right across the mouth. My brother continued to talk back and walk away. At that moment I knew it was a bad idea to talk back to my father.,1,1
"We used to go on vacation every year as a family, my mom, dad, sister, and myself. One year we went to Hershey Pennsylvania, the Hershey factory. It was great, we had an amazing time. This was before I came out as gay. I was messaging a guy at the time and my mom asked why I kept looking at my phone. I just said I was on Facebook or something along those lines.",1,1
"The older I get, the more time I find I spend with my mother. One day, my mother and I went to visit an IKEA that's about an hour away. We knew exactly what we were going to buy, but upon reaching the showroom floor, we see a similar item at a much better price. We decided we wanted to purchase the cheaper one, but because we were waiting for my sister to arrive, we remained at the entrance to the showroom floor. While we waited, we conversed about the house in which we currently live, and she confided in me that she hoped I would inherit the house instead of my sister because it was clear that I wanted to fix it up and convert it into something good.",1,1
I remember going to the mall pretty frequently with my mom during middle school. I didn't really have any friends so we would spend the Saturday together. We would go to the stores she wanted to and mine and she would usually buy me something or for my brother. I would get jealous of him even though he wasn't with us. I would sometimes be mad at her even though she hadn't done anything.,0,0
"I remember my mom going back to school after raising four kids (me and my my three siblings). I think about how she wanted a more fulfilling life and things to do after raising four kids and I often feel inspired that she followed her dreams. This is partially related to the previous memory and how it started a lot of issues that resulted in my parents getting divorced, but that it helped her realize what her goals and priorities are and it inspired me to do the same, especially with regard to my education as well.",0,0
"This is one of the earliest memories I have. I was probably about 3 or 4 because my parents were still together. I loved the ice cream man and his truck and whenever I would heart my parents would give me money to get my favorite, the Red Italian Ice. When I was 3 or 4, one of my parents ran after the ice cream truck and got it to stop a couple of houses down. I was in the baby seat of a bicycle, and my other parent rode us down to where my first parent stopped the truck. I can't remember which parent did which, though I feel like my dad probably had me on the bike. This is one of two memories I have of my parents TOGETHER in my life that is of importance. It makes me feel upset that I can't think of any more than this one and the previous memory",1,1
"I remember one time when my dad was in the back yard using an electric saw to cut lumber for something and I was about 4, I wasn't in school yet. Anyways, I remember my nanny was in the kitchen with my sister and I but I kept running out to see my dad and get a piece of wood from him to play with and run back inside. I always love this memory because he was so giving and obviously he was trying to build something but he kept stopping to just to make sure I was having a good time. I just remember the way he smiled at me filled me with joy. He was present for the fun times sometimes.",1,1
"When I was a little kid, up until I was about ten years old, my parents grew most of their own vegetables. They had two big gardens in the backyard on either side of a big hickory tree. I loved their garden. In the spring my dad would dust off the rototiller kept in our basement and mutter and curse over it as he tried to get it started -- something that was, in retrospect, more of a production than it would have been had proper maintenance been a higher priority to my parents. I loved watching him tilling the garden plots, turning up the soft, dark soil with its worms, shredded bits of tree roots, and occasional treasures (plant tags from the previous season, the rare rusty nail). When he got to the second plot I would stand at the edge of the first and practice my long-jump, measuring my distance by my footprints in the soil. Or, if they were in seed already, I'd pick dandelions and blow their seeds over the beds so that I could watch where they'd land. My dad never stopped me doing either of these things. He was working hard, getting hot and sweaty, doing something that was more of a financial obligation than a hobby, and there I was, compressing the soil he'd just loosened or spreading weed seeds where he intended to produce food. He saw, and sometimes he teasingly chided me a bit, but he never got angry or told me outright to stop. My dad has always been a bit of a brusque man, impatient and a little quick to get irritated by people not doing things the way he thinks they should be done. When I was a kid I didn't always notice the size of his soft spot for children but when I think about things like letting me mess up his garden with hardly a word, I see it. I see how much more patience he had for kids than anyone or anything else in his whole life.",0,0
"When I was in junior high, probably 8th grade, my family went to the lake near our house. We weren't at our usual spot on the lake but a place further down the road with a little cliff overlooking the lake and a path down to the small beach. My brothers and I were swimming and playing around while my parents hung out up on the little cliff. When I got tired of swimming I went back up to sit in the shade for a while. I'll never forget my mom calling me buffalo butt when I got back up and making fun of my weight. For years afterward, I wouldn't be seen without a shirt on and wouldn't get in the water and the lake or a pool. She adopted buffalo as a nickname for me. It wasn't done in a mean spirited way. It just never occurred to her how it felt to me.",1,1
"Coming out as a lesbian to my mother was a decision I debated tirelessly about. She herself had never expressed opinions on it one way or the other, but she'd struggled with me starting to express more masculinely as a teenager before I'd come out as anything, even to myself, and she could be unpredictable. I wasn't sure what to expect. 
 I was seventeen and in my junior year of high school, my first year at a new school after getting expelled from my last one, and I was fairly sure that my coming out was the ""yearly tragedy."" I was having a lot of self-esteem issues, had pretty much decided that I was an absolute burden, and hated that I was going about and making another ruckus, even though keeping the secret felt terrible. My mother and I had always been very close. It was strange to know something about myself that she didn't, at that age. 
 I planned the whole day painstakingly. I took her to a local art museum, since art museums are one of her favorite places and we'd had many nice trips to them before. I told her ahead of time that I had something big I needed to tell her. She would later tell me she'd been wondering about pregnancy, drugs, or another potential expulsion. When I told her, it was without any confidence at all, just ""I think that I maybe might like girls."" To which she said, ""Oh, yeah, I know."" 
 We spent the rest of the day talking about it, and though there were several tense moments where she asked if I was sure I wasn't just asexual, if I'd ever had sex with a man to know, etc. Where I tried explaining what I thought were ""warning signs"" from my childhood, which I thought at the time justified my current way of being, she disagreed with me about my own memories and feelings from childhood and said I was just thinking of those things that way because of this news. That was all fine though. We spent the entire day out, and everything was fine. 
 High school being as busy as it was, with class and clubs and an after school job, I didn't realize that we hadn't spoken for about three days until I found my mom crying in the kitchen one afternoon. I stopped short, in the mouth of the room, and asked what was wrong. My mom isn't prone to crying. 
 The tone of her voice stabs into my chest as I type this. She snapped back, ""What do you think!?"" and I honestly wasn't sure yet. Then she said, ""My daughter told me she thinks she's gay!"" 
 She went on a tirade after that, screaming and carrying on. This wasn't normally how we talked to each other. In fact, expulsion besides, I was a pretty easy kid, very timid and passive, if a little strange now and then. We never fought. We didn't scream at each other. 
 Two more lines are prominent from this memory. Her asking, ""Don't you have anything to say for yourself?"" to which all I could do was apologize, and ""You're tearing my religion apart!"" 
 I don't know if I'll ever forget that last one. I don't know why it sits so heavily with me, but it's the first thing I think of every time I think of coming out to my parents. I always think of how my mother looked, half-dressed in her ""going to town clothes,"" sweating through her shirt, with a towel tied around her head and no makeup yet. Barefoot. Making a sandwich or a salad, I can't remember. I remember feeling frozen and rooted to the spot, at a loss for words because I'd thought things were fine, I hadn't expected to have to defend myself. 
 As i think of this again, I also remember her saying how she understood now how parents could disown their children, and that her life must have been so hard and horrible because God was preparing her for this. I left, went to the front porch, and hid outside for the rest of the day. 
 Things are better now. My mother is one of my biggest supporters, but I cannot remember for the life of me when or how she started to come around to the idea.",1,1
"My family is originally from southern Louisiana. When I was 18, I went away to NYU for uni, which was a very unpopular decision with most of my family. My mom came with me to get me set up. We went to the Cake Boss restaurant, a Red Lobster, and more. We also had this awesome caricature done of us together. Recently, I had started to look more like my mom and less like my dad. This really showed in the caricature and was very amusing to me.",1,1
My dad was a hard working man he worked as a carpenter and electrician. One of my first toys was a wood jeep he made for me. I played with it all the time and always brought it with me. He worked so hard even on the holidays. On the holidays he would cook a big dinner for all our family members. He would usually make ham or turkey regardless of what he made it was always a great meal. When I was older I learned he had a woman on the side and when my mom found out she cried whenever she was alone and did not think anyone would see. Our family was perfect from the outside but on the inside it was a different story.,0,0
"A lot of my memories with my parents are from family vacations. In particular for my dad, I have a lot of memories of what I did as a kid up at our family cottage, like shooting off and looking for model rockets, fishing, and starting campfires. One of my favorite memories was the first time we snorkeled and looked for crayfish under the rocks. I remember the taste of the old yellowed rubber mouthpiece that used to be clear, the too-big orange flippers with a crack, and looking through goggles that kept filling with water. I remember moving around at the base of the large tree that grew partially into the water moving in and out of shade and through patches of cold and warm water. Whenever my dad would flip over a good-candidate rock a little cloud of silt and dirt would unfurl and settle down and out in slow-motion. It seemed very mysterious to me how the rocks were being selected, and how my dad was able to spot any crayfish through the cloud of silt. I remember seeing them sometimes and how they would propel themselves backwards in very quick little bursts. The combination of their claws and quick movements had me on edge even though they were only an inch or so in length. I remember my dad would catch them and try to get me to hold one, or at least transfer it into a bucket, but I was too scared to hold them.",1,0
"Another self-defining memory that I have about my parents involves my mother and how I found out that she had stolen from my checkbook. I received notification from my bank at the time that there had been forgeries on two checks of mine, and I immediately noticed the handwriting as belonging to my mother. Unfortunately, on top of my checking account getting overdrawn, I ended up having to file police reports in two different counties because of what had occurred - one because of where the checks had been stolen and another because of where the checks had been cashed. It pained me to do it, but on the other hand, I knew that I was doing the right thing.",1,0
"Father always attaches importance to family affairs rather than his own interests. When I'm going to university, I need a lot of money. Father at that time also needed a lot of money for the development of his business. But he was more concerned with my educational needs than his business. He relented giving the money to my college. 
 He tried to streamline his business expenses to survive. He was willing to work on a bus instead of buying a car. The distance between the house and the office is quite far.",0,0
"One day I had a severe accident. I ran out of blood and had to get a blood donor immediately. The mother's blood type doesn't suit me, while daddy fits me. But now father is having an important meeting with clients in another city. Mother contacted my father and said that I had a serious accident and needed blood donation as soon as possible. Father said goodbye at the meeting and went to the hospital. Luckily it's not too late. With my father's blood donation, I was finally helped. Father prioritizes family over others.",1,1
"When I was young my parents would get along pretty well but every once in a while they would have a large fight. One of these fights, I don't remember how old I was, maybe 10 to 12, but I found out the reason they were fighting. My dad has a gambling addiction and he had lost a very large amount of money at a casino. At the time I didn't have any frame of reference to understand how much money it was, but I remember how loud my mom was yelling and crying, and I remember being scared and hiding in my room waiting for it to end. I remember her saying that we might lose our house, and she didn't know what we were going to do. I think having knowledge about these kinds of financial issues and hearing them fight like that contributed to issues dealing with anxiety that I still struggle with today.",1,1
"I remember swimming in the lake at my grandfather's lake house. My dad had need to get gas for the pontoon boat, but the nearest marina was closed and my mother need to buy bread for sandwiches, but it was a thirty minute drive to town. I thought it would be a great idea to have a marina/grocery store that would come to you so that you didn't have to travel for fuel and food. I made up a jingle for this ""floating marina"" and sang it all day.",1,1
"In terms of public services, we also get different services. I will have my mother checked because of a hospital illness. I've taken the queue number first and there are some white people taking the queue number afterwards. But I have not been called in yet, while they have been told to go in to check the doctor. I felt something was wrong in this situation, then I asked the receptionist. They did not answer and left immediately.
 My mother said that we must be patient with all this. We do not make noise that can cause us harm. Everything will be fine in time, according to my mother.",1,1
My parent s were not happy making it very had on me My dad had girl friend s and they would fight all the time I would hear the fight and was so scared..My parents were very poor no money sometimes I would see boys and I was in attraction of then the school girls were not pretty I like the boys...I was bullied in school by the big kid it was bad for me I felt like I did not belong i was very poor always hungry No snacks or candy soda waas a Christmas for me,0,0
"Another self-defining memory with my parents has to do with my career aspirations. When I was in high-school I was very involved in church youth group. Honestly, I wasn't overly religious but I just liked the community aspect and volunteer opportunities. As the end of high school approached and we started talking about career choices I mentioned want to maybe be a youth pastor. It was kind of like being a teacher but a little more personal. I remember my mom tell him that women weren't pastor that it wasn't something a woman could easily find work in. I found that surprising coming from my mom because she is a strong woman but it was one of the things that lead we away from a relationship with the church. It is not the career I choose in the end and realistically my mom probably saved me a lot of heartache over all but being told that I couldn't do something that I saw as good work because I was a woman was very troublesome to me at the time.",1,1
"When I was in high school, I had a friend that was a girl. She turned out wanting more out of the relationship than I was interested in providing... We always used to hang out as best friends though at school. One time, we decided that we wanted to go to the movies and see whatever was cool at the time ( I don't remember what it was, but it sucked) and I figured I could go to my mom and ask her if she would take us and pick us up. My mom agreed.
 
 On the way to her house, my mom started asking questions about the girl, obviously trying to get me to admit to her being my girlfriend and how she thought it was great that I had her. I dismissed every time she insinuated this and was getting a little frustrated because little did she know, I was neither interested in my friend like that nor interested in girls in general and had already been with another guy before. 
 
 We finally got to my friend's house and seeing the look on my mom's face turn from interest to disgust as she found out that my friend was not the same race as me is something that will always stick in my memory. I learned on this day that people can't be trusted with their public emotion because it is so hard to tell what fucked up prejudicial nonsense exists in their mind when they don't think people are listening or watching.",1,1
"I was a couple of months into my first relationship when I came out to my dad by accident. It wasn't planned by any means and I was afraid of what he would say. I was in the car with him and I was telling him a story about my girlfriend at the time. It was a story that involved people starring and he asked 'You know why people stare don't you?"" I asked him why and he said ""it's because they think you're a couple"" I replied ""What if I told you we are?"" His response? ""We'll you were kind of my last hope for grand kids."" 
 
 Forget the fact that my older brother and his wife have 2 kids already. Granted they are not my brother's biological children, but they are family. He made it seem as if my uterus stops working because I'm not into men. As if that's my only purpose in life, to reproduce. Never once stooping to consider if I even wanted kids in the first place.
 
 Now, knowing how he feels about a child needing to be biological to be considered 'his' I'm nervous that when my partner and I decided to have children, that if we adopt that he may not accept those kids. And that would only serve to harm our relationship that much more.",1,1
"Similar theme to my last memory, on my first day of high school, my dad drove me to school. I was nervous about starting school but happy that he had taken me and I did not have to ride the bus that morning. He dropped me off at the front of the school, and I leaned over to hug him goodbye and say thank you for the ride. I caught him off guard, so I was sort of able to wrap my arms around him before he stiffened and rebuffed me. ""Not cool son. That's not cool,"" he said, as I pulled away. He did not hug me back. I got out of the car, and he drove off to work. To my knowledge, no one saw me hug him, and no one said anything to me about it, but his reaction was so shocking to me that I wasn't sure how to process it. He explained later that he was worried that someone would see and tease me for it and that he wasn't declining the hug, but it did make it uncomfortable to be vulnerable around him for a while.",1,1
"I had a rough time in junior high and high school. Looking back, I very obviously had mental health issues and should have gotten therapy, but at the time, nobody really understood what was going on, least of all my parents. Around 7th grade I started hating myself. I started questioning my faith, which seemed like the worst thing a pastor's daughter could do. I didn't understand certain oxymoron's of our Christian denomination, and it made me feel like a terrible person, that I couldn't just ""be a good person"" and believe what I was supposed to believe. Anyway, so I spiraled into a deep depression and began self-harming and really struggled with suicidal thoughts. In 9th grade, when my parents found out, they sat me down in the living room and proceeded to have one of the most awkward conversations of my life. They asked me why I was hurting myself, and I wouldn't respond. My mom asked the worst questions. One of her first ones was, ""Are you GAY?"" And I was horrified. This wasn't the first time someone had asked--I was really close friends with this girl at school, who also struggled with self-harm and thoughts of suicide--and I had heard the whispers before about our friendship, and had been made fun of. ""NO!"" I responded (And I honestly believed it, at the time. Being gay just wasn't an option for Christians, I believed, and I was so deeply closeted I wouldn't realize the truth until my junior year of college). My mom's follow-up questions weren't any less uncomfortable. Had I been molested? Did one of my brothers sneak into my room at night and hurt me? Had anyone else? (No, to all those questions). Apart from the mortifying embarrassment of having this sort of conversation with one's parents, I also remember feeling frustrated that they couldn't understand my depression, that (they believed) there must have been something else wrong with me, or something else done to me, that made me this way.",1,1
"This one is a little fuzzy. It was my 22th birthday and I had made plans to spend all day with Zee. We had a great morning in SF. We had dinner reservations, and got back into town a little early to make them. We ended up hanging out at the mall for an hour or so before dinner. My mom started bombarding her way into our dinner plans, and insisted upon joining us. All I remember is that she badgered me enough that she came to dinner, but ruined the entire day.",1,1
"My mother, my stepfather and I lived in an apartment when I was 6 or so. I remember one night my father came to our home to start drama. My mom asked him to leave and he did not and my stepfather and biological father started physically fighting. I just remember me sitting criss cross on my mom's bed screaming at the top of my lungs. To watch physical violence at such a young age was very traumatic and as a 6 year old, I had no idea how to handle it so screaming and crying was my only option. I remember my mom swinging a broom at my biological father trying to get him to leave. While doing this, she knocked over a burning candle that was on the tv stand. Thankfully, the candle's flame went out but wax was everywhere, on the tv stand, the floor and the wall. I do not remember what the argument was even about or why they started fighting but I presume it was about me. My biological father attempted to always claim that my stepdad was the reason he did not come around much when in actuality, it was his own fault because he is selfish and a deadbeat. Today, I laugh about the situation that happened that night but in reality, it is me laughing at the trauma that occurred, not because it is actually funny.",1,1
"When I came out to my mom, she accepted me and told me I could date whoever i wanted to, as it was my own life. She was supportive of me and the following partners that I had throughout the years. I felt accepted and cared about. She never questioned my sexuality as a phase or insulted me for who I am. It was never hard to talk about my relationships, no matter the gender.",1,0
"My parents are Hip to the current Topics but when it has to do with their children its another thing i am a good girl but I have my needs to be filled and wanted.. Dad is a womanizer looking at the hotties in dresses and shorts we live by the ocean and there are enough of these young girls walking on the beach Mother always looks at the Beach life guards deep looks make me thing that they do not have a happy sex life but i can say just feel it in my gut,, from the very first day i know I was gay in high school they called us always on thursday it was weird to be talked about i was suspended for wearing a short skirt Yes i wore panties see thru",0,0
"My mother once divorced from my dad became a very different person. She began to prioritize herself (she was in her early 30s) and put my sister and I on the back burner frequently. I remember pleading with her to not go out and get drunk (she would routinely be out until 3am) because we wanted her to stay home with us. As an adult now I realize it was selfish on both our parts, my mother needed her own life but not at the cost of ignoring my sister and I.",0,0
"Another bad memory about my father was the second and last alcohol drama he made before he had to leave home. This was in the summer time and I was about 9 to 10 years old and every summer we would visit my moms family in Salinas. My dad decided to stay back for reasons I don't know why. As we were returning from Salinas, we get a flat tire in Mayaguez and my mom didn't know how to change one then. So, we did get a good Samaritan helps us out with changing it but when we did get home, Dad was drunk and started shouting and asking why were we so late and once Mom explained what happened, Dad shouted that on how he knew it and was asking God for that to happen to us. That was the night he lived with us for after that incident we left to my Aunt's place.",1,1
"When I was a freshman in high school, I qualified to go to state for golf. I was the youngest person to get to go, and the only person from my school. I was gifted a condo to stay in while there, and I was allowed to bring one adult and a friend. My best friend was definitely coming with me, but I had to decide whether to bring my mom or grandpa. My mom has always been my biggest cheerleader, but my grandpa was the person who taught me to golf. We had been going to the course since I was five years old. My mom and I didn't even have to contemplate; my grandpa had to go with me. 
 
 That trip was one of the best trips of my life. My coach and my grandpa were so proud of me. I was so happy to see my grandpa so excited for me. With my dad out of the picture, my grandpa was my father figure.",0,1
"My mom always told me that money doesn't buy you happiness. I always disagreed. Money may not be able to buy you happiness but you need money to be financially secure. You need money to be able to live life without worrying about things being shut off or cancelled. I had always believed my mother had to tell us that money doesn't matter because she didn't have much of it. Now, I realize that wasn't the case. She was teaching us to be less materialistic. To remember that life is about happiness, not money or material.",0,0
"Growing up, I would go to my dad's apartment every weekend. I loved going because we would also go rent movies, play games, or just do really fun things. I remember one Friday we went over to my aunt's house to see their new baby chickens. I was about six or seven at the time so I was in LOVE with these things. They were honestly probably the cutest things I'd ever seen at this point. I stayed for over an hour playing with those guys; and when I got home they were all I could think about. The next morning, it was obvious what I wanted to do that day. You guessed it, go visit the chickens. I begged and begged and BEGGED my dad to go back over to my aunt's house. I probably begged from 8 am to 2 pm. I knew I was annoying the hell out of him but I really wanted to go see those chickens. After six hours of begging my dad finally had enough; that's when he hit me. This had never happened before and I was in shock. I was still super young so I had no idea what to do, so obviously I started crying, but he didn't stop til he made sure I would be quiet.",1,1
"My wife and I got engaged in Paris, and it was every bit as lovely as you would think. My parents were not especially sure that they liked gay people at the time, so I wasn't looking forward to telling them. I called them from the customs line at JFK, and all my mother said was ""well, I guess it's legal now so we can't stop you. But I hope you think about it a lot because divorce is really expensive and it will ruin your life""
 
 Not a word of congratulations.",1,1
"I was the first of my mother's children to attend college, and at the time the rest of the family was living overseas from where I would be attending school. My mom flew with me to meet my grandmother and aunt to move me in to school a little early. At a certain point she had moved me in, but was having trouble leaving me behind. I had some trouble with it too - I desperately wanted to start my new life, but the separation was incredibly painful for her. I can distinctly remember her pulling away after my aunt almost forced her into the car for the night. The slightly painful thing about his memory is that it was the start of a long and unnecessary amount of distance between us; I made myself more busy than necessary with school and friends and started a pattern of accepting, but not necessarily returning or freely giving attention back to her. We're very alike, and it sometimes means we chafe against each other, and this was a moment where that crystallized our relationship to each other as adults.",1,1
"This one is more recent, but officially a year old last month. I had a boyfriend and I broke up with him. My mother still continued to talk to him. I remember getting fed up and telling her that this man that she thought was so great, had drugged me, and he wasn't great, and she needed to stop talking to him. I broke up with him because he was cheating on me, and he had drugged me (not as dramatic as it sounds, but he gave me alcohol to drink with weed-infused into it. He didn't tell me it was in it, and he gave it to the whole party and thought it was hilarious). I thought this would be enough to get my mom to stop talking to him. I thought my mom, who saw how much this man had broken my heart, would understand. Instead, she told me ""That didn't happen. You're lying."" Then, she told me that if I really loved him, I wouldn't be going on dates .. Even though my dates were after we broke up, and he was going on dates WHILE WE WERE TOGETHER. It upset me so much and it perfectly describes my relationship with my mother and how hard it is for me to trust people. It's like every time our relationship gets better and we start to bond over something (In this case, heartache), she shows me how truly crazy and manipulative she truly is. People don't understand how terrible my mother was to me as a child and continues to be because she is so great to other people. Everything she does is behind closed doors and denied if brought up later. It has been such a frustrating battle for me to trust others when I grew up with a mother who would so frequently switch just like that on you.",1,1
"My childhood dog passing away. It was so weird, because I had seen her two days prior and she was completely fine. My dad called me the next day and told me to come right over, because he had taken her to the emergency vet because she was having trouble breathing. I stayed over at his house until 12:30am that night, petting her and laying with her. My dad finally had me go home to get some sleep and took over looking after her. He says he woke up at 5am and she had calmed down, and was breathing normally. When my stepmom woke him up at 6am, she was gone. I had never been to a crematorium before, but I helped my dad, my stepmom and my little sister take her to be cremated. I will always be grateful for my dad taking care of her in her last moments, and also for making sure we had the money to take her to the vet and to cremate her for me.",1,1
"When I would stay with my dad, he liked to watch a lot of movies and fall asleep loudly on the couch. He would wake up randomly from the nap to comment on the movie. One movie that he watched included explicit nudity of a woman. I was young, so I covered my eyes. My dad uncovered my eyes and said to look at the movie. I did what he said, and then he said ""you better not become a lesbian."" This sounded like a violent threat, especially after the previous choking incident, but I was extremely confused. I did not know what a lesbian was, and he did not explain much after he said that.",1,1
"When I was 19, my eldest brother killed himself. He jumped out of the balcony of my mom's apartment. He had had a psychotic episode two weeks before, and the doctor suggested he stayed at my mom's. It looked like he was getting better, and that day, he asked my mom to go for a walk. When she went to take a shower before the walk, he went outside and jumped. 
 I always think about what my parents did wrong for that to happen. Could they have prevented it in some way? Not only if my mom hadn't gone to take that shower. But also more generally, thinking in our upbringing, in how improvised they were, in why they decided to have three kids when they didn't have the money to support them well (we weren't poor or anything, just middle class, but sometimes it was hard making ends meet). And then, divorcing when things went wrong, and my sister was just 5. I think about this, and I think that's why none of my siblings (or I) has had kids, and we're all in our thirties.",0,1
"I remember once, when my dad and I were downstairs watching T.V. I had popped off a snarky comment or something similar. He grabbed the spoon and I ran from the room and hid upstairs under our tall sofa table. He came stomping up the stairs, ready to spank me. I remember how angry he looked, first at me, and then I watched the anger turn inward. Looking back, I realized he hated seeing his children so afraid of him.
 In his anger, he bent the spoon in half, but it didn't break. I was terrified, because I believed the spoon was wooden (I learned later it was plastic) and that my dad was so angry he could BEND WOOD.",1,1
"I'm getting really bored of my parents, not gonna lie. So before the aforementioned attempts to butch me up started, I remember the Halloween after Batman Returns came out I was set on dressing up as Michelle Pfeiffer's Catwoman, and the ""Who asked you, bitch?""-level judgmental comments started before we even got to the cash register with the costume. My mom just sort of brushed off some woman we didn't know at Kmart or wherever we got it. Dad would've preferred I picked something else, certainly. We also changed into costumes for part of the day at school and various classmates I didn't value the opinion of remarked about it as though they were speaking quietly enough I wouldn't hear but loudly enough that I did. In the dark for actual trick-or-treating I guess I passed, I don't remember anyone refusing to give me candy or hate criming me or whatever the night of.
 
 There are lots more memories out there of me getting in touch with my feminine side, but just to add more context to the classmates thing, there was also a costume trunk you could sign up to play with at a certain time of the day and I definitely threw on an oversized dress and chilled more than once. I thought nothing of it, but the same bitches I didn't like seemed to. I started thinking back to the Halloween costume because of all the weird social media parents getting way too much praise every year now for letting their kids dress as this or that gender nonconforming thing for Halloween now and I always post something about how they're not exactly trailblazers. I do wish my appreciation for ""girl toys"" and stuff hadn't been discouraged so harshly at some point after that, but it had been a high point for my opinion of my mom at the time. She's definitely supportive now, so all's well that ends well.",1,1
"While my parents have shown support for me in the past, we did recently get into an argument. My parents argued with me about why transgender people should be allowed to transition. While I am cisgender, this was a self-defining moment because I had never talked to my parents about my transgender friends. I have also never told them that I support trans rights because they are so adamantly set in their ways. However, it was the first time they had actually listened to my side of the story. I told them about recent studies that had come out about transgender individuals having brain activity similar to that of the sex they transition into. I told them about struggles my friends have been through. It was the first moment that they 1) listened to me and 2) admitted the humanity of transgender individuals. They normally disregard what I have to say, but this was the first moment I realized they were trying to be more educated about the community I inhabit.",1,1
When I was in high school my parents and I had discussed how they were spoiling my sister. We would often argue about this as she had cancer and they felt that spoiling her was okay at the time. While I was a sophomore in college my parents and I were just talking one day when I was home on summer break in the living room when my sister was not present. They admitted to me that I was right about not listening to them and that they apologized.,1,1
"On Christmas, my mom gave my brother and I a leash or a dog collar. She told us we could get a dog. We were so excited. We had wanted a dog our whole lives. We were finally getting one and we expects to get it that day. We waited another few months but got our favorite dog. My dad never wanted a dog but loves the dog more than any of us probably. My mom is also very attached to the dog hut treats him like a human child.",1,1
"I remember going to see the United States Women's Softball team play before they headed off to Athens for the Olympics. We got in the old car and backed out of the driveway and hit the car that was backing out of the driveway across the street. I was worried that we wouldn't make the trip but it didn't phase my parents, they both said ""We have another car"" and took all of our stuff out of that car and packed the other car.I remember arriving to Connecticut and my Mom finding a ticket and happily sending me in alone to watch the game.",1,1
"Thinking about family dynamics after a marriage is a big deal for many people, and it certainly was for me. Having been married and divorced from my ex-husband and having had a very ""traditional"" feeling wedding and in-law relationship between my ex and my family, I wasn't quite sure how things would go with my second marriage - to a woman. After my wife and I got married and we walked down the aisle, we turned and waited to greet people. The very first person to come up to us was my dad. He hugged my wife and said, ""welcome to the family, daughter!"" I've never felt more proud of him and grateful for who he is.",1,1
"When I was 16 I told my parents I was molested. I told them that it was a family member and that it happened when I was 8. I thought that they'd assume that if I was molested I was gay, but they didn't associate the two. I remember not being able to look at them because I was so ashamed. I remember thinking that they would think I was weak or wanted it to happen. I cried myself to sleep at 4 in the afternoon. That night I slept so deeply it was the hardest I have ever slept and I remember waking the next morning and asking them for counseling.",1,1
"I'm not sure why this memory made such a dramatic impact on me, but somehow it did. When I was about 7 years old, my mom was cooking in the kitchen and so I decided to join her. I asked if I could make brownies. She got down the box of brownie mix and helped me get all the supplies and ingredients out on the counter. I opened up the box and then proceeded to try to open the bag of mix, but in doing so, the whole bag flew open and all the brownie mix flew all over the kitchen. In that moment I was embarrassed, devastated, and very disappointed in myself. I expected my mom to be angry or upset with me, but instead she responded with grace and love. She encouraged me, helped me clean up, and got out a new box of brownie mix.",1,1
"When I was growing up I always played hockey. My dad sort of knew how to play but my mom didn't. My dad, however always supported me in whatever sport I wanted to do and would try to engage in them with me but hockey was never something we really did together until I was older and I forced him to go skating with me. I took him skating a few times at first and then eventually he got really good at it. I remember the last time we went skating was last winter and he was so happy he could still skate after his knee surgery.",1,0
"A friend of the family used to tell me that my mother used to beat me because my dad cheated and we favor. One day she beat the skin off my arms and legs, because I didn't move fast enough after having both legs broken at the knee 2 years prior and still having a plate in one leg, and when I didn't cry before going to school, she began to talk down to me. That was the day that Id determined I would not become a mother and not pursue having 3-5 children because I didn't want to chance becoming like her.",1,1
"My first memory is of me and Shaun in the PX mall. It was 1993, and we were headed on base to see my dad in the classroom. She bought me a Goofy lollipop which is the only time that's ever happened, and we went to the school where they were having a field day on the hot playground. My 6'3"" father was bouncing along the relay path on a tiny inflatable bouncy horse and i thought it was just hilarious",1,1
"I was in high school when I first started to really think that I had anxiety and depression. This was something that deeply scared me, as I knew nobody who had any kind of mental illness. I kept it to myself for so long, but one day I decided that I needed to tell someone else, since I thought that professional help might be a good idea. I had no idea how to talk to my parents about this, but after school one day I decided to just go up to my mom and tell her how I was feeling. I remember crying, and saying that I believed that I had anxiety and depression and that I didn't know what to do. I still remember how much it hurt to hear by mom brush aside what I was saying, explaining that everyone in high school feels that way.",1,1
"My parents always prided themselves on being very open-minded. They're the kind of liberals who imagined themselves to be completely LGBT friendly but wouldn't use they/them pronouns for my sibling when they first came out in 2015. My dating life in high school was abysmal, a string of unrequited crushes and rejections punctuated by a 2-year long crush on a guy who later came out as gay. I remember one time, before I ever came out or even realized I was queer, my mom was asking me about my dating life. ""Do you have a boyfriend?"" she asked. ""No,"" I said. ""Do you have a girlfriend?"" ""No, mom. I'm not gay."" ""Hm,"" she said. ""You'd be much cooler if you were a lesbian.""
 
 At the time, I thought it was funny. It's still funny. It's a story I tell often, with the added layer of humor now that I actually ID as queer. It's also emblematic of my family's relationship with queerness. Being LGBT is something ""cool,"" something ""interesting"". How could homophobia still exist if my mother, in the mid- 2000s in Wisconsin, could joke about something like that? It's also a good example of the attitude my parents had towards me at the time- that I would never be good enough, cool enough, smart enough. Even something like my sexuality, that I couldn't change, could have been ""better"".",1,1
"I was 3 or 4 years old. I remember not feeling well. I remember pain, but it is vague. My mom was trying to pull my shirt off over my head and I kept screaming and crying. It was a dark blue and white horizontal striped Levi's ringer tee. The neck hole was always a little tight anyway. She was yelling at me to be quiet. My dad was trying to make her stop because he could see I was in pain. They took me to the emergency room. I remember it being cold. And the stethescope was cold.",1,1
"I am at my sisters wedding. It is a destination wedding in Italy. The lead up to the wedding was fraught with drama because my brothers only recently found out I was gay (mom kept it a secret from them and I never told them) and that I was dating a guy for about 3 years now. I was living in a different country than my brothers and we didn't talk so it wasn't hard for them not to know. When the wedding was planned, I was obviously going to bring my boyfriend - I had been dating him for longer than the engagement. But my brothers didn't want him to come. They thought it would be awkward, especially for my dad who would be ashamed to have me there with a boyfriend in front of all of his friends. All of these conversations were mediated between my sister - my brothers never spoke directly to me. I reached out to my younger brother on Facebook, asked him to explain his worries and tried to be open about it but he said that my boyfriend couldn't come and that was in. He blocked me on facebook so that I couldn't send him anymore messages. My sister eventually said my boyfriend could come so I went and it was fine. When we were leaving Italy, my dad shock my hand, gave me some money (that's how he shows affection), said ""it'll all be fine"". He had tears in his eyes - that's the first time I saw him cry.",1,1
"My dad was an extreme alcoholic. I would remember my mother always aiding to this. She would bring him to the bar nearly every night, especially on the weekends. I recall him coming home drunk many times. I would always find somewhere else to go, whether it be with friends or other family members so that I was not home when he would come home. If I was home, I would pretend like I am sleeping so he would not bother me. During this time, my mom would never admit that he had a problem and would just keep making it worse by bringing him to family events where alcohol was present and to the bars where he would meet up with friends and drink.",0,0
"When I was in preschool, my dad would pick me up on his motorcycle. I can remember him showing up after nap time and I would have to put on all my gear- heavy overalls, gloves, boots, my helmet, and glasses. When we would get home, my dad and I would watch an episode of Gullah Gullah Island on Nick Jr and eat oatmeal cream pies while we would wait for my siblings to get home from school.",0,0
"My sister and I sit cross legged in my bedroom with the door locked; she came home to me, age five, in the living room with our parents as they held lighters to broken lightbulbs. I would learn later that they were smoking crack cocaine. At this moment, I have no idea what they were doing, why we have been quarantined to another room.
 
 “What do you think they’re doing?” my sister asks. 
 
 It makes no sense and shows my lack of understanding about the situation, but I respond with “making babies”.",1,1
"Neither of my parents went to college. My dad started but dropped out when my mom got pregnant with my oldest sister. I am the youngest of four kids, and the second of us to graduate from college. Both my oldest sister and I have advanced degrees. 
 
 When you go to school in a different country, graduations always require a little forethought. Only one of my parents could attend my undergraduate graduaton, and it was my dad. I had spent my senior year dealing with an abusive relationship, and my grades suffered. Nevertheless, I was inducted into Phi Beta Kappa, which was a huge deal for me. The graduation ceremony came and went, and all was well.
 
 After graduation, my mom called me to tell me how disappointed my dad was with me. He said that I graduated at the bottom of my class, and was one of the only people to not graduate with honors. He had opened the envelope with my grades that was sent to my sister's home (my permanent residence) and they weren't up to his standards. To this day, I don't understand his disappointment, or why my mom took it upon herself to tell me about it.",1,1
"I got married in the later summer of 2016. We had planned to do the wedding in the park near our house, a very simple ceremony and then a bbq back at our house later. My parents showed up early to help us get everything ready, my mom brought a ton of food, and helped set up the music and decor. 
 Right before we were ready to start, my dad asked if he could walk me down the aisle. I had NO IDEA that he would want to do that and was really surprised/moved. I hadn't asked specifically because I didn't think he would want to. My spouse's father wasn't in her life at thte time so he ended up walking both of us down the aisle together. 
 I never had felt as accepted by my family as I did that day.",1,1
"After my real parents died, I was adopted by my older sister and her husband. They were 27 years older than me so I was the same age as their children. I remember acting out one day and stealing money from my younger niece's piggy bank. It was the first time that I was whipped with a belt for punishment but I remember it like it were yesterday. I had welts on my bottom for a week.",1,1
"This memory revolves around my mother. A more recent click of just how much my mother loved me. I was in elementary school and the hype for Harry Potter was all too real. I had just finished reading the 4th book and like any other kid in my class, loved watching the movies as they came out and did my best to finish these books once they've come out. Because of the movie adaptions, costumes for Halloween were filled with Harry Potter characters left and right. It was one of my dreams to dress up in a Hogwarts Gryffindor robe and pretending to finally be able to use magic with my trusty wands and years and years of study! But as with any middle class Latino family with 5 kids... The costumes were too expensive. It saddened my little 4th grade heart, but I understood. I couldn't ask that much of my parents. But one day, I see my mom working on something. She had found a black cloak from somewhere... Maybe it was from a previous costume? Found it at a thrift store? I really don't know the details but I noticed she was sowing something on it. I walked up and saw that my mom was sowing a Gryffindor House emblem on to the cloak. I was so excited and it looked so much more professional compared to the iron on designs the other costumes had! When the Halloween festival came around at our school I walked in with my chest puffed out and excited to show off the new costume my mom had finished making for me. She really did that.",1,1
"I went to half day kindergarten in the afternoon so every day before I went to school, i would have lunch usually at the dining room table because it was near the TV. I would be watching a kids show on PBS, but my mom would make me change it to a local station so that she could watch the news. That's how as a kindergartener, I followed the OJ Simpson trial in the early 90s. I would beg and plead to keep watching whatever kids show was on PBS, but my mom always won out because we only had one TV and she needed to see the weather. Unfortunately, i had to suffer through the news to get to the weather.",0,0
"When my dad went to jail the first time, out of many times, my mother sat me down to explain why exactly he was in jail. I could tell my mother was flush and embarrassed. I came to find out that she had no idea until that day I had a half sister. She explained that my father was in jail for skipping out on child support for my half sister, and that despite a paternity test he believed he was not the father of my sister. I remember us both thinking that he was insane to not believe the physical proof of him being a parent to another person. I was hurt because I had always wanted a sister after thinking I was an only child for years and I had made this desire known to my parents. All I wanted at that time was to reach out and contact my sister. I remember resenting my father more than usual that day, but my feelings towards him were also growing even number.",1,1
"I stopped speaking to my dad three weeks before he died. I don't know what I would have done if I knew he was dying, but it was the right decision for me at the time and I couldn't regret it afterward. My dad was an alcoholic and had been very ill. My sister and I had moved our dad to live in the same town with us, knowing that his health was bad. He was in the hospital for several weeks over the summer and had become increasingly unkind, or just downright mean. I was working full time and trying to help him out, at the hospital almost every day, and the stress was weighing on me. Over the years, my own mental health has been a constant struggle, and at that time I was really struggling to stay balanced. I took on a lot of extra stress whenever my dad was in the picture, in large part because I could identify with him so much that I experienced simultaneous sympathy, frustration and hurt throughout our relationship. (I am not addicted to any substances but our mental health struggles have been similar in trajectory.) On the day that he was due to be released, I went to the hospital to pick him up, and my dad was in a foul mood. He was rude to the hospital staff and hateful and demanding to me. I told him I was done with him and didn't want him in my life anymore and left him money to take a taxi home instead. It was not a spur of the moment decision, although it probably seemed like it to those around us. I had become so frustrated with my father that I could no longer appreciate the side of him that loved me, taught me important life lessons, and supported me in all my endeavors. Was I sad that my father died without a reconciliation? Of course. However, his behavior warranted my reaction, and I had no way to know what the future held. My sister was furious with me, and accused me of cutting people out of my life without reason. I needed space, and emotional safely, and I no longer got that from the man my father had become in the late stages of his disease. After his death, I found an apology note my father had drafted. His disease was pronounced in the shaky hand-writing on his letter- the first draft I found was almost illegible, and the second one not much better. But I was grateful to have that sign that he wanted reconciliation, and it went a long way toward helping me to forgive him in the years after his death. I keep that note in my jewelry box next to other precious memories.",1,1
"Once, my dad told me, as if it were a bon to his great virtue, ""At least I haven't molested you.""
 
 And it's true, he hasn't. But my relationship with my dad regarding my body has always been very troubling for me, and I have only just now, within the last few months, been able to unpack some of the internalized shame and manifested body dysmorphia that was caused in part by what he said to me growing up. 
 
 This is a very short memory, but it sticks out in my mind very clearly.
 
 Some backstory. My dad would always make passing comments about my body. He would say that I would get ""all the girls... if I would just workout."" He would say that my legs looked weak. He would tell me that he noticed my ""breasts forming"" (I have gynecomastia caused by taking risperdal for a mental health disorder), and that he thought that if I would just do some bench presses, I would be able to ""take care of that.""
 
 I always knew he was ashamed of the way I looked. He never made any positive comments about my body. They were always creepy negative comments. 
 
 He would also take liberties with me since I was very young that I was not okay with and never agreed to. He would tickle the back of my neck, even when I was a teenager, with his fat, stubby fingers and I would ALWAYS look at him like he was irritating the heck out of me, but I would never say anything because in those days I was afraid to confront his narcissism. He did things like that all the time. He would lightly tickle me or poke me when I wasn't expecting it and I would glare at him, but it never stopped.
 
 Until one day.
 
 When I had had enough, and was more brave and would soon be leaving his ""domain,"" as I call it, I confronted him. He had walked by me and lightly tickled my knee. I jerked away and glared immediately. He said something about ""how hairy I was getting."" I had had enough. I told him to please not touch me like that ever again. That it was no longer okay for him to tickle me, or poke me, and it was certainly not okay for him to comment on my body like that. I was so angry, yet I was also so scared. I knew I had poked him back with that demand, and that his authority in his ""domain"" had been tested, and that never went well. 
 
 He responded in anger. ""YOU ARE MY SON. I CAN TOUCH YOU WHENEVER AND HOWEVER I LIKE.""
 
 Keep in mind that I was 17 or 18 at this time. 
 
 ""That is a serious violation of my boundaries. It has always bothered me that you do that, and I have never been okay with it, and it IS going to stop.""
 
 ""YOU ACT LIKE I'VE MOLESTED YOU"" he said. ""I AM NOT A CHILD MOLESTER. I TOUCHED YOUR KNEE.""
 
 I told him I didn't care, and that he would not ever touch my knee or any part of me again if I did not want him to. I told him I was old enough to set my own boundaries on physical affection, and that he had crossed the line many times in the past, and that it wasn't going to happen anymore.
 
 This conversation was happening while my whole family (there are 8 of us including parents) were gathered in my parents' room for our evening prayer, so everyone was privy to this conversation.
 
 ""Well I have never molested you, and you shouldn't act like I have because I have been a GOOD DAD to you and your siblings.""
 
 Still, I said, it will never happen again.
 
 This was just another stone in the wall built between me and my father. To be honest, I have no wish to reconcile with the man. I only care for my mother and siblings (my siblings do not have contact with me and haven't since I came out, because my dad is concerned that I will ""indoctrinate"" them with my ""lifestyle"").",1,1
"Every summer, my family went to stay with some family friends at the beach. We would stay in the same apartment above their garage and it always had a particular musty smell to it. The garage itself was filled to the brim with surfboards/beach stuff that the family friend had collected from early morning beach strolls. I remember that every summer it would be us getting back from the beach and my brother and I sitting on the couch. My dad would sit at the kitchen table and smoke, so the windows had to be open and the fans would have to be running at maximum speed. We would all watch the History Channel until it was late enough to go out to eat. We had set restaurants that we went to every year without fail. The apartment never changed. The couches had shabby orange throws over them and the carpet was full of sand. My mom would plan out her beach bag and would wash out the bathing suits and my dad would sit and explain to us the historical context of what we were watching on TV. It's a happy memory for me.",0,0
"I have a business with my friend. At first time, we got some benefit and good income with it. We try to expand our market. So we need more resources and money for it. I owed to the bank with my name on it. But all don't go on as planned. We got hard competitor and we collapse. I got bad debt with bank. My parent helped me by pay off all my debt with bank.",0,0
"When my mom and stepdad were having lunch with me and my girlfriend for the first time, she refused to ask her any questions or include her in the conversation and my stepdad would not even look at either one of us. I told them that my girlfriend would be moving with me out of state where I would be getting my PhD and my mom said that it would be nice to have a roommate there with me. She continued to brag about my brother and his accomplishments while refusing to acknowledge the big events in my life.",1,1
My mother was placed on anti depressants after her and my father divorced. She was always tired or in a bad mood. She never wanted to do anything and often she would give me directions on how to cook or tell me what to buy from the grocery store and I would walk there a get it. The house was always a mess and lots of times she would take her anger out on me as my two sisters were much younger than I.,0,0
"Ive always cherished the one on one time I got to spend with my Dad. His favorite past time was fishing and many times he would bring me with him. My Mom would wake me really early, and I would take forever to come fully awake. Dad would always sit patiently waiting for me even though I know now he preferred to get to the fishing spot before the sun was totally up. My Dad would gather everything the day before and Mom would prepare us lunches. We never drove too far from home and went to only small ponds and lakes. My Dad would always choose just the right spot. Dad looked forward to our fishing trips just as much as I did. It was a adventure each time we went.",0,0
"When I was little my dad went to jail. He was in there for a few years for drinking and driving. My sister used to be close to him before that, I never was. I was always a mammas boy. While my sister was the “daddies girl”. After he got out she wasn’t close to him anymore. He was never a great person but he was different even he got out. He has raciest tattoos and is an all around horrible man. Homophobic, racist, sexist. You name it.",0,0
"My dad and I would go camping for boy scouts. He would always be so popular with the other leaders. I would sit with them and absorb what they were saying as well as try to fit it and receive praise from them. I didn't really fit in with the other boys my age, so I would try to hang out with the leaders. My dad and I would always talk about politics and religion and history and such on the long car rides to and from camp. I felt cool when we would go to JRs to get cigars for camping even though I never smoked them. We would buy all these cool gadgets which was always interesting.",0,0
"When I was a kid, my parents would take me to fish every year. We would get up super early, and then take the long distance bus. My mother usually prepared some food to bring with us so that we could have a picnic as well. And of the food that we brought, bacon was usually in the mix, and it was my favorite. However, one year, we found out that the place we went to was demolished, and that ended our annual fishing trips.",0,0
"Oh gosh. I hope that there aren't 6 questions about my parents. I'lll write one that I deleted form before since it only involved one parent. My dad bought his son a punch buggie car for Christmas, and at the time I didn't realize how big of a deal it was. I'm pretty sure that it was a Polly Pocket Punch Buggie, and that, of course, it was marketed towards girls and not little boys. Though, without hesitation it seems that my father bought it for me. That, and an EasyBake Oven. This was during a time that he had an apartment because he and my mother were separated though not yet divorced, and this was Christmas morning at his apartment with me and my sister. When I think about this, it makes me reflect on every holiday. When I was growing up with divorced parents, I thought how it was cool because I now had two birthday celebrations and Easters and Christmas', but I soon grew to hate it. I always had to split time between parents. Every time Thanksgiving came out, it was ""Who were you with last year?"" and the same with Christmas Morning. Now that my father is remarried, I absolutely despise Mother's Day. I have to work for half of it because I work in a small restaurant, and then have to divide the other half into two quarters, which winds up being about 3-4 hours because I have to travel to each home, which is not enough time to spend with loved ones on special days. To this day, I don't really like the holidays.",0,0
"I remember my father delivering the message at the funeral of my grandmother. He was very sad and about to cry, but he held one of my cousins to help him keep it together. I remember thinking about how close my father's relationship with his mother was and how I felt very sad for him. I remember considering it very important to deliver the remarks that I had prepared in a very professional and respectful way.",1,1
"a other one would be being there for us no matter what. she work alot and we would not see her often but if we ever needed her ,for any reason she would drop what she was doing and come home to us right away because she knew that her kids came first and would do anything for them no matter if she was at work working for us to succeed in life tryng to make a better life for us.",0,0
"Trying to explain to my mother why I haven't spoken to my sister in almost a year was difficult. My mother and sister were planning a trip up to Boston for my graduation from graduate school. At this point, I had been out to my mother for about six months, and my sister for about a year. Coming out to my sister seriously strained our relationship,and we hadn't spoken in months. The strain between us was causing a lot of stress for my mother, who had always wanted our immediate and extended family to be closer together. Most of my saddest memories of my mother come from times when she realized how far apart different parts of our family really were, and how little many of us had in common. 
 
 Talking to my mother on the phone, I tried to explain how I had always felt like I could rely on my sister, but when I came out, she couldn't bring herself to compromise her beliefs to support me. I was sitting on my bed, talking to my mother, watching my lizard pace around his tank. He was hunting crickets that I'd just fed him. Watching him was helping me keep calm enough to talk, but I was still crying, and my mother was crying, because she couldn't understand how I could just cut my sister off. I don't think I managed to explain my reasons, or my hurt. And I still feel like my mother thinks it's my fault for not being able to accept that my sister just believes ""differently"" than I do, and talk to her despite that difference.",1,1
"In 2014 my mom was diagnosed with breast cancer. She had a double mastectomy and her surgical scars became infected with an antibiotic-resistant bacteria. She went septic and very nearly died. When she was finally able to return home, she still needed full-time medical care that her insurance was unwilling to pay for. They would either pay for hospice care or twice weekly home nurse visits, while she needed several times per day wound care and antibiotic administration through a PICC line. Because she did not want to enter hospice care, I moved back into my parents home for a while to provide the care she needed. It was a very intense time and also kind of awkwardly intimate -- we've never been a very physically affectionate family, we all have fairly large personal space bubbles, and yet I had the responsibility to express the fluids building up in her wounds, clean her wounds, change her wound dressing, etc. It also put her in a position of depending on me for her care and well-being, and me in a position of being responsible for her survival. I don't want to say it was a role reversal, I hadn't been a child for many years by that point, but there was a certain out-of-place feeling associated with the kind of relationship we had to one another during that time. And also fear -- it seemed so likely that she wasn't coming home at all and for too long there was a severe risk of reinfection. I was a grown woman but I had some definite ""I just want my mommy"" moments while she was still hospitalized. 
 
 It was also very traumatic for her -- I don't mean being cared for was traumatic, I only mean that so severe a medical event and a recovery spread out over a period of months was traumatic. She tells me now that she doesn't remember most of it. She barely remembers me administering her antibiotics, which was a four times per day event over a long period. She doesn't remember me cleaning her wounds which was, again, a twice daily event until she finally recovered enough to do it on her own. So these memories and the feelings associated with them, even though they involved close contact between my mother and myself, are mine alone.",0,0
"My grandmother died of a terminal cancer. Towards the end of her life. My mother had us visit. At the time, I had no idea that she was in a hospice. My mother had gone to visit weekends prior but as my grandparents lived 5 hours away, I really didn’t want to sit in the car.
 When we visited, I was shocked that she wasn’t at the house. When we visited, my grandmother couldn’t talk and was a deteriorated version of herself. She passed the week after. I felt like I had an extremely strong connection with my grandmother. 
 This emotional distress translated to anger towards my mother for seemingly keeping me in the dark. I still don’t understand why she didn’t explain the situation better. I constantly think if I could have talked to my grandmother one last time, but sadly that isn’t how life works. My mother is spacey and leaves out details; it’s just who she is, but this made me resent her for it.",1,0
"A memory of my father during my childhood before my parents divorced. It was in our first house in my hometown, my dad had an ""office"" in the house, a room with his papers and stuff for work. The room had his desk in the middle, with two drawers underneath it on the right side, filled to the brim with office supplies that were carefully organized, the walls had shelves with books, Tom Clancy and Ian Flemming novels, encyclopedias, books on biology and chemistry, and a few knickknacks he'd collected over the years, a tiny wind-up robot, a replica of a James Bond car, model cars, and old hearing aids . Tools and instruments he used for his job as an audiologist lined another shelf along with suitcases and backpacks with patient information and the like.
 
 I was three years old, running around the house with nothing but a diaper on, it was early evening and I noticed my dad was in his office reading a novel at his desk, illuminated by yellow light from a desk lamp. I peered from the open doorway watching him read and waited until he turned the page so I can run up to him and give him a hug. And I did, he was wearing dress pants for work and still had his penny loafers on, and with his signature sleeveless undershirt. But after a few seconds he merely snapped back ""Enough, its too hot today, go back to your room"" merely patting my back and not returning the hug. I felt sad and guilty for annoying him as I sulked out of his office, thinking that I must have really angered him if he was capable of denying a hug, which to me was (and still is) something of deep importance; and with a deja vu feeling I realized that this has happened before multiple times, my father saying the same excuse ""its too hot today"", or ""get out of the office"", ""Don't bother me"", not just in his office but when he was just sitting on his armchair watching tv, or eating in the kitchen. And although my father was crass from time to time with us, I knew he never meant us harm and I loved him along my sister just the same.",1,1
"One night when I was a kid, maybe 20 years ago, I woke up in the middle of the night and I was cold. So cold I couldn't stop shaking. There was no reason for it--my room was warm, my blankets were sufficient, I just couldn't get warm. I knew I wasn't supposed to wake up my mom in the middle of the night unless it was really important, and I didn't feel like it was important, but I also couldn't function. So, hesitantly, I got out of bed and knocked softly on her bedroom door and when she answered I told her I couldn't stop shaking and I didn't know why. She left the door for a second, put on her terrycloth robe, then came with me back to my room and she crawled into bed with me. She spooned me from behind and held me tight and eventually, little by little, I stopped shaking. I remember feeling so exhausted, both emotionally and physically. I'd never before felt like that. But I also felt really loved, like I knew my mom would do anything for me. I miss cuddling with her, like I did when I was a kid. After I stopped shaking for good, she tucked me back in and went back to bed. She smelled like skin and lotion, and I slept well for the rest of the night.",1,1
"a more recent one, i was driving to the gym with my dad and talking about gym membership payment options. my mom has a membership but never goes and dad was like well she's gonna be pissed at me if i cancel it. and i said something along the lines of oh you can put it on hold and it'll reactivate when she swipes in but it charges you like 1/3 the cost per month. and he was like oh there's an idea and really considered it. 
 
 this was a proud moment for me because i've been working for about 3 years now and i feel like the more i work the more i can relate to my dad. and this moment was one where i was really relating to him and also being helpful and felt knowledgable about adult stuff. 
 
 this is a nice moment for me because i feel like i'm succeeding at being a grown up.",1,1
"After several years of having a relationship with another man, she suffered from sexual illness. This made her aware of her mistakes. Mother tried to find father to apologize. After some time, finally father can be found. Father wants to go home as long as the mother doesn't repeat the mistake again. Mother promises to respect father and will not repeat the mistake again. They finally gathered again. But the trauma still remains in my heart.",0,0
"When I was around 12 years old, my mother and I learned that we were going to be evicted from our home because my father had taken out a second mortgage without our knowledge, which he was unable to pay. A sheriff's deputy came to the front door and told us that we had to be out of the house by the following Tuesday. My mother sent me upstairs to a room that we used as a sort of living room/office/storage space while she talked to the officer. I sat on the couch and looked up at the ceiling, where we had an unusual ceiling lighting fixture—gold with designs of monkeys and palm trees—and felt myself starting to tear up. When my mom called me downstairs again, the officer had left, and she took my hands and asked me what we should do.",1,1
"When I was a teenager, I was an active child and couldn't stay in a place for a long time. I really like cycling. One day when I was cycling, there were motorbike riders who drove fast towards me. At that time my father saw him and he immediately pushed my body. I fell down, but the motorcycle crashed into my father until he fainted. Father was rushed to the hospital for treatment for several days. Fortunately father's wounds are not severe and father can return home within a week. The incident left a deep impression on my memory, where my father boldly saved me from the motorcycle. Father is like superman in my opinion at the time.",1,1
Things were different when my fathers cheating came to light. Things were not the same and I quickly learned things would never go back to the way it was. The fighting eventually stopped and they made up but my mom held a grudge over the affair I would clearly see this and think it was so bad that my father acted like that to our family. There were times I could not help but feel like my mom took out her frustration on me. When I would go to sleep at night I would ask myself why does a man cheat on a nice wife who cooked and kept a clean house i would never understand.,0,0
"One time during dinner we were eating stuffing. I took a spoonful and started choking on it and couldn't breathe. I made the international signal for choking, my mom said ""What's wrong with you?"" After that I figured I can try to get it out using centripetal force, so I started aggressively bowing to try to dislodge it. The entire time my parents are of no help. Finally, after what feels like forever, I get it out and cough it up. I turn to my parents and say ""I was choking!"" to which my mom says ""We didn't know""",1,1
"A very vivid memory I used to think about often was when I became separated from my parents at a theme park, I was maybe three at the time. Me and my sister, who was older than me, were left to play in the kiddy-pool section. She was supposed to keep her eye on me and then we would meet back up with our parents (she knew where to go, but I was too young to be on top of that information). There was a pirate ship in the pool and I followed my sister up to the top of the ship. There were water guns, a bucket that filled with water and tipped it out in a huge torrent periodically, and all sorts of fun things that we were amusing ourselves with. Then my sister said we should go down the slide. I remember at that age I was scared to go down plastic slides because I always used to get static shocks when I would go down them at play places. She went right down the slide but I hesitated for a few moments. Finally I got up the nerve to go down the slide and when I got to the bottom I couldn't find my sister anywhere. I looked around the whole outside perimeter of the pirate ship but she wasn't anywhere to be found. Instead it seemed like there was a crowd of people multiplying around me. I remember I started to cry but didn't want anyone to see me so I walked up to the side of the pirate ship and started crying heavily into the ""wooden"" plastic side, covering my face with my hands. Probably 5 minutes after I had gone down the slide I heard my mom call my name and I turned around and she was running through the water to come and get me.",1,1
"In the second grade I had a friend who was a poor influence on me and my parents had always been suspicious of him. I was a lonely kid so I welcomed his friendship, even though he did seem weird, since I thought he might just be a misfit like me. He was the first friend I exchanged emails with and I did not know it at the time, but my parents were reading my email and saw that he had told me to steal things from my younger brother. That day they both came to pick me up from school together (which was out of place - normally only my mom came) and they told me what they saw. I finished up a month of school and then transferred.",1,1
"Another self-defining memory I have involving my parents also involves my father. I recall a time when I was younger and when my father was married to one of my former stepmothers that she tried telling him that I had done something wrong, which I actually hadn't done, and told him that I needed to be punished by being beaten. He took me into my bedroom and specifically told me that he refused to hit me because he didn't believe in that kind of abuse. Instead, he took off his belt and grabbed one of the pillows from my bed and hit that instead, telling me to yell ""ouch"" every time he hit it, thereby making it seem as though I was the one getting hit.",1,1
"When I was probably seven or eight, there was a huge rainstorm. I grew up in Colorado in the middle of a decade long drought. It normally rains pretty hard for a few minutes and then stops but this time was different. It poured. My dad yelled for me and we put on our boots and raincoats and grabbed some bath toy boats I had. The gutters had flooded and were rushing with water. We raced our boats in the water and dramatically saved them before they went down the flood drains. I grew up a block away from my elementary school and we played with the boats in front of the school building too. My neighborhood was pretty poor so there no cars out when we were playing. It was raining for a good thirty minutes before it stopped. 
 
 We relived the memory when I was probably sixteen when we went camping right by a river. We carved some sticks into boat shapes and tied them to fallen branches. We played in the river, racing boats and ""fishing"" them out for a good couple of hours and both of those memories are probably my favorite time with my dad.",1,1
"My mother is a fierce and unpleasant woman. Mother often scolded my father for being given a little money. My father's salary is indeed not much, but it should still be enough to meet family needs. Mother is very wasteful and likes to waste money. One day we did not eat because all of the money brought by my mother spree while the household needs were not left. Father was forced to borrow money from moneylenders to pay for household expenses.",1,0
Mother is a very strong woman. She always accompanies the father in difficult and happy circumstances. One day my father said that the family's financial condition was declining and we had to save money on expenses. Mother helped father by working part time at her friend's restaurant. And mom hasn't bought her makeup equipment for a long time. All that mother did to help the family economy.,0,0
"When I was 17 we had the biggest family fight we ever hard. Hours of screaming and fighting. And in the end, when all was over, it was basically my mom and me on one side versus my step-dad and two older step-brothers on one side, and my younger siblings in the middle. Since that fight, nothing was ever the same. Everything changed. My mom and I hated my step-dad and step-brothers. Both sides hated each other. I am close to my mom so whoever hurts her hurts me and I hate them and don't forgive (though now I've definitely worked on that thanks to my therapist). For years the family was split into two and my younger siblings were caught in the middle trying to love both sides since unlike me, my step-dad was their actual father. There was blood. I didn't have that blood so I always felt left out or like I wasn't his kid like my siblings were. This fight had an enormous impact on our lives. For years and years we never spoke to one another. My mom got a divorce and my step-dad left the house. For years it was like this. I had a ton of hatred towards him and my step-brother for years until I worked on it with my therapist.",1,0
I remember I was coming home from my cousin's house and I was very upset about not being able to play with him more and was being pouty and difficult. My mother got upset with me for being petulant and being rude by not thanking my uncle for letting me come over. I felt bad about it and ran outside to thank my uncle and say goodbye to my cousin and apologized to my mother.,1,1
"When my paternal grandparents passed away, my father and his siblings had to clear out and sell their parents' house. It took four years, because the family had lived in that house for over fifty years, they had been packrats who grew up in the Depression and saved everything, and most importantly, the surviving family felt it important to work together so that no one felt excluded in the process.
 
 I consider it a point of family pride that my father, aunts and uncle were so fair-minded and equitable. They devised methods of dividing family belongings so that everyone received something of value to them, and no one felt that they were cheated out of an inheritance. As a result, no relationships were strained during an already stressful process.",0,0
"The first time I met one of my boyfriends in real life (we'd met online), it felt like a terrible idea. He'd driven up from three hours away, I got in a car with him despite not meeting in a public place first, we got dinner, saw a movie, and then went to a hotel room. I was super nervous and felt like this was the dumbest decision I'd ever made in my life, this is how people get murdered, but I didn't want him to have come all this way for nothing and didn't want to pussy out, so I went along with it anyway. I was super nervous but we watched a show to relax, made out, and eventually I was so horny that all common sense went out the window. I'm into BDSM, so he asked if I was comfortable with handcuffs and I rolled with it, which, again, felt insanely, deathly stupid, but I got a blowjob and everything ended up fine even though this was 100% the stupidest, most dangerous decision I had ever made in my entire life.",1,1
"It was 2010 and I finally decided to accept that I was gay. I decided that I wanted a boyfriend and a relationship, and I set out to do that. I met a Panamanian graduate student on craigslist and we had spent a few days together. I told him I was a virgin and he was very accommodating to that. Over the past couple of weeks of dating he and I would cuddle in increasingly fewer clothes, until one day we were cuddling in our underwear. He asked if I was ready to try having sex and I obliged. Well I don't want to get pornographic, but we had oral and anal sex. I remember thinking it was just okay, and perhaps didn't really understand what the hub bub about sex was about. He spent the night and we cuddled together in my little twin sized college bed.",1,1
"In 5th grade, a new transfer student came into our school. I first saw him in the cafeteria. He was blonde haired and blue eyed, and had a southern drawl, as he was from Mississippi. I had not words for being gay, or romantic love, but I instantly fell for him. I wanted to be with him all the time as we grew up. We became friends through another mutual friend because they would always ride their bike to my house to play my Nintendo 64 (it was new at the time). We grew up and the transfer student and I started playing Lacrosse together. The summer between Junior and Senior year in high school we went to our friend's cabin about 3 hours from our house. We brought one beer between 6 guys. We all drank a sip or two, but given this was early into our ventures with alcohol, we thought we all were ""getting wasted,"" which of course we were not. I purposely made sure that I slept in the same room as him. I was on a trundle just below the bed he was sleeping in. I got myself very close to him without touching him, my heart was racing. He rolled over and his hand flopped onto my chest. I reached for it so I could get it off, but he squeezed back and just held my hand. I moved closer and he moved my hand closer to his crotch. We ended up hooking up. The following day I felt like the world was right again, I felt invincible. We didn't speak about it again for about another year. It was self-defining as it was exactly when I knew I was gay for sure. Importantly, it has also shaped my actions in that if I think about wanting something long enough and hard enough the wait is worth the reward, and I will eventually get what I have been yearning for. It is a recurring theme for me.",1,1
"I was in college and going through an ""adventurous"" phase. I didn't really think anything of it, since my friends were trying to accomplish pretty much the same thing I was. I just happened to succeed more often. This was right around the time of Grindr taking off. I remember walking back to my apartment after this particular hookup and suddenly realizing that I did not know the person's name. I can remember mostly what he looked like and what the sex was like, but not the name or anything about the person.Thinking even further, I didn't know or couldn't remember the names of the last few partners I had. It was kind of a wake-up call about what I was doing.",1,1
"In May of 2017, I hooked up with a girl I was kind of friends/acquaintances with. It was fine, but we were really drunk. She had just gotten out of a relationship, and I was really stressed with being done with my last year of law school. We had known we wanted to hook up with each other for a long time, but could never make it work. The actual sex was good, but she had a twin bed that was hard for both of us to fit in, and it was blazingly hot in her apartment. Before we went to sleep, she turned over and said ""you're not gonna like make this weird and get all attached, right?"" And I told her no, of course not. But I knew deep down that that wasn't true.",1,1
"A self-defining memory I have about a romantic partner involves the day I married my husband. We had been together nearly ten years; however, we had to go to the state of Indiana in order to get married, as same-sex marriage had not yet been legal in our home state of Ohio at that time (2015). My best friend served as my best man, and although the venue and ceremony were small in size, it was still a very romantic moment that we shared. After getting home, my mother came over and brought a cake that she made and decorated herself for all of us to share.",1,1
"She was the first girl I ever dated. We met online, and got on easily. Everyday when she got off work, we'd talk about anything that came to mind. I told her about my newly awakening sexuality, and she told me about her racist, backwards grandparents. We went on like this for a while, and I thought we were becoming serious. One day, she didn't text me back after work. I gave it a few hours, and when she didn't respond, I sent her another text. Still no response, so I just let it go. The next day she responded and I texted back, ""well hello to you to."" I was definitely being sarcastic, I freely admit. And she cut me out completely. She didn't answer any of my calls. It was like I didn't mean anything to her. That's not what upsets me when I think about it though. What I'm unhappy with, is my response. I spent more than one day calling and texting her. Pleading with her to pick up. I felt so weird and out-of-control. I'm not this obsessive person, and I don't usually act like that. I think I couldn't accept the fact that people can drop you from their lives with no warning at all. And there's not really anything you can do about it. I came away from that experience with the impression that relationships are fragile things, and you can't really step out on them.",1,1
"I remember that on this given day I was given permission to leave work early so the entire command may go to a picnic at a nearby naval base. I got in my car and began driving but as I was getting close I just didn't feel right. I was sweating more than usual given how hot the car was, and I felt cold and just off. I decided to bypass the exit and head straight home. It was a bit of a rush, not telling anyone but I really did feel wrong. I drove home without incident, before coming home in my uniform , soaked and feeling dizzy, my partner Randy asked if everything was alright, and I told him I wasn't feeling well and wanted to take a nap. When I laid down on the bed and tried to sleep I found myself deeply uncomfortable, an overall feeling of pain and achiness that combined with my heavy sweating made sleeping impossible. I tossed and turned in the bed, feeling simultaneously hot and cold, shaking and sweating as randy came with some medicine. I remember how he sat on the side of my bed, stroking my forehead with a wet cool towel, softly speaking to me to make me feel better. I fell asleep to his gentle voice. I woke up several hours later, stiff and achy, my fever was still there but it was more manageable. I got up from the bed to move around, I felt really stiff. Randy came into the darkened room , looking at me with concern. he helped me to the bathroom and got me some water and an aspirin. I sat up in the bed afterwards with him beside me, stroking my back to make me feel better. It made me think about something my mother told me when I left home, ""who will take care of you when you're sick?"" I think I had found that man.",1,1
"I remember the moment I realized that the woman I was married to (we are since divroced) was struggling with mental illness so profound and pervasive that it was far beyond what I could manage in a relationship. I recall nearly pleading with the crisis clinician who presented in the ER room to admit my wife to an inpatient setting, as she had become paranoid, angry and not able to care for herself. 
 
 I remember feeling disappointed and overwhelmed when told that she would not be hospitalized and instead would be sent back home to the exact situation it all started. At that time I realized I could not commit the next many years of my life to this arrangement, especially given my wife's denial of her illness and unwillingness to take medication.",1,1
"I had known Jake since sophomore year of college from LGBT center meetings, but had never really spoken to him one on one. One night in March of senior year, he messaged me on Grindr, an app I had on my phone but had never used in earnest. He recognized me from the meetings and asked if I wanted to meet him for dinner sometime. We did, and we had a good time. This was the first date I'd been on since I came out, so I was extremely nervous. We saw each other a few more times, until once we decided to hang out at my apartment instead of a restaurant or other public place. I had never been intimate with another man, but I was savvy enough to know what could happen. We watched TV for a while, and then decided to move to my bedroom to avoid my roommates. I was doing an only okay job of keeping my nerves concealed, and eventually Jake asked me what I wanted to do next. I knew what I wanted to do, but couldn't find the words to actually say it. Jake obviously saw this, and leaned forward to kiss me. We'd kissed before, but this was different. This was a kiss that led to a lot more. 
 
 This happened so close to graduation that I never actually saw Jake again after that night. He went to grad school in Indiana and I moved to New York City.",1,1
"When I grew up a bit and started working, I met a guy I will call Buddy. Me and Buddy were and still are inseperable to this day. Back when I was working this first job though, he was there as a cook and got hired slightly after I did. I saw him the first time and instantly had a crush. He came up to me and asked for a favor one day and we started getting into shit immediately. We have a relationship that doesn't necessarily revolve around romance as much as a dependency and mutual trust that one of us will not die alone. My manager, Buddy, and I went to a bar after work one day and he offered to buy us each a pill that would make the night go by a lot faster and more fun. We quickly agreed and before long we were out of our minds on pain pills. It is honestly one of my fondest memories and showed me how to open up and trust other people beyond work platitudes and courtesies. We all have a customer service face, Buddy helped me take that mask off and be a real person.",1,1
"Although this person was not a romantic partner, one of the first, most vivid memories I have of my coming out process is of my first kiss from a guy. I met him online, and we met in person at a local mall. I was 16, and he was maybe 20 or 21. He was shorter than me, which was always the case, and had blonde hair, which was nice looking. He was also reasonably well built and attractive to me, despite the age gap. We wandered the mall for a while, talking about ourselves and walking in and out of various stores. He told me that he and his ex had only just recently broken up and they were still living together. I believe his ex had recently gone on a date, and I realized that I was likely a rebound or revenge date for this guy. It was not a great feeling, and I knew that nothing was going to happen after our date ended and that we would probably never speak again. He did walk me to my truck, however, and I gave him a ride to his car. Before he got out of the truck, he asked if he could kiss me. I said, yes. It was my first ever kiss from another guy, and even though it was a chaste kiss, and I knew we would probably never see each other again, it made me so happy. I immediately called my best friend and told her what had happened and that I was sure I was gay now, because of how I felt.",1,1
"I can recall one of the first times my ex-husband and I had sex. It stands out so much to me. Up until that point I had several sexual partners previously. But not once had I ever come together with someone. He was a virgin before me so still relatively new at sex. We were in his friends spare bedroom and decided to go at it and completely unplanned, without even trying we both finished in unison. It was a very intense and almost magical moment and something that hasn't happened since with any other partner.",1,1
"I went on a date with a person I had known since childhood. We were in classes together throughout school and at this point we had both moved on to college. He said he had always liked me, so we went to dinner and then hung out at his dorm. We started kissing and caressing eachother, then he suddenly tensed up. I eased up and tried to get him to talk about it. He eventually told me he was gay. He couldn't bring himself to believe it until that point. He said if I'm not attracted to you, then I'll never be attracted to a girl. This was before I learned more about any type of sexuality outside of the heteronormative. I tried to make myself more attractive, and he got upset. We talked for a while and then he took me home.",1,1
"i remember with my current boyfriend when we first started seeing each other about 4-5 years ago the first time we slept in the same bed. we had only kissed at this point and were cuddling. we had out hands on each other's waist and one of us rolled over so we ""accidentally"" touched the other's penis. (we both did it that night, both times it was an ""accident)",1,1
"I dated a girl for several years in college. We sorta became the poster lesbians for our group of friends, if anyone need advise or friends or mothers, they came to us. We were together for about 3 years. She left school for a semester and we both did things we shouldn't have but when she came back we forgave each other and got back together. Everything went back to the way it was before more or less. Last semester of senior year, it became obvious we were going to be parting ways. She was going to Washington state to study naturopathy and I wasn't. I was hoping for Montana but figured it would back home to help my sister who pregnant and unmarried because my mother was moving away with hubby number 3. We had made out, like third base level, but never really went all the way. THe last night we would be together, she wanted to but I couldn't, not with knowing we weren't ever going to see each other again, so I walked away. I've always regretted that.",1,1
"I have not had a romantic, sexual, or intimate partner. One memory that comes kind of close if from a guy I had been talking to, whom I met through a dating app. I was in Korea and he was in Australia, but we talked all the time on Facebook. We had been chatting for a few weeks and he wanted to call so we set up a time and chatted in video for quite a while. The memory is the time that he called unprompted while I was at work. We had some empty time before classes began for the day when we were supposed to be lessen prepping. I was always pretty on top of prepping though, so I mostly just hung out with some other teachers who were ready for the day. He called and I answered and went into my room to talk with him. We just kept talking because we were so interested in one another and it lasted almost until class started because I didn't want to hang up. Each classroom had ccvt and I was a little worried that my boss would notice but nothing ever came of it.",1,1
"At a friend's birthday party, we were all getting drunk and high. I'd missed V all summer - chatting online, staring longingly at her Facebook photos. Finally, we got to see each other. And it was tense and uncertain, but alcohol helped smooth the way, as it always did. She flirted with me all night. The memory was hazy, even as it formed, but certain moments stand out: her exciting comment about getting me a collar for my birthday while she patted me on the head. Ordering me to get her a drink and me complying enthusiastically. And then finally, we were in bed together. It was electric, terrifying, wonderful. She touched my chest and it felt better than anything I'd ever felt. It was the first real sexual connection I've ever had. And she choked me lightly, lovingly. It was heavenly. And she made a characteristically biting comment, urging me to touch her, ""I'm not made of glass."" I didn't know exactly what to do, though. I didn't know how far she wanted to go and I didn't know how to ask. The next morning, we were just friends again, sober.",1,1
"I was 16 and had never even kissed anyone. I met someone on Tumblr and she was interested in me. We had been talking for a few days and she wanted to meet up with me. Coincidentally I had the house alone to myself for two days, so I invited her over. We first met up at In n Out, which was a five minute walk from my house. She was around an hour late, but I was too nervous to really care. After we ate, we went back to my house. I didn't really know what to do since I had never been with anyone before. I remember being on the couch with her; we were watching TV. A few minutes later, she got up to get something and before she sat back down, she hovered above me and kissed me. Everyone tells you that your first kiss is magical and that you feel fireworks, and I remember thinking in that moment ""this isn't how everyone says it is - I barely feel any connection with this person."" But me being 16 and inexperienced she being almost 19, I went along with it. I didn't protest even though I didn't really like it, and when things started to escalate, I remained silent. She took of my shirt and unhooked my bra, taking that off to. Damn, this was my first kiss and this is how it was panning out? I didn't know what to think. I was extremely uncomfortable and only stopped her when she began to unbutton my pants. My face lit up red and I didn't really know what to do. I knew this wasn't okay for her to do, but this is how it always is in the movies. I didn't know right from wrong at that point in my life and boundaries didn't seem like a thing in this situation - she did whatever she wanted to. I felt flustered, ran upstairs, composed myself, then went back down and acted as if everything was okay, as if I was okay. I felt violated and should've known that this would be the start of a relationship filled with sexual assault. I'd take everything back if I could. Big regrets.",1,1
"When i was 13, I had my first real boyfriend. He was 2 year older than me, and i was in love. He was everything that at such a young age i thought a boyfriend was supposed to be. When i was almost 14, i lost my virginity to him. It was on his Dads couch, while his dad was out of town and his mom was asleep upstairs. He went into his Dads room to get a condom, which broke, and he had to go get another one. He was upset at the fact that I didn't bleed. He thought that maybe i wasn't a virgin, and wrote me letters about not believing me and expressed his concerns to a mutual friend of ours. It was a very confusing time. We ended up breaking up because i stayed out all night when i was 14 with my best friend at the time as well as two of her guy friends at relay for life. its a walk for cancer where you stay all night at a track at a school and walk laps. His mom found us at walmart at like 5 in the morning and took us to my friends house. I immediately called him to let him know and that nothing had happened between me and the other guys but i still felt guilty that i was with a guy that wasnt my boyfriend. So, i kept calling him saying i was sorry. He took that as i cheated on him and decided to totally ignore and stop talking to me. It broke my heart. I truly believe if that hadnt happened, we would be married and have a family. this was nearly 20 years ago.",1,1
"I was a Junior in High School after my mother finally came around to tolerating my sexuality, and I made a friend with a man the previous year, while he was a senior in high school(and now became a freshman in college). It was the end of the first semester, and he was going to come over to cuddle and watch a movie. When he arrived, I brought him to my room and sat down, so I could give him a replacement of a stuffed animal that was stolen from him at an open house the previous year. I had spent weeks leading up to this finding an exact replica of the animal using pictures of it. I was pleased that he was overjoyed with the gift. When the movie was ready to be watched, we laid on my bed. I did snuggle up close to him and put my arms on him. I was feeling overly stressed because of the semester before, and when I am stressed, I feel a need to be in physical contact with an attractive man. Later, I wanted to kiss him, but he didn't want to, so we didn't kiss. All in all, I found the experience with cuddling with him to be immensely pleasurable. He also told me then and told me beforehand that he only sees me as a friend, even though I wanted something more. That was the last time I saw him. He was the first man I ever cuddled with or be physically intimate with.
 
 I am a man, who likes to bring happiness to those I love. I also have desires, but also deeply respect consent.",1,1
While in college at penn state I was questioning my sexuality. After almost a year of keeping it in i came out to everyone with in a month time. I was 20. I had never even kissed a girl. I didnt know how to meet women then so I tried tinder. I chatted with women for a month or so and met a woman who was curious and never had an experience before. We agreed to meet up and living in dorms we decided to drive around the farm land outside state college and look for somewhere private. We found something semi private. We got in the back of her sedan and it was a bit awkward. Neither of us knowing what to do. Definitely not the best. But id never felt more amazing after. Knowing 100 percent that i was gay and how amazing kissing and everything was. I knew who I was and it was clearly a one time thing but it was just so impactful. Id been so depressed and feeling isolated with all my straight friends and having that made it all worth it and reaffirmed everything.,1,1
"I remember the breakup with my first deep romantic partner. I had been seeing this person for about 9 months and he turned 26 years old during that time while I was 20 years old. We never really described each other as boyfriends until that last month. I was trying to protect myself and not consider the relationship serious. But we became really invested in each other the last few months. It was the end of Austin pride weekend and we were out at the bars that night. He told me he loved me for the first time in other languages (Spanish, Arabic, etc) and I said I don't think I can say it. But he was smiling and saying it's okay if I don't say it. Back at my apartment late at night he sat me down and said we should stop seeing each other. I felt it completely came out of nowhere and I started crying. We then had sex and he stayed the night and I drove him back to his apartment the next morning. I then went straight to my best friend's place and when I got there started crying hard and hugged her.",1,1
"A self-defining memory involving a partner of mine took place while I was abroad during my junior year of college. I was having the time of my life living alone in the Netherlands, solo traveling, going to classes, and exploring. I had also just started casually talking to a former love interest, the boy that I had met at the end of my freshman year (he was a senior) who very thoroughly and categorically broke my heart. Our common interest was music. He loves techno, I love techno. The Netherlands happens to host the best techno music festival in the world, ADE, with over 2000 DJs performing over 5 days. I was planning on going, of course, although none of my friends wanted to come. He was jealous that I could go and incredulous that none of my friends wanted to accompany me. The obvious conclusion was that he would come to the Netherlands for a week and stay with me so that we could stay up all night and up all day and up all night for the entire festival listening to the best techno djs in the world while fucking and doing copious amounts of various substances. It was some of the most fun I've ever had. After the festival, he went home and I stayed abroad, and then eventually I came home and he broke my heart again, which we all could've seen coming. I really wouldn't take that week back though, because we do connect so well together and have such a good time going on weird adventures. As a self-defining moment, this speaks to a key part of the way I function: I say yes unless someone can really, really convince me that something is a terrible idea. Otherwise, where's the fun?",0,0
"I had a crush on my partner for awhile before anything happened. There was one evening when she invited me to watch the meteor shower with her. We decided to watch it from the front yard at my mother's house. I was living there again at the time, after college. It was August and the nights were warm. My mother's house was near the top of the hill in town, so there were no trees or houses obstructing the view. We lived in a rural town, so there's not too many lights and no big buildings to ruin it, either. It seems pitch black some nights, especially when the street lights don't work right. 
 
 We saw a ton of falling stars. We stayed out later and later, until the night got cold. But I remember not wanting her to leave yet. I stayed the night at her house often, but she never stayed at mine. My house was old and she didn't know my family well yet. I didn't especially like being there, either, but it was a good spot to watch the stars from. 
 
 We say this was the beginning of our relationship now. We don't have an exact date, but it was sometime in August when the Perseids happen.",1,1
"I remember joining the Queer Book Club both in hopes of discussing books and also in hopes of maybe finding love. As we sat around an uncomfortable picnic table inside of a loud basement beer bar. She had red hair and glasses and was a librarian, she had the whole look. And she knew and read my favorite feminist and queer theorist.We went on several dates that I was unsure if they were actually dates or not. Looking back, I think that they were. But at the time, I really had no clue.",0,1
"When I (re)met (that's a LONG story) the woman who is now my wife, we had immediate chemistry and an undeniable magnetism. We spent so much time together and couldn't get enough of one another (dates, sex, phone conversations, all of it). It was *easy* with her - it felt like we just fit. After about 3 months together, we'd still never had even a real disagreement until the first one finally came up. I thought it was the end of our relationship and had no idea how to navigate moving forward unless we addressed it immediately (we lived about 10 miles apart). I drove to her house (even though she had guests) and she came outside to talk with me. We left things not entirely resolved, but definitely better. It took me probably two years to realize that not every time we had a disagreement it might mean our relationship was just over. I thought we had to hash through everything in the moment - where her preference was to give a disagreement some space and then just kind of brush it under the rug and just ""move on"" together.",1,1
"I was seventeen years old. I had been dating my first girlfriend, Dylan, for about a month. I had never kissed anyone before. Some people have stories of a ""not real"" first kiss when they are very young, in kindergarten or something, but I had never had such an experience. I had so many crushes throughout high school, but it took me until my junior year to finally get in a relationship. Dylan and I saw each other every day at school, and tried to hang out outside of school at least once every other week. At the time, Dylan was my dream girl. I had never imagined that she would be interested in me; I took a chance to ask her out even though she was a year older than me and was going to move away for college in a few months. She had never been in a relationship before or kissed anyone either. 
 
 After a month of calling her my girlfriend, we still had not kissed. My friends could not believe it, and encouraged me to go for it. I was eager as well. Still a romantically awkward teenager, I discussed my desire to kiss Dylan in a text message conversation with her. She wanted to kiss me too. We set up a day for her to come over to my house. She knew I was going to kiss her, I knew that she knew, and I also had my friends waiting for me to text them the details. We spent time together that evening, talking and laying around, but I could not work up the nerve to kiss her. My friend Sarah texted me several hours into the date, asking if I had done it yet. I had to tell her no. Eventually, Dylan's family had driven to my house to pick her up. They texted Dylan that they were outside. She was going to go but I stopped her before she left my bedroom. I finally kissed her very briefly at the last second.",1,1
"I met a girl through an exboyfriend. She wasn't particularly cute but she was the kind of girl that a lot of members of the male species would take advantage of. We ended up having sex after we met, and continued to have poly relationships but the attention between the 2 of us took attention and feelings away from the man in our relationships. We ended up with my childs father and figured out that since the sex was superb we would continue to be sexual partners rather than romantically involved.",0,0
"My first date with Katie was in September of 2017, I wore jeans, converse, and my green-teal boyfriend cut shirt from old navy. I got to Monarch nearly 20 minutes early because I was so nervous and I took an anxiety poop in the bathroom and texted Lizzi we needed a unicorn TP holder at our apartment. Then I went back out and sat by the window, trying to not check my phone for updates but also nervous I had the wrong date/time/location even though this had been in the works for days. She swept in confidently and smelled amazing. I introduced myself and then awkwardly asked if we were supposed to hug or not....she just touched my forearm and laughed breezily. She ordered a large latte, I had forgotten to peruse the menu and so ordered a Gibraltar, not realising it was a shot of espresso. I nursed that for nearly 90 minutes before I gave in and got a latte because I knew she and I would be there for awhile longer talking. After 4 hours, we shut Monarch down.",1,1
"I was 19 when I slept over the house of a high school friend who also was a lesbian. I had been dating someone online for a while long distance but still hadn't kissed a girl, only a boy. We were sleeping in the pull out couch snuggling and I was really nervous, shaking a little. I told her I wanted to kiss her but that I was nervous and she said she felt the same way. So I kissed her and I remember it feeling soft and amazing and I kept kissing her. There was little to no french kissing but it still really turned me on. She had to encourage me to calm down and go to sleep.",1,1
"Okay, let's do this. The first time I was ever fully naked in front of someone else in a sexual way, the first time I had sex. It was senior year of high school, and I had been dating my partner since the last summer. We had actually decided before that we would not have sex. We both decided we would stop dating after the summer when we went off to separate colleges in different states. And yet. One way or another, we changed our minds. Both of us were new to romantic physical intimacy before we dated each other. At the time, we both identified as cisgender. (My partner at that time currently identifies as a woman, so I will refer to her with she/her pronouns. At the time we were dating, she still ""thought she was a boy,"" as she describes it, and so we labelled ourselves as a straight couple.) I identified as straight, and my partner identified as asexual. I didn't know what that meant when she told me, but she explained that while she wasn't craving physical intimacy, she would be okay exploring it if I wanted to. We experimented with kissing, with fondling each other in the back of her car, and I was smug in a way that I now find kind of gross when she disclosed after a make out session that maybe she wasn't asexual after all.
 
 Anyway, we decided we would have sex, one time, before we left for school. I remember feeling very conflicted before, as I had always considered myself a ""good girl"" and I wasn't sure where this behavior fell. I realized I didn't know what my parents thought about sex before marriage, and I didn't know what I thought about it. Eventually I decided that virginity was fake anyway, and that if we were being safe it was okay to explore our own bodies. So we're upstairs in her bedroom in her parents' house. I told her I didn't know if I would bleed or not, and she said that was okay. We fumbled around like we usually did, taking off more and more clothing, and she put on a condom. We clumsily explored penetration. I remember a little bit of pain but not much, and not being able to tell exactly what was going on down there, which surprised me. I asked her, on top of me, if it was in, and she also said she wasn't sure. We laughed at ourselves, continued the deed, and finally lay together. Two things about this experience make it a self-defining memory for me. One was that I didn't feel as different as everyone and everything had suggested I would. Participating in that particular penetrative sex act did not feel very different from all the other ""firsts"" of intimacy that I had given to my then-partner. The second and possibly more impactful one was that as I lay there in front of/beneath my partner fully naked, and she explored my body with her curious, hungry hands, I felt so god damn good about my body. I was and still am insecure about my body in ways that frustrate me, my stomach especially. But in that moment, my body felt perfect and sexy and amazing, and I didn't expect that. The idea that it took someone else to make me fully appreciate my body sometimes felt complicated, and sometimes felt so simple. As in, you shouldn't need any outside validation to love your body. But as in, why shouldn't we let other people help us appreciate how spectacular our bodies are? I feel very grateful to my high-school partner for being so gentle and letting us go so slow and giving me that first moment of sexual empowerment, that feeling that my body was so perfect and could be so powerful.",1,1
"I always had little crushes on people growing up but I never acted on them because of my own insecurities. Whenever a boy would talk to me in high school I would get incredibly shy and didn't trust their intentions. It wasn't until my junior year of high school that I got my first boy friend. I met him at work and his first words to me were 'don't talk to anyone here but me I am the only cool person here' (jokingly), and from there we worked at a dining hall together for the next 3 years. At first I didn't trust him and denied that I liked him at all. He would flirt quite a lot with me and we texted each other constantly. After months of this continuous flirting at work I finally asked him to hangout with me. He came over to my house and hung out every day for the entire summer after I graduated. We became very close and I would consider him my first love. Then at the end of the summer I had to move across the country for college and he stayed in our hometown. The night before I left he came over and I sat on my bed with him crying because I didn't want to leave him. A song by Frank Ocean came on called Novocaine. And there was a certain line in the song that came on and he repeated it to me ""Love me now, when I'm gone, love me none"" and told me to just listen to the song. Then after I left for school I was okay but ended up coming back home due to a brain tumor. He was still there and still supportive of me while I waited for surgery. I woke up after surgery to a sweet text from him encouraging me to push through. But after I got home from surgery he stopped talking to me all together. It broke my heart because this was a time when I was ver y depressed from the surgery and felt like I had no one.",1,1
"When I was in high school, I kind of accepted I was gay but I never thought I would even act on it. I felt like I couldn’t tell anyone and my life would be me hiding who I am. Dying a Virgin. My senior year of high school one of my classmates wants to work with me on a project. I didn’t know him too well, and thought it odd he wanted to work with me. We worked on it at home together and would flirt like crazy. I’d blush. Give him a crooked smile. Call him names and nudge him on the shoulder. Then we kept on hanging out. One day we’re on the couch. We’re scooting closer and closer. The tension rises and I’m almost sweating because I am so aroused by him. He then puts his hand on my leg, we stare at each other. Not saying a word. He goes in and kisses me. Really quickly. We stay silent. Then he goes in again. This time a little longer. Then I pull away. He is staring at me. This time waiting for me to do something. I look away. He begins to get off of the couch, I grab his wrist and pull him into me and we made out for about 3 hours it felt like. We then performed oral sex on each other. Then tried anal sex with Vasoline. I penetrated him. It took me a while to be able to fully enter him. But when I did, we had a lot of sex. Going 2-3 times. He and I dated in secret until college started.",1,1
"After living well into my twenties without understanding that I was queer, I had happily resigned myself to living with my roommate and best friend at the time, now my wife. For months, I had been guiltily questioning my feelings for her, and too confused and anxious to ever tell her. On a night of drinking together, as was common for us as college roommates, she revealed to me the reason she had broken up with her most recent boyfriend. Every time she saw him, she instantly wished she was home with me instead. I was flooded with feelings of relief, excitement, and affection, and we had our first kiss that night. For the first time of my life, I was having a kiss that I didn't hate, and a kiss that didn't make me hate myself. It was the moment that made it perfectly clear to me that nothing had been ""wrong"" with me all that time I spent hating to date men, I was just not straight. After that night, it was settled that I'd have everything I'd ever wanted: a life spent with her, to love, and to be loved",1,1
"My wife and I first met online. We met in person about 4 days later. Our first day was very untraditional. I had a trash pick up event with my sorority sisters the morning of and then I had a sorority party. Later, my sorority sisters all wanted to go to the movies so I brought my now wife but at the time friend to the movie. We then later went to Buffalo Wild Wings and later that night we went to my dorm room and had sex. The next morning when we woke up I looked at her and told her since we had sex I guess we needed to make it official and she's been my girlfriend/wife ever since.",1,1
"My boyfriend lived an hour out from me. I had usually been the one to drive to him to see him. One day, he surprised and worried me when he told me that he needed to see me and was going to take an Uber to my job. Obviously I did not want him to pay for that trip, and felt bad, and was concerned with what he needed to tell me. I had at that point no point in the relationship no reason to worry about him hurting me. When he got to my job, we sat in my car. He began by breaking down crying. I consoled him and told him everything was going to be okay, that I was there. Then I asked what it was that was going on. What he said broke and shocked me more than I had anticipated. He told me that the he had gone to a party the night before, drank too much, and ""did something very very stupid."" It took me a minute to realize what he meant by that, and I sat in silence for another hour and started crying with him. When I finally had to clock into work, he told me that he would stay outside for my shift so that we could talk after I got out, but I told him to go. ""Is that what you want me to do, to go?"" he asked, crying. I only had meant that I wanted him to get back home safely so that he wouldn't be outside my job for hours until late. I told him to let me know when he got home, and I could not concentrate at work for the entire 8 hour shift.",1,1
"A couple of years ago, I became physically intimate with an old friend of mine. He is the only man that I've ever been intimate with. I wanted to know what sex with a man was like. The relationship ended badly: he was in love with me, and I'm gay and was very happy with my wife. No fairytale ending can come of that.
 
 The memory I have in mind is the last time we were together before he went back home to Australia. We were in bed together, and I remember touching and kissing his face, neck, shoulders, and chest, trying to press the memory of him into my mind. I knew that this was the end, and that I would never have the chance to touch him again. I knew that I loved him, but not in the way he wanted me to. I knew that I would never be happy with a man. And yet, that particular sexual encounter was perhaps the most intimate of my life.
 
 Afterwards, we sat next to each other in bed, and then he got up and packed up, and left. I haven't seen him since. We no longer speak.",1,1
"My first boyfriend was the first and last romantic relationship I had with a man. He was two years older than me and had just graduated from high school. We'd become friends over the last year while I was a sophomore. We were both on the speech and debate team, in the musical, and I looked up to him in so many ways. 
 
 I remember one night in the early summer when he came to pick me up and we went out for italian ice. I remember not remembering what to wear, trying to decide between clothes I was comfortable in and clothes that made me look more feminine, which is what I thought he wanted me to look like. I chose cargo pants and a tank top. I remember going from the italian ice place to the park next to our high school and sitting with him on the swings. I felt so comfortable around him the whole time we were friends. I always wanted to be closer to him. I always wanted to know him better and for him to want to know me. At 16, I though that's what being in love was supposed to feel like. That night wasn't the first time we kissed. It was the first time he asked me to kiss him. It was the first time I wasn't just going along for the ride and that I had to be the one who leaned in. I remember feeling so uncomfortable, like I was lying, like I was doing something wrong, and not knowing how to say that to him, knowing that I wasn't supposed to say that to him. I wanted so badly for everything to feel right. I wanted to feel safe with him the way I always did before we were more than friends. I didn't feel safe anymore, but the feeling didn't go away when he left. I missed my friend while he sat next to me.",1,1
"The first time I had sex was in 2008. It was with my first boyfriend (who is now my husband). It was also his first time so neither of us knew what we were doing. We struggled to unwrap and put on a condom but eventually got it. My fingers were a bit tingly after but I thought nothing of it. When he entered, I felt a burning pain worse than anything I had ever experienced before. It turns out, I am allergic to latex. It was a night that we have never forgotten.",1,1
"I was head over heels in love with my best friend. He had sort of made me think he returned the feelings, but he had a girlfriend. One night, the trio of us friends were hanging out and it got late so we decided to go to bed, so we all piled into it. We were all sort of cuddling, but after a bit the third person pulled away and fell asleep. He and I got closer, eventually our limbs entangling. His hand gently on my back, under my shirt. My head nestled into his neck, every so slightly reaching for more but not enough. My heart was beating out of my chest. I kept slightly moving my face, to be closer to his. I wouldn't make the first move. He whispered into my ear, ""I want to do more but I can't."" I held him tighter and said ""I know it's okay."" I left thinking that he had feelings for me too, and it just wasn't our time. It was complicated now, but we were supposed to be together at some point. Turns out that was a platonic moment for him. We do not speak anymore.",1,1
"I'm a lesbian. For a while, I was calling myself bisexual, but in hindsight, that's never really been where I fit. I dated a man in college for about two years, from the end of freshman year to the middle of senior year. I went to a small school. He seemed nice. And despite all the issues we had, it never really occurred to me that I could just leave. One night, we were in his bedroom in his house where he lived with his mother, father, older brother, and grandmother. He was playing video games on his computer with his headset on, controller in hand, talking to whoever was on the other end. We hadn't been intimate in a long time for a variety of reasons. His depression. My schoolwork. His knee pain. My period. A lot of reasons usually stopped us from taking things too far. Things hadn't really been even getting started around the time this happened. I literally took off my clothing, laid down on the bed, and was like, ""Hello? I require your attention for a moment please?"" He looked at me, then looked away and kept talking to whoever he was playing video games with online. After that happened, I stopped trying to do things like that. It took me a while to realize that I needed to be with someone that would pay even the slightest bit of attention to me in a relationship. He didn't acknowledge me at all, and I didn't feel wanted. Looking back, that's one of the main reasons we broke up. One, the lesbian thing, and two, he didn't seem to care about me. I didn't need his attention 24/7, because that's completely unrealistic, but I wanted him to want me at least once. 
 
 PS: My current girlfriend says, ""No offense to him or anything, but how could he not pay attention to you?"" She pays attention.",1,1
"I was in love with my bestfriend. I was friends with her for about a year and a half and I had lived with her for a year when we were first sexually intimate with each other. 
 
 She had a partner already, and I was falling in love with her. We drank a bottle of wine together and she said something like ""I feel like you're a little sister to me"", to which I responded ""I don't want to be your little sister"". We made love shortly after that. 
 
 This continued and she felt bad about cheating on her partner. We would meet up when both of us were already drunk, we would pass out and in the morning she would say that she never wanted to see me again. We would meet up every 3 or 4 days and this went on for a couple months. We ended up being in a relationship on and off for about 2 years and it finally ended for good last September. She was the first (and only) person I can say I truly made love with.",1,1
"My first time was with another girl and we were having a sleep over. We were both very young, but very curious. She suggested that we should practice kissing so when we kiss boys we won't be bad at kissing. At first we kissed each others closed fists but then we kissed on the lips instead. Things ended up progressing and we ended up making out while grinding on each other. Her name was Alexandria and she was very tan with blonde hair. She smelled amazing and things eventually got to a point where we took turns eating each other out. She made me orgasm for the first time and I ended up getting really wet to the point she thought I may have peed on her face. We had no idea what we were doing but everything was fun, new, interesting and just right.",1,1
"The only expressly sexual relationship I had was just an act of logic on my part. I was figuring out that I am gay, and wanted to have a sexual encounter with a man to prove to myself that I was not physically attracted to men. I chose him because he was what I thought that I would be attracted to. He was under the impression that it was a full relationship, but I never felt a deep connection in the relationship, nor was i ever happy. He gave me the affection that I should have wanted from him, as well as fun experiences. But honestly, it wasn't enough for me, and the intimate encounters disgusted me. There were 3 of them, and each one I just wanted to get over with. After a few months, I realised that I was never going to be happy, and that the idea of living or spending my life with a man makes me feel like I can't breathe. He was really angry when I broke up with him, and although I blocked his number, he got a new one to message me off of. He was more conservative than I was, and used that as a way to discredit me. that experience has coloured other relationships for me, making me wary of them.",0,1
"The day I met Eli. Eli is currently my husband. During a summer break after my first year of teaching, I took a 6000-mile road trip from Texas to Canada and back. I spent a month in Toronto on this trip and, on my first day there, I installed the app Grindr to see the guys in Toronto. I did not use Grindr in Austin because I was afraid I'd see students from the school I worked at on the app. I saw an incredibly cute boy and messaged him. He agreed to meet at a coffee shop nearby. We ended up talking for over five hours that day - first at the coffee shop and then on a long walk along the lake shore - then proceeded to spend almost the entire remainder of my time in Canada together. A few months later, he moved back to Texas with me and we are now married.",1,1
"My first girlfriend was absolutely beautiful. I was 17 and knew that I was interested in girls, but hadn't really considered it as a viable option - in 2003 it wasn't very common in backwoods western Kentucky and while I knew our choir teacher was a lesbian, it was one of those things that people talked about and judged her about, not something that was made to seem like a viable lifestyle. I went to a lot of local punk shows at the time, but it was mostly about sitting outside them - watching the boys do dumb things like set themselves on fire with axe spray and sitting on the back of my car smoking cigarettes, you could still hear the music, but mostly that way you didn't have to pay to go in.
 
 I didn't actually know her before this - we went to school together, I guess, but she was a freshman and I was a junior, so we didn't have any classes together or anything like that. She approached me, as bold as I frequently pretended to be, and hopped up to sit next to me on the back of the car. Everyone left - I had no idea until later that since most of them were her friends, she had been able to orchestrate the whole thing to her advantage. She sat with the side of her body right up against mine, my arm hairs standing up, my whole stomach doing flip flops and basically convinced me to kiss her. (Our whole relationship, in retrospect, was a series of her convincing me to do things, leading me to believe I was in charge when I wasn't - not in a bad way, I still think it was kind of cute.)",1,1
"I had a partner who was extremely patient with my lack of sexual experience, and from whom I learned to communicate about sex in an honest and productive way. I had previous sexual experience, but my partners had not been able to articulate their needs, and therefore I had little experience practicing the skill, myself. This partner was different. She was fun and playful with sex, and verbal about what felt good to her. Early on, I realized that I didn't know how to ""read"" her body as well as I would like, and due to her willingness to talk, I wasn't ashamed to tell her as much. After that, she took care to tell me in explicit detail what she liked, and it encouraged me to do the same. She was the first partner with whom I had an orgasm, an experience for which I will always be grateful.",1,0
"The first person I had any sort of intimacy with was a friend I have had since middle school. They were my first love, first kiss, first heartbreak, first everything. Our first kiss was about four hours before I came out to my parents, I was home from college for the weekend and as per the usual I went over to their house to hang out for a little while. We always hung out in their basement, from every sleep over we had to even times where I was over for a half hour, we would always end up in the basement on the ""L"" shaped couch. We were lounging on the couch, me on the bend and them on the side that had them facing the TV that was downstairs. As I was telling them all my current stories about college I brought up the GSA meeting that had happened Thursday night and how the whole group, about 50 or so queer college kids, played a rousing game of never have I ever and how I had managed to be the last one up after everyone had run around to find an empty chair so I said the ""never have I ever been kissed"" which got literally everyone in the group up and around and by the time I found a seat, the individual who was sitting next to me very loudly said ""Well I can change that for you right now if you'd like"" I told my friend that I had declined their offer. After an awkward moment of silence they leaned in and kissed me very slowly. After what felt like hours but was probably nothing more than a few minutes we found ourselves in a new position, their hand snuck down to try and get in my pants but I panicked, pulled their hand away, kissed it, and then said I had to go. I left swearing that their parents who were upstairs could hear my heart beating as I quickly went out the door. My stomach felt like it was in knots and that I had just done something terrible that everyone would know about the second I showed up.",1,1
"I was not sexually active until about this time last year. Honestly I don't think it has even been a year. Since November of 2018 I have been in the most amazing relationship with a precious guy who is also named Luke. Romantically, however, I have been in love many times before. Until I was about twenty-two or so, however, I did not know any gay men, so all of my romantic crushes were on straight male friends of mine (I am exclusively male-loving-male, or monosexual).
 
 There is one friend who I have had a very tumultuous, unrequited romantic relationship with for maybe 7 or 8 years, from about 15-23ish (I have been 24 since September). His name is Danny.
 
 Danny was immediately physically attractive to me when I met him at 15, however I was VERY repressed at that age (although I had admitted to myself that I experienced exclusive same-sex attraction), and I lied to myself and to him about my feelings for him for years. I met him at a bible camp I volunteered at the summer before my sophomore year of high school. 
 
 Growing up, my parents never exhibited public displays of affection to each other or to us kids. Hugs rarely occurred in my home. I eventually came to pick up the belief that even hugs were to be reserved for your marriage partner (and then only after you were married). This belief was not explicitly taught to me, but I inferred it from the limited marital relationships I had witnessed (to be honest, I don't believe I ever witnessed a dating couple until I went to that bible camp). When I arrived at the camp, my eyes were opened to the ways in which even just platonic friends related to each other physically in the ""real world."" I was shocked, initially. I believed that everyone was participating in sinful acts. I believed that it would be incredibly wrong for me to hug someone of either gender. I was committed to lifelong celibacy at the time, so I believed I would never participate in a marriage. Therefore, physical affection with anyone was strictly off-limits.
 
 That was until I was about 16 or so, and was volunteering at a camp-sponsored ""mission trip"" to Dallas, TX. Danny was also on the trip, and I had begun to get to know him about a year prior. As I mentioned before, I was extremely physically attracted to him from the beginning (he was the embodiment of physical strength and was thin as well, two things that I was not and were both very attractive qualities to me). 
 
 I had, as of yet, almost never hugged anyone in my life besides my visiting relatives from far away when they were leaving to catch a plane back to where they were from. I never even hugged my parents.
 
 I was in the back of a 15 passenger van--one of two vans we used for transportation of the group on the trip--and I was in the very back seat, and it was very crowded. Two younger kids were to my left in the four-seat row we were in, and Danny was to my right. I was as close physically as I had ever been to Danny, and as he watched out the window to our right I was watching him. I began to admire the sinews of his muscled neck, and the way his ears stuck out in such a cute fashion. I was enamored with his facial hair--something I had not attained at this point (he was four years older than me)--and although I ""would never"" think about kissing him, I found myself gazing at his lips and thinking about how soft they likely were. 
 
 His body against mine was very warm and strong, and I was very turned on by him. 
 
 Suddenly I said his name. He turned to me, and I hugged him very tightly for two seconds and let go. My mind immediately started racing to figure out an explanation for the sudden and unexpected act. I stuttered, ""sometimes you just need a hug"" even though I was strongly against such behavior, especially such behavior exhibited by myself. 
 
 He laughed. ""I guess you do."" He clearly thought nothing of it. For me it was revelatory. I had never felt a man's body against mine like that. My thirst for physical affection was awakened in that moment.
 
 I was guilt-stricken the whole day after that event. I told the leader of the trip, my future mentor, Jeremy, that I needed to speak to him that evening when he had time. We were staying in a large old house in a suburb of Dallas. It was a bad neighborhood, and there were bars over all the doors and windows. There were floodlights lighting up the front side of the house, as well as the grounds around the house. Jeremy told me that he would meet me on the front porch in ten minutes after he finished a conversation with someone else on the trip.
 
 At the appropriate time, I went out to the front porch and found him sitting there. His silhouette was stark because of the floodlights. I came and sat next to him on the top step leading to the sidewalk. 
 
 I told him what I had done. I had previously confessed to him that I ""struggled with same-sex attraction,"" and he was very understanding (although unaffirming of queer identities at the time). I told him that I had hugged Danny, and that it felt so wonderful and I knew it was wrong, and that I was sorry to God that I had done it. I told him I believed that physical affection with anyone was wrong for me. He asked me why I believed that. I told him it was because I thought that physical affection should be reserved for marriage. He laughed. ""Most platonic friendships have expressions of physical affection, Luke"" he said. I began to allow my mind to open to the possibility of such expression. Jeremy was one of the only people in my life at the time who would have been able to get me to question my beliefs like that. 
 
 ""Really?"" I said. ""You don't think it's wrong?"" 
 
 ""No, I don't"" he said. 
 
 I began to cry as a part of my heart unlocked a bit. Maybe it was okay for me to fill this desire for physical affection that I had felt for so long.
 
 ""You're right. I'm sure you're right"" I said to him. 
 
 ""You want to pray together?"" he asked.
 
 ""Sure.""
 
 We took turns praying. I was second. I cried through the whole prayer. I asked God to help me see physical affection as a good thing, as an expression of His nature. I finished and Jeremy said ""amen.""
 
 Jeremy stood up on the step. I was still contemplative, as well as recovering from my cry. He wiped his hands on his pants and offered me a hand up. I grabbed his hand, and he suddenly pulled me into a great big hug! My heart was racing. Oxytocin was released fully in what I believe was my first full-contact hug I had ever received. The tears flowed again, straight into Jeremy's neck. 
 
 ""I love you, Luke"" he said, affirmatively. I couldn't respond. No one had ever said that to me so clearly and decidedly.
 
 We hugged for a solid two minutes, tightly, my tears staining the shoulder of his shirt. 
 
 ""I love you"" he said again. I went up to bed. That was one of the most defining moments of my life. Although I did not experience real attraction to Jeremy at this time, this hug, coupled with the hug I stole from Danny earlier in the day, defined my relationship to physical affection for the next five or more years of my life.",1,1
"I got engaged around the age of nineteen, but I knew that the relationship wasn't going to work. He was a manipulative douche. He ended up cheating on my multiple times. However about a year after douche-canoe and I split up, I met the man of my dreams. I will leave his name out of this, but to go on I will state that he is a counselor of sorts for people with autism and disibilities along with anger management problems. We first met on a gay dating app called ""surge"". He was super shy at first, which attracted me even more. I remember the first night we met in person. I was working an evening shift at a hotel in maintenance, and was craving coffee like an addict I swear. At this point he and I had talked for weeks. I was going on a smoke break when I saw a message from him that said ""if you could have anything right now, what would it be?"" I said that I would wish for a fairy to bring me a french vanilla swirl iced coffee from dunkin. Not even ten minutes went by and he showed up dressed up as usual with coffee. My five minute break soon became a fifteen minutes break and after that I went to his house for a drink after work. I loved that he was shy and kind of geeky and nerdy. Plus he was able to be calm when I had my episodes. It has been nearly two years now and we are engaged. I feel like I learn something new from him every single day.",1,1
"Our first date was 3 days long. We had hit it off at a conference 2-3 weeks earlier and I was home for Thanksgiving break. She lives an hour and half from my folks so I drove out to see her. I remember hugging her and feeling butterflies. I was so so nervous. We took a walk in the cold to a park and kissed on a picnic bench. She was the second woman I ever kissed, and it felt like nothing I had ever felt before. We did a lot of things throughout those three days, and I remember being so over the moon the whole time. We went out and explored her town, I couldn't keep my hands off her as we drove around in her pick up truck. We got home from dinner out and made out on her futon couch. The slow build up to sex that evening was incredible, and I remember she was nervous and kept checking in because I didn't have as much experience. She was so sweet and gentle with me that whole weekend. Everything was full of passion with her, and that weekend was my first taste of that. We started off very fast, that kind of head of heels fast passionate love that teenagers experience. We were burning the candle at both ends, though we didn't know it at the time, and that year and a half long relationship was really incredible. We broke up in March of this year, I am still very much in love with her.",1,1
"I remember the first time I laid eyes on my now spouse. We had been talking online for years, as friends and then as flirtations, but we had never been even a little serious about it. 
 
 I'd lost my job, and had time on my hands and was so upset about the way I'd been treated. I was looking to take a vacation as far away as I could, and she invited me to come from Florida to Arkansas to spend a week with her. Sex was on the menu, but it was just to be a relaxed thing, no strings. 
 
 I got off the airplane, and was SO NERVOUS I couldn't sit still. I walked through the terminal, and then I spotted her on the other side of security - I couldn't believe it was really her. She looked better than her picture, and I had this instant sort of chill - I didn't know what to do with myself. 
 
 We were both so shy, and barely spoke until we got to the parking lot. She was driving a purple mini van, full of kids stuff, and I remember being a little weirded out by it - it wasn't what I'd expected from her at all. Then she opened my door for me, got me settled, and then opened the back door and pulled out a cold soda and a rose from a giant cooler. I nearly cried - it was the sweetest, most romantic thing, especially since it was almost 100 outside and she'd managed to keep the rose fresh and the soda cold, even in the oven like van.",1,1
The first girl I was intimate with led me on for weeks. When we did finally get physically intimate she left in the morning and did not speak to me again for almost a year. She never answered any of my calls or texts and we even had classes together. I still to this day don't understand what happened and why she did that. It made me very depressed and self-loathing for a long time.,0,1
I was at college and got chatting to an older student. I was 19 and she was 22. There was an immediate spark between us and when we left it seemed very natural to go back to her apartment. Sitting side by side on the sofa with a glass of wine she put her arm around me and drew me into a gentle kiss. That led to stronger kissing and she suggested we may be more comfortable in the bedroom. As I was a regular in the gym I never felt shy about undressing in front of other women. It felt so natural to be holding each other naked. She took the lead and proceeded to deliver the most mind and body blowing orgasm I had ever experienced. I burst into tears and she lay with me with her arms around me gently stroking my hair and assuring me that everything was OK. When I recovered I apologised for not giving her the pleasure she had given me. She just smiled and said “maybe in the morning”. We stayed together for a year until her course finished and she moved away. We keep in touch but as friends these days.,1,1
"In college I was going out with my first girlfriend. We were at an art exhibit for a fraternity brother of mine. While we are there she is continually flirting with other people, speaking about her ex boyfriend, and speaking about her own plans without me. This was all directed to other fraternity brothers of mine. I confronted her about this. She told me not to worry about it. I was still upset about it when a couple hours later she called me at home. She told me she didnt love me anymore and probably never did. That her ex boyfriend was the best she ever had and I was nothing. I hung up the phone and broke down. I was inconsolable for a couple days after that.",1,1
"He would tell me about how much of a good person I was. He would make me smile. The sexual chemistry between us was almost animalistic in nature. We were unable to keep our hands of each other. I relished any time he touched me, it felt electric. We had unprotected sex almost anywhere. I would meet him after work for a quickie in the back of his truck. We would meet up in seedy motels and have sex until neither of us could stay awake. He was often worried about his size but it fit perfectly. It was meaningless casual sex in risky situations which made it even more attractive to us.",0,0
"So I'm gay. I've been gay since eighth grade, but knew that wasn't going to work. So I dated girls. I still feel bad because I wasted their time completely. I was using them to try and combat my sexuality. But when I moved to college I knew I had a chance to be myself. I set up a Grindr account and quickly found out being gay was very different from being straight. I chatted with one person in particular and he was nice and not a sex crazed fool like 99% of the men on Grindr. He knew the risk dating someone ""in the closet,"" but did anyway. It was the best three months of my life and I'd never been happier. I've never felt the way about someone like I did about him. It didn't matter what was going on he made he happy. Unfortunately, when I came out my parents went crazy and he couldn't handle it and cut ties. That was hard. The first person I truly felt a connection with cut me off as soon as things got tough. Its made me weary of opening up to anyone new, which I hate. For a year or so I became a recluse and was in a dark place. With the combination of my terrible coming out and him jumping ship I was not a fun person to be around.",0,0
"I was never all that secure with my self image, and my first girlfriend, who was also my first sexual partner, didn't help at all. I still think about it before every encounter I have to this day. 
 
 
 It wasn't even the first time we did anything together, but a random time, where she made the comment that has stuck with me. 
 
 For reference, I had nothing to go on about the average male size at this point in my life, and so when she made the comment ""you could be longer"" and wanted me to try male enhancement products, it shattered my self image, that was already hanging by a thread. It didn't matter the times she told me I was bigger then her exes before that, nor did it matter at that point the sex had been great for both of us, from that moment on I felt inadequate. And still do from time to time.",1,1
"Eddie was my on again off again boyfriend for over the span of 5 years. I was 17 and 5'9"", and he was 14 and 6'1"", when we started dating. We dated for a solid 2 years before we broke up. We would get back together sporadically over the next 3 years. Still to this day I fell he is the only person that I knew I loved. We would do everything together. We practically lived with each other. He was a very sweet and kind person, but he had bouts of depression. I was always ready to argue, but I believed that I was always fair.",0,0
"My first boyfriend and I thought we were ready for sex. NO WAY. I was his first everything. Kiss. Handjob. Sexual anything. After about 2 and a half months of dating, we discussed if we were ready to finally go all the way. We thought that we were. I was 18 and he was 17 at the time, and eventually I came to the realization that we were nowhere ready to have sex with one another and only considered it because it was the next step physically. I'm still a virgin, 3 years later, and since most people at this age are no longer virgins, guys often want to go all the way when I hookup with them. It's much easier to just say I don't do that on the first hookup than have to explain how I'm still a virgin as a senior in college and want to wait to be in a committed relationship when I lose my virginity. The memory makes me think about my virginity and when (if ever) I will lose it and to whom it will be, because I haven't had any major relationships in a while.",0,1
"I was 17 at the time. The gay dating scene was all new to me. Having grown up in a small village, it was not easy to come across many gay guys. When I did get a boyfriend who was a year younger than me, it was awesome. I will never forget the first time he gave me a blow job and I remember thinking that this is the best feeling in the world. Of course I didn't last more than a couple of seconds",1,1
it would be with this guy I had a crush on and I didnt know he liked me liked that at that time so we were hanging out with a group of friends and then they all left and it was just me and him we were walking and having great conversation then he invites me to his house and I go and we start drinking talking just having a great time then we kiss and it was special because I liked him and then from that point we bacame boyfriends.,1,1
"I was on my second date with a man who ended up becoming a friend, but for a while we were sexually active together. We met at the T-stop near my house, and went to get dinner, planning to head back to my place to watch a movie and cuddle. On the way from the train to the falafel place we were having dinner, we stopped at a crosswalk, and he stepped closer to me to let a straight couple pass. As he stepped closer to me, he grasped my hand, then leaned over and kissed me. Lightly, but fully on the lips, and with definite passion. It stunned me. My stomach lurched, and my immediate reaction was panic. My whole body went stiff, and my heart rate jumped. Then the couple walking past us smiled at us, and an older woman on the street commented on how nice we looked together. I remembered where I was, and calmed down somewhat. I was still jittery during dinner, but on the walk to my place after dinner, I took his hand. It was the first time I'd held a partner's hand in public, and the first public kiss I'd ever shared with another man. I had felt terrified of showing public affection for so long that even marching in a pride parade earlier that year hadn't really made it clear to me that I was *out* and that, for now, it was safe.",1,1
"Because the oppression of mother to father has made me hate women. This makes me want to take revenge on women. I vent on my first girlfriend. She is my neighbor. We meet often and finally we are dating. If there is a fight in my house, I go to my girlfriend's house and stay there. Her parents are often abroad because of business matters. I vent my frustration with my girlfriend. We have sex all night. I don't know whether I'm happy with her or just as my revenge.",0,0
"I remember the day I met my first boyfriend....I was working at Borders in the cafe my senior year in high school, and he approached the bar to order a raspberry mocha. We were out of raspberry syrup, and he was bummed. I went and fancied up a drink and slid it over to him on the house. I couldnt believe I was doing it, I felt like I was on autopilot. He was so cute and I had never flirted with a guy before, it was all new territory. A coconut mocha! He loved it, and left with a smile on my face. I went home that night and when I checked my computer, there was a MySpace friend request from him. Even though we went to different schools, he found me. I vividly remember how my belly felt like a million bees buzzing all at once and a smile plastered on my face for days after that. :)",1,1
"So a few months after we started dating I was sleeping at his house and we decided to eat some ice cream. Me, loving anything that is sweet, eats 3-4 scoops. We're laying in bed and my stomach decides to be grumbly. After awhile I go to the bathroom to see what's going on. Little did I know the next hour of my life would be terrible. I text him saying I'm pretty sure I'm lactose intolerant after looking up the symptoms and timing and it all matching well. That was the night I found out I was lactose intolerant. Next time we went to get ice cream about a week later, I didn't eat that much and made a comment like, ""It's fine, I just ate"". He proceeded to ask me if I was sure I was lactose intolerant and if it wasn't something else.",1,1
"The first boy I ever asked out was named Austin. I was fifteen and it was the summer between my freshman and sophomore year. I went to California with my Christian Youth Theater (CYT) troop for the international summer conference and improvathan. I was on our improv team and we were competing with other teams across the country. Austin was from the Spokane Washington team. The first time I saw him he was wearing one of those t-shirts that looks like a tuxedo jacket. I had told my friend, and teammate, Emma about how cute I found him (she was one of only a handful of people I was out to at the time). We passed by him and some of his teammates as they were exiting the hotel elevator and Emma pretended to drop something so they would have to stop by us. Austin and I wound up talking for a few minutes before we said our goodbyes. I found him the next day at the conference and we spoke some more, this time for longer. On the day before we were leaving, I found him again and told him I was gay and that I liked him. He told me that he was glad I had told him and I left awkwardly and went around the corner to read some more. A few minutes later he came over and asked me what I was reading. We then started talking more and he asked if we could go someone quieter. We went to a stairwell that was pretty hidden and talked for like four hours about our lives. We talked about our family and our biggest shames. He wound up confessing some pretty serious, criminally-bad, stuff to me about some mistakes he had made with his brother. We exchanged numbers and texted almost constantly for a few months after. I decided to come out my sophomore year at school (though most of my family still doesn't know I'm gay) so that I could have more fun with a long-distance boyfriend if I could actually tell people he existed. We were never officially dating, but we acted as though we were, sending cute messages, talking about the future, etc. One day, he stopped talking to me altogether and responding to my messages. I was getting really concerned and asked some mutual Spokane friends about it. One of them was confused about what I was talking about because Austin had had a girlfriend since before I had known him. It broke my heart and we never talked about it. I moved on from him to other guys but we wound up reconnecting a few years later. I actually chose to go to college in Washington to be closer to my Spokane friends and Austin. We were going to meet up again in person my first year out here but things never worked out and we didn't. I think Austin will always be a special and important part of my story.",1,1
"I might be one of those who is late for sexual relations. My adolescence was taken up by studying and working part time. I didn't think about the problem. I just want to help my father in terms of family finances. I got to know sexual relations when I was 23 years old. That girl is my colleague at the bar where I work part time at night. At that time the bar was closed and she wanted to go home. But she was very drunk. I drove her to her apartment. She lives alone there. Because she was drunk, she behaved aggressively and asked me to accompany her to sleep. At night it finally lost my virginity.",1,1
"I met my most recent ex in college. We were part of the same fraternity and things went really well at first. Things went south when he showed how jealous he got over little things. And things really went down when he would essentially throw tantrums when I told him I wasn't in the mood for sex. I think that relationship taught me more about what I want out of a partner and life. I also found it ironic that after all the times he accused me of cheating on him because I had friends that weren't him, he actually cheated at the end of the relationship.",0,0
"My first love is to a deaf girl. She lives next to my house. We often play together. She is kind and helpful. Even though she has flaws, she is very beautiful. One night she would be raped by a mischievous young man at the end of the road. I came to help her. We fought and I suffered a lot of injuries while the young man ran away. I was taken by the girl to her house to get help. Since then our relationship is getting closer until one night we had sexual relations at her home. It was the most beautiful moment of my life.",1,1
"Having a girlfriend is commonplace in adolescence in my area. But I didn't have a girlfriend at the time. I am including a child who is rather insecure and less sociable with women. I actually have feelings for a girl. She is the son of the principal in my school. I dare not approach her. She is very beautiful and very popular at school. I only felt that feeling until I graduated from high school and went to college. 
 Apparently she also studied there and she was also in class with me. Finally we often meet. The seeds of love grew among us. We finally became partners. We often live together at her boarding house. and we often have sex there.",0,0
"My boyfriend that I met while living in a large US city created a self-defining memory when we broke up. We met at a gay bar, danced, made out, we were both a little drunk, and exchanged numbers. He said, ""Sure, you can have my number, but you won't call me back."" I did call him back and we begin what ended up to be about a ten month relationship. I started to really fall in love with this guy, but I was in my early twenties and I had begun a career at the time. My company wanted to move me and I decided I would not compromise with a long distance relationship. I decided to break up with him, about a week before I moved. I did it on the phone. He cried and said how much I hurt him, but most importantly, how I had decided without consulting him on anything. I have felt guilty about this ever since and I feel this one-sided emotional dealings with relationships continues to persist and cause issues.",1,1
"The first guy I dated I had know for a few years and never had any romantic or physical attraction to, until he came out to me and we started spending a lot of time together. We had been hanging out for a few weeks and he told me he had a crush on me and I admitted I had one on him too. We were hanging out at his apartment and I had my first kiss with him. I remember looking into his face afterward and seeing this small smile on it and just feeling my crush completely disappear. That small smile just made me feel so weird and I realized that I would never have a real relationship with him. But we continued kissing anyway and he ended up giving me a hand job. He wiped me down and told me that I shouldn't worry about helping him finish. I remember going home and feeling strange, but also like nothing had changed",1,1
i was physically attracted to girls in short skirts I would always ask them for dates one time sherry came to my house and my father was looking at her legs I Know he wanted some of that leg but I did care many girls were like sherry they want the men to look but yet no touch sherry was so sexy with the short skirts i never though our walks would lead to a summer fling we would dance under the stars all alone but nothing was Wrong with puppy love like ours yes it was times,1,0
"After my first high school boyfriend and I broke up, we still continued to see each other for sex. I didn't want to let go of that feeling of emotional gratification when someone finds you attractive, and I convinced myself it was even more of a testament to my attractiveness for him to agree to continue to fuck even after our breakup. His mom was a real estate agent, and he'd gotten ahold of the keys to one of the empty for-sale houses. I remember feeling so edgy and wild getting naked with him on the staged bed in one of the bedrooms. Even though the sex was mediocre at best, as it always was, complete with my own fake orgasm and his own premature orgasm, it felt so satisfying to be sneaking around like this, doing something vaguely illegal and definitely immoral, holding my power over him still and compelling him to do this sort of irresponsible thing for the chance to get to have sex with me. When it was over, before I'd gotten dressed, I was lying stretched out on the bed and watching him pull his clothes back on. He looked down and me and said, completely sincere, ""you are SO hot."" I'd just finished my first year of college, I'd lost some weight, I remember feeling my hipbones gently protruding as I laid there, I remember feeling warm in the sunlight pouring through the windows of this property, basking in the glow of his attention, feeling more beautiful than I ever had before. (Of course shortly thereafter an unexpected showing arrived and I had to hide in a hall closet before I could make my escape without being seen, I was lucky I wasn't freaking arrested, this was one of the dumber things I've done in my life) (But until then it was lovely)",1,1
When I was young I had a long distance relationship. We would roleplay online and at the time instant messengers were all the rage. We started off innocently enough but soon we were flirting and got up the courage to speak with each other over skype. Not long after I bought a webcam to be able to see him. He was demanding (but not in an abusive or rude way) when we video chatted and I loved it. I remember googling the feelings I was having and delving into BDSM territory. I discussed this with him and turned out he did too. We explored that dynamic extensively. Even now it is a large part of my life and sexual needs. All because he commanded me and it just incited me in the right way.,0,0
"No one ever really forgets their first love, right? Well I never forget about it either. Jasson.. we'll call him that. He was a Nicaraguan boy living in Carson City back then and I was then living in Puerto Rico.He was my first relationship and first heartbreak and we lasted 10 months in this long-distance relationship. He was funny and well cute and I guess he was also buff. But we knew we came very different cultures in our Latino communities but we both went loved for each other and did the best as we could. I even took to chance to fly out and sent a week in Carson City to see him and spent it on his family's home.But the heartbreak came as he wanted to regress to the point of not accepting himself again by religion and repress his true feelings and though that Gay is a lifestyle choice... when it's not a choice but life has to move on.",0,0
"The first time I ever had sex was on my high school graduation night. My boyfriend and I reserved a camping spot near the school, and invited some friends to come celebrate with us. We were sharing a tent with another couple, but they eventually moved to sleep in their car to give us privacy. It wasn't a perfect first time, far from it in fact. We didn't know anything about sex, and it was very painful. I cried a lot. From then on, I was very afraid of any penetrative sex.",1,1
"I was between the ages of 17 and 19 years old when this memory happened. I was at my girlfriend's house for the day. We were not out to either of our parents, and they were gone for the day. We slept in late and then decided to have sex. We were both completely naked and the covers were off the bed. My girlfriend was performing oral sex on me for the very first time. There bedding was wet. My girlfriend's family pet was in the room with us. He started whining to get out and we decided to ignore it because we were busy having a good time. Shortly later, my girlfriend's brother comes to let the dog out and walks in on us. My girlfriend said, ""Shit,"" and hurried to cover us up. I mainly remember him saying something like, ""Woah,"" and shutting the door really fast. He didn't even let the dog out. After that things were a little awkward, but her brother didn't say anything about it to anyone.",1,1
It was the first time i was attracted to a man he was smart and beautiful. He challanged me to grow and better myself he never forced his love on me. He let me be me and never cared with the fact that i found different people beautiful and attractive he lets me explore my wants and desires. I find that beautiful and appealing. We have been together 5 years and it is always an adventure both in and out of the bedroom.,0,0
"When I met my wife I was in my early twenties and I was pretty promiscuous. She was supposed to be a one night stand. We had hooked up, and I was trying to figure out how to politely leave when she just said ""why don't you stay?"" 
 
 I was tired, so I agreed. She laid her head on my chest and fell asleep almost immediately. I was really surprised because that's not generally something you do on a one night stand. I remember appreciating how sweet she was, so I cuddled her back, and I stayed the entire night. 
 
 She asked me to go to dinner with her a few days later, and I said yes. I continued to be impressed with how sweet and kind she was, and I fell head over heels in love with her. This fall we will celebrate ten years together.",1,1
"At college we had a ""preacher"" who came to campus and basically spewed hate speech at various groups. It wasn't just LGBTQ, but cheerleaders and anything else he could construe as immoral. Turns out it was a racket he pulled at various campuses, he would do these rants until someone hit him, then he would sue the school. Most of us just went to watch him get heckled by students. I was there one day and this Arabic girl came and sat beside me and started asking about him. After about a thirty minute conversation, I ended up at her place, face deep in her. The problem was I already had a girlfriend. After about an hour of this my conscience caught up with me and I left. I don't know whether it was the girlfriend or the fact that I knew this would go nowhere with her, we just didn't click on any level other than physical, and she was not prepared to be out. Over the next month or so she would call me. It ended up really bad and I felt like crap. She was convinced I didn't like her because she of her size, and nothing I said could change that.",1,1
"When I started dating my current girlfriend, it was my first ""real,"" normal dating experience. We met through a dating app and went on a few dates, then started hanging out more and more. We met each others' friends, went to parties together, studied together, and spent a lot of time together. A few months after we met, we started officially dating. Then, a few months after we'd started dating, she had spent the night at my apartment. It was a week night, so we'd done some homework and studying and I had class and work the next morning. I got up and got ready while she was still asleep, and woke her up as I was leaving. She got up and was laying in bed as I grabbed my keys and was heading out the door. I turned around to say bye, and as I was saying bye in the doorway, I caught myself before almost instinctively saying ""bye, I love you"" even though neither of us had said it before or brought it up. I spent most of the day thinking about it and thinking about her, and how natural it all felt. It was all a bit out of my element, since it was my first relationship in which I was relatively open about being in a same sex relationship.",1,1
This wasn't a romantic nor intimate moment. It was when I started being abused. I was very young and I didn't understand. It happened a lot more and I became an animal. I feel like I have to communicate in growls and hisses and I can't trust to be around men anymore. It was a sexual experience that caused me to have violent intrusive thoughts in 3rd grade and know about sex way more than I should when I got into 5th.,0,1
"One day my girlfriend and I were leaving London to go back to her town, and we arrived at the coach station later than we usually do. (We both like getting to places much early to ease our anxieties about being late or underprepared.) We had less than 10 minutes before our coach was meant to leave the station, and my girlfriend has an unbreakable habit to get coffee before we travel. But the line for a coffee was very long, and I told her to not get a coffee this time because I didn't want her to leave me in line alone or have the misfortune of having to ask the bus driver to wait for her.
 
 My girlfriend was visibly irritated, which made me angry. I had felt like my anxieties in that moment were less important than her coffee. I told her that she was being insensitive, which made her get defensive, making the silent argument even more tense. The last wrong move was to tell her that this was ridiculous because it was just over a coffee. She was furious and refused to believe I had any leg to stand on, and I had pretty much felt the same at the time. All the while we were both silently fuming, not talking, and not even looking at each other, a middle-aged bald man who looked like someone who regularly rode a motorcycle kept looking at me and winking, which is quite unusual for me and I felt sick to my stomach. Worse so because I was so mad at my girlfriend that I didn't even feel comforted by her presence, which is pretty typical.
 
 We stayed silent the entire 3-hour journey back to her hometown, which made us both more angry. I think we were both waiting for an apology from the other. I think I said something like, ""are we just going to not talk to each other?"" when we got off the coach, walking toward the bus station. Her voice got louder and I almost thought we were going to have a domestic in the middle of the street, which made me feel sick of embarrassment. 
 
 We were still angry when we returned to her house, and we went to bed that night not completely solved, but on better terms. I was able to apologize for not handling the situation well, but standing firm by expressing I felt that my feelings were less important. My girlfriend worked the next day at 5am, so she was gone when I woke up. When she returned, she brought up a package of Mr. Kipling angel slices (which are my favorite) and some Kinder bon bons. She wrote a note on saying, ""I'm sorry for being an asshole,"" and left it on the counter.
 
 It was the only fight that ever made me consider whether or not we had a healthy relationship. My girlfriend also has BPD, so her getting angry about things was not new to me. And having to wait for my side of an argument to get through to her was also not new, but I had never felt like this genuinely affected the health of our relationship until this fight. But, we still avoided a public argument, still processed what we both could've done better, and both apologized for what was necessary. This happened about a year ago and I haven't questioned our relationship since.",1,1
I was dating a guy i met at walmart. he was upfront about himself and that he had a traumatic brain injury and that it affected some of his behaviors but i put it aside. He was really hesitant about being in a relationship at first but i pushed it on him. everything was going great and he was so sweet but i had trust issues and i was insecure so we had some small fights but nothing we couldnt overcome. 3 months after we were dating i went to college but we visited each other every weekend and things were going fine until he started getting distant. at this point i knew something was wrong and i just cried for nights straight but he reassured me that he loved me and that nothing was wrong until one day he sent the wrong snapchat to me and it was a sexual saying to another girl so i confronted him and the truth came out that i wasnt the right color girl and he just wanted a black girl and he was cheating so i now have quite a few trust issues,1,1
"When I met my now husband, i didnt like him. He wasnt my type and he was a little strange. About a month later i actually took the time to get to know him. The more i learned about him the more and more i liked him. The thing about the beginning of our relationship that i will always remember is ditching work to be together. He decided after about a month of hanging out and being together nearly everyday that he would rent a motel room for us. I worried that after we slept together things would change and he wouldnt like me anymore. That he just wanted to sleep with me and ignore me like so many other men in my life. Well, i told him ""shit happens, life goes on."" As in, i would do it and if he decided to ignore me i would live. We ended up getting the room and i had the best sex of my life. The day after, i felt like i had been hit by a bus. In a good way. He listened to me and my needs and wasnt just out for himself. I didnt have to fake orgasms with him. It was the first time in my life i had a lover that wasnt selfish. It opened my eyes to something new. It also made me not be selfish with him and lower my inhibitions. With him and our girlfriends. For the first time sex was fun and not a chore.",1,1
"Last summer, me and my best friend went on a hike up a mountain. I had just been heartbroken by a series of unfortunate life events, and needed to escape from the city and spend some time in nature. We packed a picnic basket, and took a trek up. Once we got to the very top, we sat on the ledge and just admired the beauty and nature. We split a Subway sandwich and a can of Pringles, and enjoyed spending time with one another.",1,1
"Me and my boyfriend had been dating for several years, maybe 7 or 8, with one or two short break-ups in between. He had always wanted to have threesomes, and I had always said no. That caused a lot of problems, because he really thought that sex and love were separate things, and I thought the opposite. But after trying my way (let's be exclusive) and failing many times, I decided it was time to try his way (and had a threesome).
 Our first time was with a random guy. We didn't enjoy it. So we tried again..., and again..., and again. It became sort of our thing, and we started doing a lot of drugs too. We had a lot of sex like that, kind of carelessly, and all the problems that I had once imagined would come up... came up. Jealousy, fucking with other people behind each other's back, problems with addiction, and finally, getting HIV. I wish I had trusted my younger self, and never did that.",0,0
My first serious girlfriend was at age 21 22. We dated almost a year. I was living away from family in lexington ky and she kind of was my family. She was younger and i was her first time. We did fight sometimes but generally I was happy if not slightly bored. One day she was taking me and dropping me at work. She broke up with me on the way and I remember my automatic reaction begging her not to. She kind of stopped. I convinced myself she didnt mean it but it was on my mind all day at work. That night on face time she dumped me. I got mad at her and so sad. I lashed out and said some hurtful things I didnt remember the next day. It was a terrible night and I cried myself to sleep. First love and first heart break.,1,1
"I remember when I first met my first romantic deep love. It was out at a gay club in Austin. I remember being down and sad for about those 6 months to a year prior to this about not having a first boyfriend. But that night in January, I think it wasn't on my mind and I was just free and happy and being myself. I think just being that way attracted attention from others. One guy came up to me at the bar and started chatting me up but it was loud and I wasn't really interested. I don't think he could really hear my responses. But I got my drink and went back to my friends. I think I just wanted to have fun and dance with my friends that night, and since I was still a virgin and I didn't want to chat with anyone with expectations leading to sex. But I remember then dancing with this guy and we were both attracted to each other. The song was by Swedish House Mafia, ""Don't You Worry Child."" We were getting really into it and chatting at the same time. The first thing I told him was ""I'm not coming home with you tonight."" And that really struck a chord with him. We talked a little about our backgrounds. I said I needed to go on a date first. He asked if I liked Italian food. He scheduled a date with me and got my number. And then I went back to my friends.",1,1
"My queerness has been something that I have struggled to define and label throughout my life, but has always been apparent. When I found Viv, I wasn't really looking to explore my sexuality as much as I was looking to understand my kinks. We met through a website called Fetlife, as she was looking to grow a girl pack who were all non-monogamous, kinky, and queer. Terrified, but excited, I took her up on her offer and met up, which went really well. About a week later, she invited me to an orgy with 10 other women. These orgies were less of your expected pornhub-y sex dreams and instead pizza, movies, and ""sex lessons"". Viv worked to help us all become acquainted and friendly with one another. Among the group there were 2 complete newbies (including myself), Viv, her 2 girlfriends, and three other women Viv knew from ""the lifestyle"" (kink/swing). 3 of us had never had sex with AFAB people before, so Viv had created a sex lesson plan to help us become more comfortable with each other's bodies and learn more about playing with vulvas in a non-threatening atmosphere. We all got comfortable with one another and ended having a very successful first orgy for myself as well as my first sexual experiences with other women. This day completely changed my life and my understanding of sex. I had never before been surrounded by so many queer women, as well as beautiful women who were plus size like me. She taught me to be confident as a sexual partner and was the first person I ever met who was polyamorous. In many ways she was like a mother figure to me. She introduced me to kink and swinging, and more than half of my partners I've been with since her.",1,1
"My kiss with my ex-girlfriend was probably the best story I have to tell. We had been studying late that night with a friend of ours. My girlfriend didn't live on campus, so she finally decided to head home for the night. I told her that I could walk her out to her car. As we walked over there, she had been pretty flirty with me. She looped her fingers through my own and swung my arms around. She also kept getting extremely close to me, almost like she was going to kiss me, but she last minute she would pull away. At one point, she even dropped her keys on the ground. When I asked her if she was going to pick them up, she gave me a funny smirk and told me to get them myself. When I did, she came super close to kissing me but pulled away again. When we finally got to her truck, I opened the door and finally asked, ""So, were you going to kiss me or just keep chickening out?"" She got all red in the face and super bashful. I finally laughed and then took her cheeks into my hands and kissed her. She was pretty shocked by that but was smiling super hard. When she got into her truck, I closed the door and told her to text me when she made it home. It was a damn good kiss.",1,1
"For a while, I had a somewhat secret relationship with one of my friends. It wasn't actually secret, but it felt a bit forbidden and we had lots of secret cues to each other that only we knew, mostly because we hung out in a group of friends most days and it was hard to tell when we were just friends versus when we were lovers otherwise. This arrangement worked very well for a while, until we started being cold to each other as friends since we were so warm to each other on the days that we were more. For example, if we were on on Friday, then we had to be off on Saturday. So on Friday, we would just look at each other and know. We were always in sync: I would hand him my drink without looking, we would stand up at the same time, touch each other without other people seeing, etc etc. We'd slide out the door together and slide into bed. Then on Saturday, it was like we didn't know each other. I think we both got a bit scared, since it was becoming more and more real and we knew too much about each other and liked each other too much. I took a long time to say anything, because I reallllly like living as if I'm in on a secret with another person. It's how I ended up in my relationship this year, dating a girl who had never slept with another girl and who has a boyfriend (he knows, we all sleep together, it's fine). The other part of what took me so long to stop our relationship was because he always said he loved how chill and open I was, not trying to label what we were doing or anything. And I really wasn't! I didn't want to be in a relationship. But I did get tired, eventually, of feeling like he didn't like me every other day. So I said something. But in the last week possible before I left the state, and then the country, because I'd rather hold onto someone I love even if it hurts me than risk losing it altogether.",0,0
"One of the first dates we had was going out to see World War Z together. I had read the book a year or so earlier, and she read it for her Literature class. It was something we bonded over. We liked zombie stories, we liked the politics and the dystopia of it. We liked how they were rebuilding in the end. So, we thought we'd like the movie and had been excited for it for some time. 
 
 The movie was disappointing. It focused making a story too much and focused on Brad Pitt. What appealed to use about the book was the fact that it had multiple stories and perspectives of what was happening in the world at the time. We talked about it all on the ride home. It took an hour to get home from the theater. We live somewhere rural, and the nearest mall and big theater is an hour away. It was nice, to have all that time together. It was summer and a clear day. I remember how fireflies lit up the countryside as we went home. I'd never seen so many fireflies at once. It seemed like a dream, with us in a bubble, the world dark but lit up by stars and fireflies. 
 
 The night ended less normal. We went to her grandmother's to trade the cars. She drove her uncle's car during long trips, because it handled better. Her mother's car was there, and she mentioned that it was strange. She wondered if something happened to her grandfather, who had been in the hospital for some time. We found out that next day that he passed away. No one wanted to bother us while we were out.",1,1
"A guy that I had been friends with reached out to me after I hadn't talked to him in a few years. He asked me if I wanted to hang out and when I said yes he invited me over to his house. I started going over to his house to spend time with him on a daily basis. Even though I had just gotten out of a somewhat serious relationship, I realized that I had feelings for my old friend that I had never experienced with the guy I had previously been dating. It made me realize that through the duration of my relationship, I had had to convince myself at various points that I had felt things for that guy that I really hadn't felt. It made me realize that a lot of the guys I had liked previously were out of feeling like I was expected to like guys and not because I had genuine feelings for them.",0,0
"Several years back I was dating this guy and he checked all the boxes on paper. We had fun together and goofed off. We were cute together. He was nice and a hard worker, and he was very supportive of me. There was always something missing though. Then one day we went on a date, it was a very romantic date. He took me to a park and we had a picnic of wine and cheese and then went on a walk. Afterwards we went back to his car and we started making out. I remember distinctly looking out the car window, more interested in the cars that were passing by than this amazing guy in front of me. I remember how disinterested I felt when thinking about being with him physically. That was the moment I knew for sure that I was gay, although I had suspected for years.",1,1
"The first time I ever saw my ex Katie was also one of the best days of my life. It was long distance because I live in Maryland and she lives in Long Island but we had been talking for about a year before I could finally go see her. I drove about 4 and a half hours up to New York to see her with a dead phone and no energy left but seeing her and seeing her house was the most relieving things I've ever experienced. That night we went out to the nearest downtown area and got some pizza and walked along the water and held hands and it made me so happy, I really felt at peace.",1,1
"It’s raining in London, the rain is cold and I pull my hat on to cover my ears it is freezing. We are trying to get to the Golden Hinde, Sir Francis Drake’s replica ship. We cross through a few alley ways and finally spot it. My wife holds my hand and points to it. Smiling at me as I pull up my hood of my jacket a bit more to keep the cold rain out of my face. We slowly board the ship, it’s slippery and we are told to watch our steps. I can feel the wood creak beneath my feet and everything is so tiny, the doorways and the decks. You have to duck your head to enter any part of the ship. My wife smiles and explains everything about the ship, she wanted to join the Navy but couldn’t due to medical.",1,1
"My longest relationship was with B. He was a year older than I was in college and I was absolutely, head over heels, in love with him. We started flirting in the spring of my freshman year of college, hooking up once shortly before the end of the school year before he told me that he just wasn't interested in a relationship. I was devastated. I spent the following summer trying not to text him or think about him, and failing miserably at both. In September, about a month into my sophomore year, he sent me a text saying that he had made a mistake and that he wanted to give a real relationship a shot with me. And so we did. We spent time together, fought, had sex, met each other's parents, were briefly long-distance for a summer, celebrated a year officially together. I told him I loved him after about three months, and immediately burst into tears after saying it. He said it back that night, and we said it many times in the year that followed.
 
 In December of my junior year of college, after a year and three months officially together (almost two years if you counted our on and off flirtation), I went to his family's house short before Christmas. I had brought his gifts with me and was excited to see him- we were both at home for winter break so it had been a few weeks. The day went pretty smoothly- we had lunch at Jason's Deli and then went back to his house to take a nap. When I woke up, he was looking down at me. ""Can I tell you something?"" he said. I said sure, and he told me that he was thinking about it and had realized that he was bi. Even though this was before I had recognized my own queerness, I was fine with it and told him as much. ""What does this mean for our relationship?"" I asked, thinking that it was maybe something he wanted to explore and that we could talk about that. ""I don't think I love you"" was his answer. ""I don't think I've ever loved you, this whole time. I think I was just saying it. I think I was lying."" I was floored. ""I don't know what that means for our relationship,"" he said. Then I got furious. ""It's OVER,"" I said. I couldn't believe that he dropped that bomb on me and then made me officially end things. I stormed out of their house, past his mom and sister who stared at me in shock, and drove the 2.5 hours back to my parents' house, sobbing the whole way.",1,1
"I was 22 and met up with a guy I found on a dating app. I was swiping on all genders, but found men less intimidating. This guy mentioned writing kinky comics, so I was hoping to explore some new things with him. He seemed like a nerd, which I resonate with on some levels. I was feeling pretty confident, and I offered to drive him back to his place, since he took the bus. I was disappointed when he left the car with a simple goodnight. As I sat pulling up directions back to my place, he figured it out (or something) and came back and invited me upstairs. We had some awkward conversation in his apartment over glasses of water until I asked to see his bedroom. We had some more awkward conversations in there until one of us initiated some kissing. We had sex. At one point I asked him to stop penetrating me because it hurt. I hadn't thought to think of the fact that not having put too much that was too wide up my vagina in awhile, a dick might be a challenge. He obliged, no questions asked. He took the condom off, which I didn't love. I was surprised that I didn't say anything about it.
 
 At few minutes later he asked me, ""If I were going to cum on your body, where would you want it?"" I said, ""nowhere. I don't like that."" But later I felt him cum on my leg. I was skeeved out. Partially because, as previously mentioned, I don't like that, and largely because I had already told him I didn't want that. I felt really gross about it. I don't know whether he did that on purpose or not, I felt too shy to ask. I went to the bathroom and tried to wash myself off, a red mark where it happened on my leg. He asked if I wanted to stay the night and I said no, and I went home. We didn't meet up again. I didn't tell him why. This experience defined for me that if someone wasn't going to respect my wishes, I didn't have time for them. I was also surprised by how much I didn't say. That was revealing to me. I had all the theoretical frameworks to know how I felt and what I could say, but I still felt beholden to the social pressure that told me not to mention it.",1,1
"The trip to Las Vegas with my fiance and the ultimate decisions we made while we were there. We had planned this trip months in advance. I'm always the planner, he is always the ""go with the flow"" type. We had arrived and we were both so full of excitement that the 7 days of pure fun and excitement awaited. We had got to see so many concerts, experience so many places to eat, our favorite being ""Hell's Kitchen"". I still remember proposing to him at the top of the Hollywood sign. It was one of the most romantic things that I've ever done for him.",1,1
"We had just started dating about 2 weeks before my wife graduated high school. While we were sitting in the stands, waiting for them to call her name (she's at the end of the alphabet), my friend and I were thinking of all the other names that she could rename herself so that she wouldn't be almost the last person called. At that time, I had made a comment about her taking my last name eventually but retracted that and said I would have to take her name. I recall this memory often when people ask how long before we got married did I know she was the one.",1,1
"I am 19 and have recently stricken up a whirlwind romance with a partner who I know relatively little about. He is over a decade older than I am and is volatile, mercurial. He attempts to smooth over a day’s worth of arguing with getting a bottle of vodka to share; I invite a close friend whom I have had repressed feelings for over and we all drink. She crashes on the couch and we sleep in the bed. The next day, I learn that while drunk, I openly admitted I wished she was coming to bed with me instead of him.",1,1
"One day in the Fall, I finally agreed to meet up with a boy. I never before had gone on a date or hooked up with anyone, so it was a scary and exciting. I met him at the university that he attended. He showed me around the area, we sat in the park and laid in the grass. He told me that he wished he had a camera because I looked so peaceful. I remember thinking that he was trying too hard. As it started to get darker outside, he invited me into his apartment. There he introduced me to his roommates, and showed me his room which was filled with history books and nerdy posters (and I use nerdy as a neutral term because I, too, am rather nerdy). He then mentioned he was tired and wanted to rest for a little bit, and invited me to rest with him. I have never cuddled with anyone before, but it was a nice feeling having someone hold onto me like he was. Also being shorter, it was nice being the little spoon and having around me. After a little bit the room was getting a little hot and we both wanted to get more comfortable, so we both took off our shirts. After a few more minutes of cuddling past, he began to draw circles onto my back, and gently kissed my neck. It was an exhilarating experience. He got more brave, and kept going further with his advances, and constantly asked if what he was doing was okay, to which I said yes. He then asked me what I wanted to do, and honestly told him I hadn't had any experience with anything yet and that everything he was doing was all new to me. He didn't push me into doing anything I did not want to do, and instead offered to pleasure me himself. I remember that I was a little bit distracted because I had to pee the entire time, but nonetheless the feelings he made me feel were all incredible. Once I climaxed, I thanked him, and then told him I had to get home but that I needed to pee first. Of course I didn't mean to come off as me just leaving right after getting pleasured, but it was late and I did have to get home. As he walked me to my car, I admitted that I felt a little bad for not returning the favor, and he told me it was okay, that he was honored to be my first experience. I told him that once I feel more comfortable I'd be willing to return the favor. On the drive home I laughed at myself because I was wearing an Obama campaign shirt, and constantly thought of the ""Thanks, Obama"" meme.",1,1
"I was single at the time, but talking to a woman who was kinky and polyamorous and sex worker who lived about 6 hours away from me but traveled often for work. 
 I had just come out of a six-year relationship (my first girlfriend) and she had been very vanilla and very monogamous. I remember how freeing it felt to be able to talk to this woman, who I will call J, about her exploits and see her in person and talk to her about all the weird dates I had been going on. We spent a beautiful weekend together in my small, mostly furnitureless apartment and played with each others hair, and did some rope bondage and just enjoyed each others company. When she left on Monday the alone time felt nice and I went on a date the next day. I didn't feel guilty, or bad, or lonely or sad. It was just contentment, building my life up with multiple lovers and connections and personalities. I am still poly and will only date others who are OK with it and also poly / or at least open",0,1
"One time we took a trip to CHicago and it was the first time that we had ever gone on a long trip. We drove to our friend Jessie's house and it was a great trip. We got closer together and went all over the city. It was a fun just to be in the car together. Funny note, on the way home, we got pulled over for speeding in Ohio. But back to the trip, we ate such great food and had a great time and didn't know how each other felt about one another. We would hold hands sometimes but not all the time and had never kissed. It wasn't until the end of this trip, after getting the speeding ticket and almost home we finally told each other how we felt and that was the beginning of our relationship.",1,1
"I loved talking to Lily my high school girlfriend. i wanted to share all of myself with her and wanted all of her. I'd get jealous and sick of having to share her with other people most of the time so one night we went on a walk up to the theatre building. We were talking and trekked up the big hill. The building was open, but the theatre was dark, we walked down the aisle to the stage and kissed. Then we heard the door open and the theatre teacher walk through the foyer, we darted to the side door giggling.",1,1
"sometimes I still feel bad when I think of how I tried to end my 2 year relationship with a girl I went to high school with. She was cute and we were friends before we ended up dating. Honestly, I consider myself very fortunate that many years later we did reconnect, became friends again, and have a very positive relationship even though we don't talk very often. We were always better as friends. 
 
 Poor Liz had the misfortunate of falling in between part one and part 2 of my relationship with Alex, whom I by and large consider to be the love of my life. The cracks in our relationship had long since begun to show when Alex and I reconnected and began to talk again. Liz and I had been together for awhile and went to colleges that were near to each other. Realistically, there was no reason we couldn't see each other often (and up until this point, we HAD been), but I found myself making more and more excuses as to why we couldn't see each other on any given weekend, typically blaming it on my coursework. Realistically, I wanted time and space to talk to Alex, to do things with my friends, and not to be with Liz. I just didn't have the guts or maturity to tell her that. It's also important to note that this was 2001. 9/11 had occurred a short while before and reconnecting with Alex combined with dirt cheap airfares meant that I planned and bought tickets for my first ever solo trip. To France, which would happen over my winter break, right after new years. I was going to see Alex. And I knew what was going to happen on that trip.
 
 With break rapidly approaching, I knew it meant that I needed to try to be honest and end things with Liz. It was the right thing to do, there was no denying that, and even though I balked and ran away from most confrontations I knew it had to happen. I remember sequestering myself in my dorm room and dialing her number with my heart pounding. I don't remember everything in that conversation or how we got there, but I remember awkwardly attempting to express that I wasn't really happy in the relationship anymore and while I cared about her, I thought it would be best to break up. I remember her crying and how awful I felt. Liz had admitted to abandonment issues that were brought about by her parents divorce and here I was, the asshole that was abandoning her. She'd been a good girlfriend, but it just wasn't right. She wasn't *her*, but I couldn't say that to her. My heart sank as she cried more and told me that we couldn't break up, it had to be a mutual decision, but I couldn't quite get the words out to tell her that I was sorry, but it didn't work like that. She cried harder and started begging me to take it back and, like a coward, I did.
 
 Despite all of that, we didn't break up that night. She knew I was going to France over winter break, I just hadn't told her *why*. I believe we talked several more times until I left for France. As expected, Alex and I still were very much in love and decided to give being together another go. When I came home, like an immature piece of shit, I just never called Liz again or emailed her. I ghosted her. She may have, at some point tried to email me but I'm not sure about that anymore. I ended a 2 year relationship by ghosting someone and always felt like an ass for it. I'm thankful, however, that years later when bygones had long become bygones and Liz and I reconnected as friends, I was able to apologize to her for this very childish way of handling things.",1,1
"During my sophomore year of undergrad, I met a woman in a French class. She was intelligent and interesting, and she took so much care to understand and learn more about the world around her and what she didn't understand. That semester, I completely fell in love with her. It took me another 2.5 years to tell her that I liked her. By that time, we were spending a lot of time together going to concerts, restaurants, and movies. We got along great, and we texted all the time when we didn't see each other. I was teaching her French. Once, we were at a restaurant studying on campus. Her cousin had written his dissertation in my field of interest, and I was going to help him translate it into French, We would talk a lot about the travelling that we were gong to do together, and she would talk about how she only wanted me to go with her, and that she would go wherever as long as I was there. I had every reason t believe that she was interested in me like I was interested in her. Finally, I told her. She reacted really noncommittal, and texted me afterwards to cancel our plans for that evening, saying that she didn't feel well. I gave her space, and didn't hear from her for about a week. Finally, she sent me a really long text saying that she was sorry if she gave off the wrong impression, but that she wasn't interested romantically. It crushed me. We're still friends, but it's not the same.",1,1
"This other memory is of my wonderful significant other of 5 years. We had a rough patch with bad roommates being unclean, so we were counting down the ways of that lease. It felt like it’d never happen, even though it was going to happen relatively soon with a new apartment. She opened the closet and took out a tube and had me open it. It was the star chart of the night sky we first met. It brought me to tears and gave me hope again that the future is near and ever bright with her. She made me feel like dreamer again. I excitedly imagined where I’d put the chart up, framed. Where I’d put that couch and that bed and all that other!",1,1
"My partner took me to get a cat from the Humane Society that I found online the day after Christmas. I decided that I really wanted a cat and found the perfect grumpy adult tuxedo cat on the adoption website. My partner was not that enthused, but drove me home from my family's house a day early to go and get this cat because I was so worried that he would be adopted already. When we got there and met our cat, we found out that he had some health and behavioral issues and that he had been returned twice before. The adoption lady was acting like he was the most dangerous cat in the world and told us she was pretty wary of him, but when we got into the adoption room our cat immediately took to my partner. My partner emanates such an assured chill vibe that our cat seemed to relax. I remember being in the glass room meeting a new member of our family and feeling so lucky that I have a partner that loves animals and is so nurturing and confident.",1,1
"My first ex is the one who helped me finally and truly understand that I am a lesbian. At the time I met her I was still confused and thought of myself as bisexual even though I had never been with men before and was never interested in them. There were a lot of factors holding me back from fully understanding that I'm a lesbian and then there were a lot of factors holding me back from wanting to admit or acknowledge that I'm a lesbian. I met her, spoke to her in detail about these thoughts and issues, she was very helpful and gracious and kind in return, and she helped me work through it. She shared her experiences as well. This was the first conversation we ever had. It was extremely significant. Shortly afterward I finally started to become comfortable with thinking of myself as a lesbian. I'll always have her to thank for that.",1,1
"I just turned 18 years old and had just recently come out. My track team at school had a match against a rival school several towns away, and after my part of the competition was done, I was stretching off to the sidelines, watching the rest of my team and the rival team. This one young man caught my eye he had wavy blond hair and a beautiful smile, copper colored skin dusted with freckles. He was so attractive, so I went over and introduced myself. We had an immediate chemistry, and I ended up asking him to grab dinner on the weekend, I was so scared he would say no, because I didn’t feel I was in his league at all I had a low self esteem and did not like my body. But he smiled that megawatt smile and said yes. We met at Outback steakhouse that same weekend and had a great dinner and walked around afterwards. When the night was over I leaned forward to kiss him lightly on the lips it was magic. We only ended up dating for a few months but it was a really nice experience.",1,1
"Once one of my exes and I were on a trip together in Atlanta and his car's radiator blew out. We were stuck in the city with no way back. My parents drove up to Atlanta, pulled his car back to his house, and my dad fixed it in his driveway. This was really meaningful to me because my parents struggled a little when I first came out, but that day they met my boyfriend and treated him like family.",1,1
"Unfortunately, not every relationship stays cheerful. I was going to bed one night, and I noticed my boyfriend had left his phone unplugged. I grabbed it, and was going to plug it in when I noticed he was on Tinder. I took a peek at a few of the messages and saw that he was being unfaithful to me. This was my worst nightmare, and I immediately started screaming. He was dismissive, accused me of being irrational and distant, and I thought about packing my things and leaving that night. We've since moved past this incident, but it showed me that I could get through the betrayal of trust that I was so afraid of. I was strong enough to get past it, and I was able to improve my communication within a relationship. Him being my first relationship has caused a lot of growing pains. My emotional development as a romantic partner has been a steep learning curve, but it's getting better.",1,1
"I saw my future fiance for the first time, and she took my breath away. We met for a date halfway between our homes (3 hours apart), and I knew that day that I was going to marry her. It was so easy and natural. A lunch date moved into an afternoon coffee date which moved into a walk around campus which moved to a drive back to my place for a movie night. I called my best friend on the way home and told her that I would marry Alex one day. I knew then, and I know that more than ever now.",1,1
Theres a picture of this one. After dating long distance for a couple months I decided to take my girlfriend at the time and her son to Disney World for a week. It was my first time taking a child that young. It was a very nerve wracking experience. I did not want to mess this up. One morning we went to Animal Kingdom. We took a picture in front of the Tree of Life. It was me hugging both of them. In my mind the only thought I had was pure happiness. It was the most calm I felt the entire time. It felt as if it was meant to be.,1,1
"I started seeing a guy a while ago, the first guy I was actually, legitimately interested in. We got along really well - similar interests etc. We would talk and text for hours. I felt like he could actually have been interested in me too. I did think it was weird that we went on a series of five or six dates and he didn't even try to hold my hand or even touch me, let alone kiss me. Maybe he was just shy?
 I got kind of fed up of him not initiating anything, so I asked him out for a drink. Everything seemed to be going great/the same as it had been. Then, at the end of the night when we were waiting for our Ubers, he told me he wasn't romantically interested in me. What was the point in dating if he didn't want anything to come out of it?? After that, he didn't contact me again so it wasn't like he wanted to be friends either.",1,1
"I was shopping for clothes and met a guy that caught my attention and we engaged into non-stop talking and we exchanged numbers to text each other later. At some point that same day when we were texting, he started to play mental games with me, until I asked him if he was gay and he revealed himself to me as bisexual. Next day we had an intimate encounter, I was pretty nervous but he touched my hand and I felt more relaxed, then he drove to a more discrete location and he kissed me. We did everything you can imagine. We started to hang out for a couple of times, and we would kiss each other passionately, a thing that I loved to do and I also liked to cuddle with him and falling asleep on his lap. However, he was more interested on having sex and I wanted a serious relationship.",1,1
"One of the first guys I had the courage to go on a date with invited me out for dinner and movies at his place. I had just come out so was extremely excited that an Andrew Christian trophy boy was interested in dating me. I had never gone on a date before where the other person let alone a guy footed the bill. We went to this fancy sushi place and he ordered the giant sushi boat, the conversation was fun and engaging and I thought I really liked him. Afterwards he invited me to his house for a movie, so I agreed. I was to naive to realize what his intentions were and once in his house he took advantage of me and raped me. I went home afterwards feeling guilt and shame. The next day while at work his body fluids decided to leak out of me while I was working which left me humiliated again a second time as I tried to clean them out of my soaked underwear in the work bathroom. After that it took years for me to trust other gay guys and made dating them even harder.",1,1
"I remember one day me and my best friend were hanging out at his house, I was like 14, and I was spending the night at his house, His parents were not home for the night, We started with watching a movie, and He brought up that he wanted to try something, I was like Okay, and one thing led to another, and we actually became boyfriends after 2 years of being together and we stayed together until we were 21 when he got accepted into the military.",1,1
"In High School, I had my first boyfriend. He was amazing. He always wanted to be around me, we had so much fun together, and I never thought anyone would feel that way about me. I was so amazed that I wasn't the unlovable person I had always believed I was. My senior year, however, it all came crashing down. His father had gotten a job in another state, and that meant that he would be moving away. I thought my world had ended. We started to spend as much time as possible together, but it never seemed like enough. I couldn't bear the idea of him going away. The day finally came, and I went to his house to see him off for the final time. We both cried, and his dad even apologized, and gave me a hug. As I watched them pull out and leave, I just stood there and didn't move for what seemed like hours.",1,1
We walked down the riverbanks and started kissing. I was feeling exceptionally nervous and started shaking. He tried to make me feel better and told me that the animals that were making noise were cheering for us. It was dark and we were in a park. It was a relatively wide open park. I remember continuing to feel nervous. I don't actually remember too much about whether or not I enjoyed the kissing.,1,1
I went to high school with this one guy. he was super sexy and a year younger then me. we hung out every day after school and ended up also hooking up every day after school..we took a trip to californina and honestly it was an amazing time but after that everything went down hill. he ended up getting married and his wife didn't want us talking because I had hooked up with him before. I said some very mean things including calling her a horse face and a judgmental bitch....we haven't spoken in about 6 years and it really hurts because I miss him,0,0
"When I was eighteen, almost nineteen, I had just come out and used to go to this lesbian bar in the nearest big city that doesn't exist anymore (the bar, that is, not the city). It was called Sisters and was, like a lot of lesbian bars, kind of a dive. It had tacky neon and was never quite clean and played bad music but I loved it, not on its own merits but on the prospect of being around other dykes -- not something easy to come by in my own town. I met an older woman there. I was legally an adult but immature and she was thirty-five -- well into adulthood but, in retrospect, also pretty immature. I wasn't there that much due to the commute but she always seemed to be there whenever I was. She had this aloof vibe that made it seem like her paying you any attention at all was flattering. She did pay me attention and I was so flattered. She liked the word ""kismet."" She told me she thought it was kismet that we were always in the same place at the same time. We started calling one another and I think we developed a kind of fantasy of each other, like as though we were one another's ideal despite the fact that we were still very much strangers. Or maybe that was just me and she was taking advantage of my youth, I'll never really know. Whatever it was, I became so infatuated and was at the same time a little in awe of her. I thought about her all the time and had that warm feeling in the center of the chest and up the back of the neck that comes with infatuation. I didn't know the difference between infatuation and love, though, and thought I was in love. She certainly said she was in love. It felt wonderful to say and to hear the word ""love"" -- I'd never had that before, not romantically. We talked more about love than we ever thought to talk about compatibility. It's sort of a cliche to say that I was more in love with the idea of being in love than I was with the other person, but I think that's what it was. With all the perspective I've gained on the situation, though, it's still a good memory: spending hours and hours at a time, late at night, on the phone with someone who made me feel so good about myself, life, sex, being gay, everything. It was an indulgence and felt so satisfying.
 
 It fell apart, of course. She asked me to come live with her and, with the impulse of youth, I did -- for all of a month. It's hard to keep that kind of fantasy going face-to-face.",1,1
Now I have another girlfriend after a few years. She is still in college and she is very mature. We often spend time together during our time. She is very understanding and attentive. I feel comfortable with her. She did not know that I was a bisexual. I don't know the reaction if she finds out that I also have same-sex relationships. But I live it now as it is.,0,0
"When I was visiting Madrid, alone, I went out dancing with a fellow traveler. At the last club of the night, I struck up a conversation with some Spanish guys I had assumed were dating each other. We got along well and started dancing and then all kissing each other. When I stepped out for air, one of them, Blas, came out and joined me. I loaned him my leather jacket and we sat conversing in Spanish for another hour, before the club closed. I went back to his apartment with each of his friends, and we stayed up talking until 6:00am. Everyone else retired to bed, and Blas and I started to hook up. We went to his bedroom to have sex and - to my surprise - the other two friends were sleeping on his bed. We still had sex - but on a mattress on the floor right next to them... He offered to take me to lunch, but for some reason, I got dressed and walked 2 miles back to my hostel at around noon. I can remember every scene from our night together, which is odd because I was so intoxicated. It's definitely one of the ""wilder"" memories I have, but I remember it so fondly. Making it to Spain after weeks of traveling in countries where I don't speak the language was a major relief, and I was happy to put my Spanish to good use ;)",1,1
"It was my senior year of college and I had been dating a guy for three years, and for some reason we got into a fight. I don't even remember what it was about. But it led to us ""taking a break"". I didn't have a car, so for those few weeks of the break, I pretty much stayed in my dorm or only went places that were walking distance. Finally after not hearing from him, I braved the city buses and figured out how to get to his apartment. His roommate answered the door and seemed surprised to see me. He called out for my boyfriend and he came out of his room a little dressed up. His face fell a bit when he saw it was me. I asked if we could talk. We went to his room and talked. It was like every resentment I had inside of me for the past three years came out. He had gone away to Texas the previous summer for an internship and when he came back, everything had changed. It turns out he had slept with someone while he was there.
 He told me he just didn't want to be in a relationship anymore. It was shortly after that there was a knock on his apartment door. He date for the evening had arrived. His roommate ended up driving me home. I dropped out of school after that semester.",1,1
"A memory of me and my ex-boyfriend, who was also with whom I had my first ever romantic relationship. It was a short relationship that lasted only 6 months, it started off well but started to crumble towards the end in a spectacular manner. We broke up after he had a tantrum a few hours before eating dinner with me and my family during the holidays in 2015. He had been unfaithful to me once during the relationship, and we bickered a lot near the end, but a few weeks after the breakup we talked and I invited him over to my apartment in our college town for closure, I was 22 at the time. We discussed things and how we were both doing, it was late evening. Before he left I asked him if he'd let me do something, he said yes but asked what it was. I asked him to dance with me, a slow dance, with a song I imagined would have been in our wedding (''There You'll Be'' by Ayaka, the live studio session version). 
 
 We slow danced to the song in my room, and we kissed one last time, he started crying and so did I, but I felt relief that he finally understood that I always loved him, and that even though it was over I'll never forget him.",1,1
"when i was in high school, i was about to graduate and in between partners, so i had been casually making out with a few people, in quick succession but not overlapping. this one guy i had made out with maybe 3-4 times before and then my parents weren't home so i invited him over (not even thinking about the implications of that!). so we were making out in the basement and he's feeling me up (and i think i was maybe doing the same to him, over his pants... heavy petting is the word i think) and then i was fine stopping there but he starts taking off his pants and then kind of aggressively going to take off my pants and i told him wait, stop, no. and he did. and i was like wait, did you wanna have sex? and he said yeah, haven't you had sex before? i thought you had? and i said no, i'm flattered you think i did (idk why i said that but i remember it) but no i haven't and i i told him something like well i don't want to have sex, i think you should leave, and he did. i don't remember his mood after that (he left without a fight, and it wasn't a big deal from my perspective) but he didn't talk/text me after that. which didn't hurt my feelings, i was honestly relieved that i had said no if he was going to behave like that. 
 
 thats a good moment for me because i didn't even think twice about the peer pressure. i knew i didn't want to lose my virginity (which was important to me at the time and i didn't have any protection/birth control) to that guy and in that way.",1,1
"Believe it or not, this memory takes place at an iHop at about eleven a.m. on a weekend. I was a junior in college, and I was dating my horrible boyfriend at the time (I dated him for most of junior year). I was at lunch with my three closest friends, my best friend (with whom I have been a little bit in love with since we met our freshman year), my roommate, and her boyfriend. I consider these three family now, would do anything for them, and have been more intimate with them platonically than I've ever been with anyone in any other regard. Bed-sharing, wrestling, cuddling, constant casual leaning against each other. The roommate's boyfriend tucked me into bed and sat with me for hours when I accidentally drugged myself silly when I had the flu. These people are closer to me than my family. 
 At the time this memory takes place, I was close with them but not incredibly. Not at this level yet. We were out to lunch, my roommate and I pulling our usual pranks and shenanigans on the other two, who bore it patiently and with an air of total un-amusement. They like to pretend they're more mature than we are. Between our pranks and some miscommunication that I still don't understand, we ended up with nine waters at our table. Nine waters for four people. It is the best thing we've ever managed to do at a restaurant. 
 I was so amused by this that I started plotting to get us more waters, trying to see how far we could take this prank and what we could do with all of this. I was also doing something rowdy with the syrup bottles. I don't remember my own behavior in terrible detail, but I do remember the roommate's boyfriend playfully scolding us over it. I pushed farther, seeing how much of a brat I could be during all of this, and there was some comment or other about his threats being kinky. My roommate leaned in, total seriousness on her face, and asked if I wanted her and the boyfriend to take me back to the room and punish me. 
 This was the first time I was sexually attracted to either of them. Don't get me wrong, they're totally attractive people, I'm just very picky about who turns me on and how. But this blind sided me, came out of thin air and struck me to my core, and while it itself was not an actual experience in terms of events, it was an awakening of sorts that opened the door to many other (private, one person) sexual experiences. Two revelations struck me that day, firstly that I was apparently interested in all three of my friends (which I find pretty funny, actually, it really captures the bisexual experience in my opinion), and secondly that I was interested in /that/ threat specifically. Hachi machi.",1,1
"I don't have many romantic offline experiences, so hopefully online counts. I met this woman named Kelty when I was 17. She was 21 and very charming. We started dating (""dating""?) after a few weeks of talking. Near the end, we had a pretty big fight that started with me speaking about considering going on birth control (my mom recommended it to help with my ridiculous period) and her interpreting that as an indication that I was not actually gay and was planning to sleep with men. Things became quite nasty after that and I have some regrets about stooping to a similar level - that's part of what makes it a self-defining memory.",1,1
Patrick and I started seeing each other after the night together but it was in total secret. If we wanted to be affectionate with each other in public we had to do it far away from the city we lived in because Patrick was worried his caretaker would find out. I always thought he was embarrassed of me and was ashamed. He only wanted to have sex which I was happy to do but it made me feel like a cheap boy toy. When we would be around our other friends he would go out of his way to try to seem super heterosexual by hitting on every girl we would see regardless of how she looked. He was the first person I loved but he had been keeping a secret I later found out his caretaker was molesting him since he was first adopted. I would ask him if this was true but he would deny it even though the one night I saw his caretaker in bed with no shirt on with another teen. I felt horrified and did not know what to do. Pat started to get into trouble at school ultimately resulting in being expelled from high school and going to an alternative school over an hour away. We kept in touch on the weekends and the last time I saw him he completely changed and got physical and hit me.,1,1
"A big self defining memory was when my boyfriend (also my bff) told me he loved me. I still remember when I saw him for the first time, I felt different for him. You can say love at first sight. We both cared for each other so much. Just getting to see him smile made me feel more happy. If he was in trouble I got angry and I cried to find a solution. We considered both of our families before we made the decision to come out to them and introduce each other. I was crazy for him and he always supported me our love was Incomparable. He was the reason I got through my car accident his love kept me going.",1,0
"After a stressful period of several weeks between me and Damien, we had a particularly stressful day and he came home in a horrible mood. We went outside on the back porch to smoke a cigarette like we often did, and he was barely speaking to me. I asked him what was wrong, and he said something about how I had used the last of the shampoo and it ruined his shower that morning. I told him I knew I didn't use the last of the shampoo, because I had not taken a shower since the day prior. He looked at me and said flippantly, ""Well, that's fucking disgusting."" That comment set me off inside, and I picked up and ashtray and threw it at him, hitting him on his face. He told me to get out of the house immediately, but I said I wasn't leaving. He ended up calling the cops and I was arrested for second degree assault. We spoke the next day and the charges were dropped, but that was the incident that made us realize we could no longer live together.",1,1
"The first person I dated that I had a sexual relationship with was pretty late, I was 26. The first time we met was St. Patrick's day, and he arrived with a friend to the house we had all congregated at after a pretty hefty morning of drinking at the bar. He and his friend joined the card game we were playing. He was definitely gay, so even though I wasn't immediately attracted to him, I was definitely curious. My best friend who was sitting next to me asked if I was interested. I think my exact answer to her was ""he's alright."" He was the younger brother of her good friend. I remember the lighting of that day seemed to be exceptionally bright. I think some of it had to do with coming out of the dim bar from morning drinking into the bright noon-sun of day, but even several hours later sitting on the carpet huddled around the coffee table playing cards, the light coming through the windows seemed somehow whiter and brighter than usual. I didn't see him again until May, when the same friend that asked if I was interested in him, had her birthday (I think there was some match-making going on). He arrived to the celebration again after I was already pretty drunk, but I think he caught up quick. Toward the end of the night we were making out at the one bar (which was the first time I had ever made out with a guy before) and then ended up sleeping together on my friend's futon. We dated for about a year.",1,1
"One of my classmates lived in my hall and I found him very attractive. I did not know if he was gay or bi, but thought it was possible. One night he asked if I wanted to hang out and I excitedly said yes. We chatted and drank and he told me he was bi. We then went to his friend's room and kissed, then had sex. We never once again talked about that night, but still occasionally hung out in a group setting. There was sexual tension but he had a girlfriend so I believe that is why we never became anything more.",1,1
"On January 11, 2014 I was sexually assaulted. My friend Emma from the previous story had set me up on a blind date. Her best friend knew a guy who thought he'd be a good fit for me. We wound up getting in contact and setting up a date. We went to a restaurant near my house. I remember everything from that day, from what the waitress was wearing to what we were eating, so it's hard to decide what's most important to the story and what's just extra information. I guess the most relevant bits were that after we ate we took a walk around the area. There was a park down the street we walked to and he pulled me onto him and kissed me, touched me, and the like, despite me trying to turn away from him. He followed me back to my car and got in and kissed and touched me again despite my insistence that I could take care of myself. Right before he left he told me a story about how he burned down his ex-girlfriend's house so I was even more afraid of him. When I brought up, later with both my friend Emma and Ken (the guy I went on a date with) my concerns about what had happened, they both said that what happened was a normal part of the gay community and I should learn to live with it. I think this experience helps explain how I feel about the gay community, why I struggle with intimacy, and just a lot about who I am now as a person.",1,1
"I work part time at a bar. Many come with a variety of people. There is a man who always comes every night by himself and asks me to accompany him to drink. He is good and he has a good business. One day he took me on vacation to Miami. I accepted his invitation and we left there. 
 In Miami we lived alone in his luxurious home. And there I just found out that he was a bisexual. He often invites female friends and men to party at his house. I was finally affected by the condition. We had sexual relations after a few days we were there. Our relationship still continues after we go home on vacation.",0,0
"In campus, I am a smart student. I often get champions in the race. My academic grades are also very satisfying. There is one single female lecturer who is paying attention to me. She often asked me to replace him in teaching. And she also asked me to come to her office to discuss the subject matter. Because we meet often, we grow a sense of love between us. One day when I returned from campus, I met her at a cafe near the campus. She invited me to dinner. After that she asked me to take her home. She lives alone there. She told me to sit down while she took a shower. Then she came out of the bathroom with a towel. I was amazed and tempted. We finally had sexual relations. Apparently she was attracted to me and wanted to invite me to marry. I politely refused because I wanted to finish college and work. She was not angry and asked that their relationship continue.",1,1
"I had been seeing a guy for about a month and had already decided that I didn't want things to get too serious and that I didn't like him that much. Our relationship had a hard deadline anyway because he was moving to New York in few weeks. However, he got much more attached to me than I was to him and I would have gotten worried about that if I didn't know that our relationship had a firm endpoint. One of his last days in town, we went to a Chinese restaurant that was popular among our group of friends. Both of us had been a bunch of times before and the waiter even recognized him. This was apparently a poor choice for his last day in town because he became overwhelmed and began crying into his food. I tried to reach over and comfort him, but struggled to say anything helpful. We paid for our food and I tried to hug and kiss him in the car to comfort him, but I felt very much out of my element. I felt like I was not very good at comforting other people and was bad with other people's emotions",1,1
"In the second or third grade, I became friends with a classmate/fellow Cub Scout named Matt. We would meet at his house for Cub Scout meetings as well as go on field trips. Eventually, I remember spending at least one night at a sleepover at his house (just us, not the troop), and was invited on one trip to his family's vacation home.
 
 I don't remember identifying as gay (or any other particular sexual or affectional orientation) at the time, but I do remember feeling ""different"" than the other boys in school. I don't remember Matt's personality, particularly, but I do remember that we got along well enough. We were also both curious about our bodies, so I do remember sharing a bunk with him both during the sleepover and vacation trip. During both instances, we kissed, explored each other's bodies, and attempted to have sex in the way that we understood it. If I recall correctly, that included oral sex and attempted anal penetration (without lube). I do remember it feeling good.
 
 To the best of my knowledge, his parents never found out--and my parents certainly didn't. His mother later became mayor of our little suburban town, and a few years later they moved out of town. I didn't think about these experiences for over a decade, until well after I came out. Still not entirely sure how I feel about them, other than to say it is a mixed but overall positive feeling.",1,1
"My first kiss, while cliche, is probably one of the more self-defining memories I have. It was probably one of the best moments in my life, and I still remember it well. Me and my first boyfriend hated eachother a lot, and when we finally gave each other a chance and got to know one another, we ended up dating for a year. While it didn't work out in the end it still proved to me that despite our first interactions and our initial feelings, they're not always fair or correct. I still use that experience today, both negative and positive. First impressions are usually wrong, and it has helped me become a better person because of it.",0,1
So we had not been a trip for like 4 months or so. Then we deicided to take a trip to a nearby city . We booked a hotel with sunset view room. And it was perfect. We spent the two days visiting touristic places nearby. 2 days being out of the every day chaos was quite refreshing for us. We also hiked for several hours and being in touch with the nature while forgetting everything was perfect.,0,0
"My first date with my first Serious girlfriend. We ended up dating for about six months, but from start to finish everything with her felt huge.
 
 We had been texting for a couple of weeks before this date. I think I'd asked her out a week in, but had a wedding I had to attend and schedule around which delayed it. We met half way between our daunting 2 hr distance at a cute local coffee shop. I was so nervous, I really enjoyed talking to her and I really wanted there to be chemistry. We see each other in the parking lot, we say hi, and we walk in to get coffee. She orders hers no problem, but I am a bumbling mess between an unfamiliar menu and first date nerves. I eventually obtain a latte and we sit down to chat and sip. We talk a little, I bring up a random person outside exercising because I'm worried I'm not saying enough. She has such beautiful brown eyes. We realize the coffee place has closed, and now the coffee place houses a painting class, with some contemporary Christian music playing in the background. I scoot closer so we can look at lunch places together. There is some intense eye contact, it seems like we might kiss. But I break eye contact , I don't really need the Christian Painters as an audience. We eventually pick a place and decide to take her car. We find the place, she parks, and I open my mouth to ask if I can kiss her but lose my nerve. She asks what, and I'm all ""never mind, haha,"" I smile. We make some intense eye contact again, and she asks if she can kiss me! She gets an enthusiastic yes. I've only kissed one person before at this point, so I don't really know when to stop. Conveniently I also don't particularly want to. We end up making out. We eventually get out of the car, and she casually reaches for my hand. It takes me a second to adjust to, but then it's the most natural thing in the world. We sit on the same side of the booth, both giddy. We eat, I don't remember a lot of the conversation. We make out in the car some more. We decide to check out a park next. We drive around for a while trying to find it. We find it, and find a fun bench overlooking a pond. We chat very affectionately. She tells me she's glad she didn't delete Tinder, I concur. Some companionable silence. She mentions how much she values that we can just, exist silently together. And she's right, it's nice. We get rained out of the park. We're back in the car, we make out again. I have to go home soon, so she drives me back to my car. We hug, for quite a long time. I don't remember if there was a normal length kiss in there or not. We make plans to see each other again the next weekend. It's such a good date. I really liked kissing her! I have proper feelings! And she's so sweet and funny and pretty and... It was nice to have that",1,1
"Me and Buddy hit really hard times about two years ago and were offered a place to stay by a seemingly weel meaning drug dealer and her infection-personified boyfriend. We later found out that the two of them were hardcore heroin addicts and had tried several times to get my and Buddy hooked on Heroin, as we were still employed and presented ourselves as a major source of income for her cave troll self and her literal bed bug of a boyfriend.
 
 We stuck together through that really dark part of our life. He made me realize at that time that some people will take everything you own if you don't physically slap them down when they try to take it. Not Buddy though. I will never know what it is like to be truly alone while he is still around. He saved me from so many bad situations and if we had not stuck together through that time, we would both probably be dead right now.",0,0
My last serious boyfriend about 2 years ago. I really thought that things were getting serious and that I finally had found someone to settle down with for good. Then one night randomly at dinner he told me he had gotten a job and was moving to Japan. He never even had told me that he was applying for jobs like this. This really hurt me and I think kind of make me a little less trusting of people and of my own beliefs. I really thought we had something special but he was obviously not feeling the same way.,1,1
I dated a girl named Michele she had blond hair of gold a nice decent girl until we made love alone I wanted to marry her yes but it was not to be she was under her spell I was put to the curb by Michele not fun times summer night no more I looked for more in a woman that her. summer romances ha ha no true love there romance I bought her flowers and with romance sometimes she took me forgranted my self defining moment was when she cheated on me there was another guy I wont make that mistake again romantic moments were all woman wanted my partner was always in love not with me but him My self defining memory were many to list but most were of happy times,0,0
"Dating (my now wife) was some of the most fun I've ever had. It was crazy, though. Nobody knew we were dating (our families didn't even know we were gay), so we felt like teenagers, sneaking around and meeting up with each other (even though we were 23 and 26, respectively). We took turns visiting each other (she lived in PA, I was in NY, about four hours apart). I remember one time, it was my turn to visit her. I'd stayed for a couple days, but it was time for me to leave. I had to get back to NY because of work, and I couldn't take the day off. So she was like, ""What if I drive back with you?"" So she did. I drove back, and she followed me in her van. I went to work, and she waited around 'til I got off. Then we hung out some more, and she drove back home to PA. It was such a long day of driving, but it was worth it, to us, for that little bit of extra time together.",1,1
"I got into a quick relationship with an individual after my biggest break up because I needed someone. I did not take time to get to know them and really rushed into things without taking time. In the end, I was very heartbroken because I was not what they wanted. They were very religious and I met them at my job. I explained to them at the beginning that I believed in God but was not religious. They would invite me over and we would do sexual things which they told me from the beginning that they would not do until they were married. They would say something then do something opposite. In the end, he would blame me for compromising his morals and after almost going all the way, he tried to sit me down and make me read the Bible saying that I was his biggest temptation and a whole lot of crap. He could not control himself and he blamed me for it. In the end, I was heartbroken because he ended up getting with another coworker of ours while I thought we were still together and also starting rumors at work about me saying I always tried to have sex with him and so on and so forth when it was always his idea and his move. He was a fake Christian and attempted to blame that on me. He blocked me on all possible outlets in the end of our ""relationship"" but a year or so ago, he tried to message me on facebook in what I thought was an apology but ended up being just another way to say how terrible I was and blame me for everything that happened.",1,1
"I made a huge rainbow heart quilt, about 3 months into my long-distance relationship with Claira. I made it to enter into a regional quilt competition, and I was finishing the quilt when she came to stay with me for a few weeks. Even though all I wanted to do was to spend time with her once she arrived, she knew that the deadline to submit the quilt was approaching, and let me work on the quilt as well. She asked me a lot of questions while I worked, and commented on things/techniques she thought were interesting. After I completed the quilt, she held it so I could photograph it, and otherwise ""modeled"" it for me. I was deeply touched by how much she cared about this quilt- not because she was actually interested in sewing or quilts, but because she saw how much it meant to me.",1,1
"One time, I had a hook up with a non-binary female-bodied individual. We had simply made out and not gone any further, but we also had a deep emotional connection. After our hook up, however, they closed themselves off, and I asked what they were doing. I explained our connection as a relationship, and they took offense to that, saying we weren't a relationship. It made me feel used.",1,1
"Call him Anthony, the English teacher, this was my fourth relationship and how wrong I was about this. This happened at the time where I felt lost and confused after relationships and that i thought as if there was something wrong with me since all failed so i turned into this guy that went out for sex and then Anthony came along. At first it was very sexual but then came a time of being together and all was going great but something was troubling me and he came to see me more and more and more. But then, as I was leaning towards his obsession was getting too much for me, it went even more bizarre like he thought that threesome and foursome and orgies was the way to keep me with him but that even separated me even more until he started to hit me to find out who I was cheating him with. No one, of course but he felt the need to grab my phone and slap me until I would say who.. but I had no one. After those hits.. I grabbed my stuff and ran away.",1,1
"Again, this is the same partner of 5 months. We had only been dating two months, and we went away for the weekend with her best friend and her boyfriend. I am pretty shy in terms of PDA, but we went shopping and I guess the way I was acting with my girlfriend, even though we didnt touch, signaled that we were girlfriends, and the store clerk commented and said that we made a cute couple, and he asked if my girlfriend spoils me a lot. It felt really nice to be validated and seen like that, especially since we werent all cuddly",1,1
"When I was about sixteen I agreed to let a guy in the year ahead of me teach me to tango with him to perform at our highschool talent show. We were rehearsing in my parents' dining room by ourselves. He had a rose with a stem that he held onto with his teeth. He told me to grab it with my teeth from him. I immediately started to feel uncomfortable. When we were close in the position to tango I couldn't get myself to grab it from him. I told him no repeatedly. I was not going to do that. Eventually, he stopped trying to get me to do it. We continued learning without the rose. I felt uncomfortable for the rest of the practice that day but I still met up with him and we performed without the rose.",1,1
My partner was non binary. A male who prefered to dress as a female most of the time but still didnt mind dressing as a male. He was born with extra chromosome that gave him natural boobs and of course he had a penis. He was such a beautiful person. Everything he said intoxicated me. He was the reason i realized i wasnt attracted to just boys or girls. He was the reason that made me realize that the mind turns me on more then anything.,0,0
"My ex and I had broken up in July of 2017. They admitted to cheating on me and said that they felt like they needed to be on their own. That they weren't happy. That being in a relationship wasn't good for them. I was obviously heartbroken about it. Fast forward to fall of 2017. My ex and I were trying the whole ""let's be friends"" route which was the worst possible idea. We had set boundaries between us. No sex, no kissing, nothing intimate. But I would sleepover their place more often than I should. We would never kiss, we would not have sex, but we would cuddle. There's nothing wrong with friends cuddling, but there is everything wrong with cuddling with the person who broke your heart who you're still deeply in love with. I would crawl into their bed, big spoon them until they fell asleep, then turn over and think about how wrong this is. It got worse and worse each time until one day I realized I had to stop this. My ex wasn't going to put their foot down, so I had to. I stopped sleeping over and I stopped communicating in general with them. It was for the best.",0,0
"I went on a date with a loosely known acquaintance. He was a musician. We sat in his car singing along to contemporary worship music, both of us creating and singing our own harmonies well. We went back to his house and snuck in. In his room in the dark and quiet he undressed me gently. He kissed me a lot. I remember that we had sex, but the next detail I remember is getting dressed and him suggesting that I leave through the window. I refused to do that. I made him walk me out.",1,1
"Matt was one of the only men who I have been intimate with. It was before I realized that maybe I may be more attracted to women than men. He was kind and caring of me. He always did the right thing, was very good to me. He was in the Air Force, and I remember there was a night before he shipped out to be deployed. We went to the movies. Then he went to my apartment and we had sex that night. It was enjoyable, very intimate, I remember but I didn’t feel as connected. 
 This may sound strange, as it is one of my fondest memories and I enjoy reflecting back on the time Matt and I had together. I didn’t enjoy the sexual experience as much as the intimacy I think. It was hard for me to connect. But still I think back on that night, being cuddled up with him on the couch after. It was a very warm and relaxing time in my life.",1,1
"my boyfriend was once hanging up coat hooks in the foyer and i was just laying on the living room floor watching him. i got kind of turned on watching him hang it because his muscles were flexing in his back and legs. as soon as he got done, he saw that i was hard and we did it right there on the living room floor. it was pretty hot and we always joke about it when he is hanging something",1,1
The absolute most self defining romantic experience was the first time I kissed another male. It was electric and thrilling and I wanted more. I was born in a small country town and this was very unwelcome in my community. But the first time I kissed another boy it made me finally see who I was. This is the most important and crucial time in adolescents lives. They finally figure out who they are and what they want.,1,1
In my last semester of my senior year of high school a girl messages me out of the blue. Her name is Valeria and she told me she found me attractive. We decided to meet up and we ended up making out. I bought us McDonalds and we went to some park and I ended up eating her out. She told me she had a boyfriend and he cheated on her so she wanted to get back at him for cheating on her. I told her the last person I was in a relationship with used me and spit me out like garbage and she assured me she actually cared about me. After all of that happened i dropped her off at home and told her to text me.She didn't. She ignored me and acted like I didn't exist. Come to graduation day and she ignored me too. A year or so later she messaged me asking me to hook up and she does that every couple months. She's not out and I understand that but I wanted to be friends at least.,1,1
"I had been in a long-term relationship with this guy, largely because that's what was expected of me and he had trashed my self-esteem to the point that I believed no one else would want me. We had already reached to point where we weren't sleeping in the same room. We had a huge fight, yelling and throwing things. He snatched my college diploma off the wall and shattered it. I knelt down to clean up the glass because it was something else to focus on and because I didnt' want to cut my feet up. I said something along the lines of he only wanted to trash things that were important to me. He stormed off to his room and I assumed the argument was over until he came back a minute later with the 9mm pistol we had. He cocked the gun and pointed it at me. I could see the bullet in the chamber. I don't know why but I leaned into the gun told to do it. But if you do you better make damn sure you kill me otherwise I'll beat you to death with that pistol. He held it my head a minute more before storming back into his room and locking the door. It was three days before he spoke to me again. And then he only said you know that gun was loaded right, with a sort of smug tone in his voice. I said yeah, I'm not f**king stupid. I could see the bullet. It would be a few more years before I left him. Almost a year to the day after I left, he went to his mother's house and killed his cousin and then shot himself.",1,1
"Our first disagreement was another self defining memory. We never fought, we never argued. We were literally so loving, goofy, etc., all the time. This disagreement happened because I did not want to go to her friends basketball game. She never even asked if I wanted to go, she just decided we were going and kept talking about it. I finally told her I didn't want to and she got all upset, so I explained why I didn't want to, and also the fact that she didn't even ask what I wanted to do. She immediately started crying, saying she felt terrible for not asking, etc. This was a self defining memory about her because this was the moment I realized how deeply she cares and feels for me.",1,1
"[self-harm tw]
 
 My girlfriend and I once met friends at a museum in New York (2017) who took candids of us holding hands. We met at the very end of July on a very hot day. Naturally, we'd both been wearing short-sleeved shirts. It posted a few of the pictures to my Twitter account and kept the tweet pinned. 
 
 I received an anonymous curious cat message (linked through my Twitter), telling me to ""cover that shit up no one wants to see your scars you insensitive cunt."" My girlfriend was the one with self-harm scars along both of her arms, clearly visible in the photos. I remember feeling simultaneously angry and shocked, so much so that I'd been shaking and my heart rate jumped. I remember replying something along the lines of ""It was hot that day and my girlfriend can wear whatever the fuck she wants. Stay triggered bitch.""
 
 The anonymous sender replied with at least a dozen messages ranging from calling me a stupid cunt to telling me they hoped my girlfriend cut herself so deep that she bled out and died. I deleted all of them. I didn't tell my girlfriend what the messages said, just that there were more than just the one.",1,1
"Because my partner and I met during senior year of high school, that meant that we went to senior Homecoming dance and Senior Prom together, as well as got to graduate together. Except he almost didn't graduate, because he was failing his math class, and so he was missing half of a math credit. It was the morning of the graduation ceremony, which means we had a rehearsal that morning, and instead of going to the rehearsal, he and I were in his counselor's office. (His counselor was so amazing, and was trying to figure out a solution, while my partner was crying out in the lobby.) His counselor figured out that there was a test that my partner could take in order to get the half credit, but he had to pass the test and only had 1 shot at it and about 2 hours to complete it. So my partner kissed me and told me to go to the rehearsal, and he would take the test. I barely paid any attention to the rehearsal, I was checking my phone, anxious about whether or not he was going to graduate and walk across that stage with me later that evening. After the rehearsal, he found me and threw his arms around me, and told me that he was going to graduate with me.",1,1
"I used to hang out with a group of a bunch of people who were around my age who pretty much all identified within the LGBTQ+ spectrum. We would drive up and down highways and visit stores because we were bored. Me and this one particular girl rode together, and we drove from one location to another. When we got to our location, she was in my passenger seat. I put the car in park and began to take off my seatbelt. She leaned over and kissed me. She then remarked that I had little lips. We then scheduled a date to Taco Bell and Starbucks in the near future, and then we got out of the car and met up with our friends. We did go on the date, but it was our last. She was not interested after all.",1,1
"The third and final time I slept with a guy he was super chill, the nicest one I'd been with yet. We both decided to meet up at the mall then head to the local motel 6, where we split the cost of a room. When we get in and bolt the door, we strip, and he looks at me and says, ""fjaldk."" And I replied, ""what?"" So he repeats himself, ""afjldk."" And I do too, with a ""what?"" Then he slows down, enunciates, and says ""SUCK. IT."" And I go ""oh"" and drop to my knees, which were about to give out on me anyway because I was the size of a truck, and proceed to do my least favorite thing in the galaxy, which is give head. After he's hard we get on the bed, but after he thrusts for about thirty seconds he gets up without saying a word and heads to the bathroom. As I'm laying there on this dirty motel blanket, confused and vulnerable and slightly jiggling with each breath, he comes out, looks at me and says, ""I can't do this, I have a girlfriend."" I go ""uhhh..ok,"" then proceed to get dressed in silence. I have to drive him back to his car because he left it at the mall.",1,1
"I was a week shy from 18; it was Valentine's Day. I was meeting up with a girl I had been talking to. We had never met in person before. I bought her flowers and headed over to her work right before she got out. I was sweating the whole drive over. My heart was beating out of my chest. When I arrived, I got out of my car, flowers in hand, and entered the door of her work, a gymnastics/dace place. When I saw her, we both instantly smiled. I gave her a hug and she was so much taller than me. She was wearing a button-up, which I very much liked. She got off of work soon after that and we headed to Starbucks to get to know each other. She gave me a little Valentine's Day heart-shaped balloon and Rainbow Nerds (candy). We talked at Starbucks for around half an hour, then she said she had to be home. I didn't really feel a romantic connection and felt like she didn't either, so we avoided kissing each other before we headed back into our cars. I wondered why I didn't feel anything stronger; I had liked her so much online. She was easy to talk to, things felt great. But something was missing in person. I drove all the way back home after meeting for a brief moment with her. She messaged me later that night - said I was super cute and that she loved meeting me and that she was too nervous to kiss me. I wondered if she'd really meant it - she didn't seem to interested in person. We eventually ended up dating, but all along I knew that we weren't the most compatible for each other. I think she knew, too.",1,1
"I identify as strictly a homosexual man, but there was one instance where I feel head over heels for a girl during a summer camp. We had completely compatible personalities, an understanding of each other, and an almost instant connection. We never did anything sexual, but had we been together longer than a week, I truly think we might have dated and possibly taken things further. 
 
 She's the only girl who's ever made me question my sexuality.",0,1
"I remember the first long date with my current partner of four and a half years. I had just moved to New York and we met online through OkCupid. We had gone on I believe two or three prior dates to this. But it was Valentine's Day for this date on a Saturday. We agreed to meet early at the Met. I don't remember much of the exhibits we saw except seeing the French period rooms he was obsessed about and the statue of ugolino and his sons he really liked. We had lunch at the expensive cafe at the sculpture wing that I don't think is there anymore. But I remember getting the tab which was over $100 and I was an intern not making much money. The purpose of the date was to show each other our favorite places in New York. The Met and the pieces of art he showed me were his favorite. After the Met we walked through Central Park and next I showed him my favorite place in New York, Bethesda Fountain. It has a special place in my heart from Tony Kushner's play, Angels in America. AIDS history and activism are important to me and I was very involved in that sphere in college. We then walked more in Central Park and saw an ice sculpture festival. Then we went back to Brooklyn and got drinks and then got dinner and then went back to his place. We had sex for the first time and then committed to being boyfriends. I remember one thing he said describing me: he compared me to the French period rooms that were gilded, that I'm hard to read sometimes because I have a beautiful exterior but you have to chip away sometimes to get at what I'm really feeling and thinking. Later on he would tell me how nervous he was because he though I didn't talk enough when were on dates in the beginning, but in general I'm a quiet person.",1,1
"When I moved back up to NJ after college, I was already out to my friends and my immediate family. I moved to live with my uncle and grandmother (maternal) temporarily. I was still not officially out to any extended family here in NJ. I started dating online. I met people on Grindr as well as other apps or sites. One night I was driving down to the shore to meet up with a friend from HS that had flown in to see her family. On the drive down, I think I had checked my grindr account and put it down. Later that night, after spending time with my friend, we had decided to go to sleep. I was spending the night and was given her brother's empty room to sleep. It was late, but just before midnight. I know this because Grindr used to erase all messages at the end of the night if they were not active. I opened my Grindr and saw a message from a boy who was shown to be very far from the shore. I responded. The next day we talked a bit and realized he must have opened his Grindr at the same time I had as I was riving down the highway passed his town. We kept talking, met two weeks later, and we are now engaged and have been together 7 years.",1,1
"When I first met Ken, I was completely unavailable for an emotional connection. I was actively looking to expand my horizons in the BDSM/kink scene, but didn't believe that I could actually form a romantic connection with someone. I was 20 at the time we met at an orgy set up by my friend Viv (see valkyrie story) and we instantly hit it off. We have an 11 year age gap though so neither of us expected or sought out an emotional connection. The major shift for this was during one of our scenes (tw: consensual SM play ahead). 
 
 We had been engaging in BDSM activities for a couple months at this point, and I consistently bottomed for him for impact play. He knew enough to know that I had an emotional attachment to my scenes and understood my body cues/ safewords to know what I could/could not handle. This weekend was my mom's birthday, which he knew was a hard time for me so he came to visit. We negotiated a scene, knowing that I was upset and it may go to a dark place, but he and I both consented to continue with that knowledge. During the scene, he was hitting me and I felt so connected to him and able to enter into a deep subspace. The scene continued on for several hours till the point where both of us were crying and yelling out our feelings. We both had a cathartic experience unlike anything we had experienced before. He showed me that the kind of connection I desired wasn't wrong or dirty, it was just mine. I never had felt so loved and cherished and primally myself as in that scene. I knew in that moment that I had found what I needed out of life, and it was healthy, consensual masochism/ S&M play.",1,1
When I was dating my first boyfriend. I did cheat on him. I had to tell him. We Skyped and didn’t talk for 15 min. I told him that I could no longer be with him. He asked me why and I said because I cheated on him. He said he didn’t care and wanted to stay with me. I got mad because I didn’t want him to be okay with it. He said he understood the distance and knew that it was no problem. I decided to say good and hang up.,1,1
A year ago my grandmother died. I was pretty broken up about it for months that followed. One day I was crying in my bed. My girlfriend asked me over and over what was wrong but I didn’t want to talk about it. I’m not good at talking about my feelings. She was persistent and eventually I told her I was upset that she was gone. I was upset that I never got to tell her things about by life. I missed her dearly. My girlfriend held me until I stopped crying and told me all the things I needed to hear.,1,1
"When I was in high school, I was dating one of my neighbors. We were both not allowed to date at that time, but one day his mom discovered all the secret love letters I had written him in his wallet. Then our parents proceeded to scold us and tell us we weren't allowed to date. So then after that he didn't really talk to me anymore. I remember being so embarrassed and feeling like I wasn't someone worth fighting for.",1,1
I met a woman with a beautiful mind that couldn't keep up with her jealous heart. Despite her knowing htat I am bisexual she didn't wish for poly relationships and she couldn't continue to remind herself that I was never in our relationship for us to be married. I stopped hanging with all of my friends when she continued to invite hers over. Someone asked me where the bathroom was and I pointed it out. She came around a corner thinking she saw me grab a mans crotch and raised he hand to me. I physically reminded her where I grew up and proceeded to leave. She crank up someones car and put the car in drive to run me over. I used my fathers skills to shoot out the car tires on the passenger side. When she found herself calm enough to listen to reason I pointed out why I don't date.,1,1
"My wife asked me to marry her at the top of a waterfall, and she almost dropped my engagement ring off the top of it. It was spring break of our junior year of college and she told me she wanted to go hiking and find a waterfall. We found a trail in the Appalachian mountains that had a high waterfall along the way and drove out there one morning during our break. I suspected that something was up as she had just made a mysterious purchase and called her family (she had just come out as trans to her parents and was not on great terms with her family so this was unusual). I also had been open about the fact that I wanted to be engaged. We were young but committed, and I wanted to take things to the next step, and didn't mind a long engagement (which is what we had, we were engaged for four years). 
 We packed a picnic lunch and windbreakers and headed out. The hike was pretty, but cold and the trees were leafless because this was March. When we got to the top of the waterfall, it was frozen, which was beautiful. I was excited because I thought I knew what was coming (she had told me many times she wanted to be the one to propose) but also scared to get my hopes up. We ate our lunch at the top of the waterfall, and once we finished, she got down on one knee and asked me to marry her. But she was shaking so badly that when she opened the box, the ring flew out and almost rolled off the side of the cliff. She dove over and caught it and put it back in the box, and then turned bright red. I was thrilled, and I also burst out laughing, but not before I said yes.",1,1
"I remember coming home to the apartment my girlfriend and her friend were renting, where I was hoping to move into, after an interview with my first job after graduating undergrad. It was a bright day, my girlfriend was just out of the shower in comfy clothes and I remember running up to her to hug and kiss her and tell her I got the job repetitively. I remember her smiling and tears welling up in her eyes with joy for me.",1,1
"I've found that I don't really like to be touched during sex. It's nice, but it doesn't turn me on. However, making my partner feel good really turns me on. I didn't realize this was kind of odd, until my most recent partner said to me, ""I've never been with such a giver. With someone who gets off on making me feel good."" At the same time, she asked me if I thought I could be on the demi spectrum. I had not considered it before, but now it makes some sense.",1,1
"One summer, after my junior year of college, I worked in a preschool. I worked half-days and both my roommates were gone for the summer, leaving me with little to do with the rest of my time except hang out and drink beer with a few other friends who had stayed in our small college town. By that time, I had started to identify as queer (after falling in love with a close lesbian friend of mine), but still had no experience with women. I was hanging out a lot with two of my female friends, C and L. C and I both identified as queer, with attraction to multiple genders, while L identified as straight but curious. One drunken night, the idea of having a foursome with the three of us and a guy came up and we were all interested. We couldn't find the right guy on tinder that night, so we put the idea to rest and didn't bring it up again. A few weeks later we ended up at a friend's apartment, playing drunken card games with one of the roommates, J. C and J had hooked up before and at some point J went to the bathroom and the rest of us decided that this would be a great opportunity for that foursome we had discussed. When J returned, we proposed the idea of strip poker. This eventually led to all of us making out with each other and moving to the bedroom. We all took turns having sex with J while performing oral on each other. I don't remember much (there was a lot of alcohol flowing), but I remember lots of hands and feeling very, very turned on while having sex doggy-style. 
 
 I did go to work at the preschool the next morning, hungover, on only a few hours of sleep and not even having showered. Whoops.",1,1
"I was dating a guy during my second year of undergraduate, and I knew I was not really attracted to him, but I more-so wanted to be him. We were making out on his bed one evening, and he touched me but I did not him, and he proceeded to get up and tell me we had to leave. Later, he snapped ""you didn't even touch me"" when we were talking about making out. I just remember how off-putting making out with him and him touching me was even though I really liked the way he looked and wanted to touch him.",1,1
"I find myself in Kentucky, some three to four hours from where I live, not knowing a single soul aside from the girl I have come here to meet. Introduced through a friend of a friend and having exchanged text messages for months, we are awkwardly seated in the living room of one of her friend’s houses. It’s where I am spending my week there, dropped off by a friend who I paid $20 and a bottle of liquor to drive me to Kentucky. She doesn’t want anyone to know it’s a date or that she has feelings for girls; I’ve been out for years and my stomach hurts at the idea of pretending we’re just friends.",1,1
"I was in an abusive relationship. I knew that I was being abused. There's really no way not to. But I rationalized it because the good times were good. I know now that they good times were only good in comparison to the bad times. My lowest lows now are better than the good times then.
 
 Anyway, at some point in our marriage, she went away to Quaker camp for a week. My mom took that time to visit me, and we had a wonderful time. My now-wife (then-bestie) and I hung out with my mom, cooked and ate delicious food, and had a blast. Then mom left, and it was time for my then-wife to come back.
 
 I met her at the train station. I felt my heart sink when I saw her. I knew that I was going back to the stress and drudgery of being constantly abused and having to walk on eggshells. I almost threw up. That's when I knew that my marriage was doomed to failure. It ended less than a year later.",1,1
"My most recent partner, Keyana, terrified me. She told me on our second date that she had recently spent time in jail for beating her last girlfriend, but for some reason, I continued on with the relationship. She never allowed me to see my friends or family. My entire life was controlled by her, as far as what I wore, my makeup, my music, who I could see, when I could work, and more. I remember that I hadn't seen my best friend in months, and she finally drove an hour to come see me. I remember Keyana was livid. She texted me saying ""leave alyssa. come see me..fuck her.. i'm more important"" 
 
 I screenshot that message and still look at it all the time. I promised myself to never let myself be so controlled again.",1,1
"I told my husband I wanted a divorce. I had been talking to a man I met online in a video game. He had convinced me that my husband was bad, he wasn't doing enough for me, wasn't good enough for me. So I asked my husband for a divorce, not even knowing if I wanted it or not. He told his parents and family, I told me. We ended up working through our issues and are stronger than ever now, but that period of my life was the worst.",1,0
"I met my husband on Myspace in 2007, to date myself. He was a fan of a band I was in at the time, and I was flattered and met for coffee eventually and the rest is history. In 2008 when I was working for Southwest Airlines, we took a vacation to San Francisco. We didn't have much money, and could only take the trip because of free tickets from my job. We were on a boat tour of the bay, and the tour guide asked if we wanted him to take a photo for us in front of the bay bridge. I agreed, my husband to be declined, and I was furious that he didn't seem to want the souvenir of our first big trip together. We took the photo, and I am visibly furious in it. That was one of two fights we've ever had and have been together since 2007 and married since 2014.",1,1
"My first relationship was when I was 12, the summer before 8th grade. She had come out as bisexual first, which made me realize I also liked girls. We started ""dating"" while writing love letters to each other while she was away at camp, and we had what was my first kiss when she came back and we had a sleepover. I remember us lying on my bed, feeling super nervous and hiding my face from her a lot. She asked if she could kiss me, and I remember my heart racing and just feeling so nervous about everything - how we each felt and the kissing itself. Afterwards, I remember clearly that she said she thought from media that kissing would be better, but it was disappointing. I don't think I really said anything, but I felt awful hearing that - I certainly didn't have any practice or know what I was doing, but I had still enjoyed it a lot. We did kiss more that night, and touched each other's arms for awhile. Although we ""dated"" for awhile, that was one of the few times we actually kissed - I think we kissed more times after we had technically broken up than while we were together. It was a very middle school style relationship in that we never really defined our relationship or talked about our feelings except through letters and poems, and didn't actually spend all that much time alone together. But I was pretty obsessed with the idea of her, and spent a lot of time pining away by the phone waiting for her to call, or feeling awkward or jealous when we hung out with friends if she didn't pay attention to me.",1,1
"One thing that has always stuck out in my mind was how much she loved doing my hair. It was an intimate thing to do, and the one time that I remember most clearly is the time that she did it after choir. The time after our practice was spent in devotions and prayer requests, and while we listened to everyone else talk about their issues, it felt like we were in our own little bubble. We didn't care how people viewed us, it just seemed so natural to sit in our church and be that close.",1,0
"Something that has really helped define my sexuality has to do with a variety of experiences in high school. Nothing sexual, but times when I knew I was attracted to men. I have 3 different instances. One happened in 9th grade Geometry; there was this boy who sat across the room from me and he was purposefully eating a lollipop provocatively with full eye contact. I remember him smiling a lot at me and kind of looking me up and down as I was sitting my chair; in that ""checking you out"" manner. It made me want to flirt and hit on him, but being Latino and at a public school in a majority Latino community, I didn't feel safe. Second incident was later on in the same year. A few of us 9th graders took AP Human Geography over our winter break and well into Spring semester so we would often stay after school for our class. One particular day another boy approached me, actually best friend of the guy mentioned before, and started to take extreme interest in me. Not exactly extreme, but much more than any other time. He would talk to me and show me music from his iPod. I couldn't help but notice that a lot of what he showed me were ballads in the form of a ranchera, bachata, cumbia, etc. Saying how he really likes it, how much he wants to dance and just edging closer and closer to me. I had never been approach like so, so my natural reaction was to avoid him after that. I was too scared to do anything and was afraid of what would happen if I were to be outed by my involvement with him; even if it was going to be more secretive than not.
 Finally my third was just a passerby moment. This guy, i remember having a big crush on him especially since he was out and fully gay, was selling some candy. I could never fight the urge a nice new bag of skittles so naturally I asked him if I can buy. He handed me the candy and I reach out with a dollar in hand. Without breaking some serious eye contact, he reached out and grasped my whole hand slowly sliding his hand out of my grip while scratching the middle of my palm with his index finger; a sign/code that often means sexual interest. I was thrown aback by it, AGAIN. One, because I was afraid of coming out. Two, because this guy I had a crush on ACTUALLY showed interest but I refused to acknowledge as though it was some sort of dream. I remember rushing a way, but after a while looking over my shoulder wondering if that really happened and if I should have made a move as well.",1,1
"When I was in my early twenties, I dated a lawyer. She was originally from Minnesota, skinny, smart, and we had a lot in common. On paper we were perfect for each other. We started dating in February and in June or July her new boss and his wife held a party at their house on the Eastern Shore for the folks who work for them as well as spouses, partners and kids. We drove from Arlington, in her big old Four Runner. I had driven us every other time because she was new to the area and I knew my way around. We make our way out to the house, which was idyllic. There was a little lap pool, it was on the bay and it was a wonderful summer day. We stayed until after a parade in town was over so that we could actually make it out of town. We are making our way back to the Bay Bridge and I am getting progressively more and more carsick, I tried AC, windows, radio to distract me, but all of the stations were static-y, which triggered her migraines so we couldn't listen to the radio. We had to pull over at the Outlet Mall before the bridge so I could walk around and not puke all over her car. Once I stopped feeling sick, we continued on to Baltimore where we were supposed to do a city street water slide. We fought about everything from how I was navigating to the fact that she needed therapy. By the time we made it to Baltimore, the water slide was packed up and closed for the night, which she was furious about and we still had to navigate out of Baltimore and back to Arlington. That miserable car ride made me realize that I didn't love this woman nor could I really be in love with her.",1,1
"After I broke things off with Sam, he wanted to meet to talk. He told me not to bring Henry. The whole situation sounded very threatening. My mom ended up taking me to the local elementary school and watched as we talked. He spent about 20-30 minutes berating me, saying how I cut our paths off before we had a chance to go down them, etc.
 
 I didn't have much in response to all the things he said. I told him I wouldn't be able to change his mind on anything. I think that made him mad as well.
 
 I told him at the beginning of us hanging out that I wasn't sure of my sexuality and thought I might just be into women. He didn't listen, and I wanted a friend.",1,1
"I was with an old boyfriend at the time and I was trying to be straight. His name was Cole. I remember feeling nothing for him when he touched me or kissed me. He wanted to have sex with me that day and I just didn't want it. I couldn't get aroused and I couldn't get wet. The sex was passionless and hurt. I ended up bleeding but it was over fast. I felt wrong because I didn't like it and I was happy the sex was over. He tried to be affectionate towards me afterwards but it felt so empty. I realized that I didn't like boys very much that day and it was pointless to try. I broke up with him later on, but I never told him why. I didn't want to hurt his feelings.",1,1
"After moving out of California so long ago, my significant other and I visited. We talked about where we wanted to move and she was open to California as an option. I’ve always considered California my home, despite having traveled far and often. However, when she and I first stepped into the sand of a hill, overlooking the ocean near sunset, I looked into her eyes and realized that my heart was with her and I felt at home there. I felt that way looking at her all the time. My heart is with her and I am always home. I’m both a nomad and at home, so long as I’m with her. I’m so great full my father took a photo of us while we weren’t looking because it evokes so much emotion. The sky is orange and pink. Our silhouettes are black. The background is relatively ambiguous. It perfectly represents how I feel. It’s warmth between two figures, no matter where they may be. It’s love and it’s certainty in the uncertain.",1,1
"When I was about sixteen or so, and was volunteering at a bible camp near where I lived over the summer, there was a guy named Thor there, and he was bisexual.
 
 At this time I was extremely repressed in my sexuality. I believed that it was morally wrong for me to participate in any physically intimate or sexual acts with anyone, especially not a man. Yet, I was thrilled by platonic physical affection, and Thor, a new friend I had made that summer, was ready to give it.
 
 Thor and my cousin Faith were interested in each other, and they would date years later. This summer, however, they were being all awkward around each other at the camp (they were in the first stages of love), and I was the third wheel that accompanied them everywhere. 
 
 Every day we would sit together at meals, in chapel, we would watch the sports on the bleachers together, we would sit out in the dark with phone lights on looking at the stars or the grass laughing about what each other said. I didn't realize that I was attracted to Thor for quite some time.
 
 Children's camps during this time went from Sunday to Friday. Saturday was a break for all of us that were staying through the weekend to work at the next week's camp. Many staffers went home on Friday night and returned Saturday evening. I lived far enough away that I would just stay through the weekend. 
 
 All three of us were staying through the weekend, but most of the other staffers went home this particular Friday night. We enjoyed each other's company late into the night until the bell rang for us to be in-dorms. Girls stayed on the third floor, and boys stayed on the first floor. On the landing of the second floor we all said goodnight to each other. Hugs all around. Faith said goodnight and headed to bed. Thor and I were heading downstairs. On the stairway downstairs he suddenly turned to me and said ""Let me hug you again.""
 
 I was surprised, but I loved hugs from guys so I said sure. We hugged on the staircase for about two or three minutes silently. I really liked it, although I was not really attracted to Thor at this time. We released finally and headed down the stairs together. I knew that he was sleeping in Dorm 6 and I was in Dorm 4. All the guys at the camp was in Dorm 6 that night except for me, because I would be counseling in Dorm 4 the following week. I expected Thor to diverge from my path and go to his own dorm but he did not. He continued to follow me. I thought it was just a joke and went ahead into my dorm. He shut the door behind us.
 
 ""Can I give you another hug?"" he asked.
 
 ""Sure,"" I said. I was kind of turned on by so many hugs, and he had a nice body, so I hugged him again. This time we held for a very long time. Maybe five or ten minutes. We were talking while hugging. I was getting a boner. 
 
 ""I need to get to bed"" I said. He said ""me too."" We released and I climbed up into the top bunk I that had my bedding. He climbed up as well. 
 
 ""What are you doing?"" I asked.
 
 ""I'm going to sleep with you!"" he said, excitedly.
 
 I went red. I had never slept with another guy before. I stared at him for awhile as we sat in the dark on the bed facing each other. We were both cross-legged. 
 
 ""Can I sleep with you?"" he asked.
 
 ""No. That wouldn't be right"" I said. I felt very guilty about just the hugs we'd shared. ""But I'll give you another hug if you want"" I said, timidly.
 
 We hugged again. This time with hands moving up and down each other's bodies. I loved the feel of his back, his spine and shoulder blades sticking out. I put my hand in his hair and caressed his head. He squeezed me tight in response.
 
 ""You need to go now"" I said.
 
 ""Are you sure?"" he asked.
 
 ""Yes. Go back to your dorm"" I said assertively.
 
 We released for the last time and he hopped down and left the dorm. I felt like I had just had a VERY close call. The closest I had ever experienced. That was the first time I had had reciprocal intimate affection from a guy. I had never thought Thor was cute until now, and I masturbated to the thought of us kissing for months afterward. To this day I wish I had slept with him. I wasn't in a place mentally where I would have allowed it, and I wouldn't be for many years, but I wish I had allowed myself to explore and believed it was okay.
 
 Thor came out as bisexual years later after breaking my cousin's heart. I came out as gay last September ('18).",1,1
"I was in graduate school and had been flirting with this woman for over a year. I thought I was too ugly for her to like me. We would get drunk on the weekends and flirt, but nothing ever happened. Until it did. It was 2am and we were drunk walking down the sidewalk. She said ""what if we kissed right now?"" and I said ""maybe that would be great"". She looked at me and smiled and I kissed her. We made out on her front lawn (so cringey) for like 2 hours. Eventually, she made the call that we had to go inside. I called my boyfriend and told him I would be sleeping at her house on her couch for the night. She and I verbally promised each other that nothing more would happen than making out. We lay down in her bed, she takes off my bra, and pretty soon she is eating me out. I was over the moon. The next morning I couldn't find my underwear. My glasses we still in the front yard. I texted her that it was fun. She didn't want to continue anything. I told my boyfriend I had cheated on him with her and he was half hurt and half turned on.",1,1
I met a guy at cafe near my office. He has pretty face. He work as marketing staff for real estate. He has good personality. He often want to see me and want to have some relationship. I try this kind of relationship. We spend a night some time. We have same experience with a girl. He is not possessive guy. He let me have another relationship. We have this relationship until now.,0,0
"My ex-girlfriend and I had been dating for 8 months when she asked for an open relationship We were laying in bed when she asked me because she said that I could not satisfy her completely, and she also wanted to be able to see the boy that she had previously cheated on me with. She knew that I prefer monogamy and knew that it would hurt me. She said that he had insisted that she ask me but that she did not want to lose our relationship becuase of asking me. She chose him.",1,1
"After talking to a girl for a few weeks, we finally agreed to meet up at a local bar. It was my senior year of college and I finally felt (somewhat) secure in my life/sexuality/mental state. I went through all the stupid rituals (hair/makeup/nails etc) and got on a bus to the bar. I texted her when I got there and she said she'd be right down from the rooftop of the bar. I waited for nearly twenty minutes near the staircase before I got a glimpse of her at the end of the bar. She was leaving. I had never been stood up so it hurt. I know I'm not the most attractive person but it's not like she didn't know what I looked like. I ended up going home, buying some chocolate chip cookies and staying up late watching cat videos on YouTube.",1,1
"I remember the first girl that I admitted that I was undeniably attracted to. It was my first day during my internship and I saw her getting out of her car and walking into the office. I remember thinking that she was the most beautiful girl that I had ever seen. She ended up being my mentor that summer, even though we are exactly the same age. I wrote her a letter when I left the internship about how inspiring she was, it's really cringey to look back on.
 I came back full time at that same job and we became friends. I still wanted to always be around her and thought about her when she wasn't around. It was the first crush on a girl that I ever acknowledged. I still didn't do anything about it, but I still think about her sometimes, even though she transferred to a different team with the same company in a different city. She helped me come to terms with the fact that I'm actually very gay. But I spent a while wasting my time yet again on a self-defined straight girl that also acted awkward and nervous around other women and was nervous to be around me. The tension between us was clearly there, I'm pretty sure she sent signals that she was bi, but we were workmates anyways and couldn't do anything about it.",1,1
"I brought two cans of Heineken to this guy's place. He let me in, and I sat on his bed, while he decided to sit on a stool. The sitting situation took us a solid 5 minutes to figure out, as I didn't want to sit with my ""train pants"" -- pants that I wore on public subway train cars -- on his bed. A couple of weeks later, he asked me out, and is currently still dealing with my corks.",1,1
"One of my exes had an ongoing problem with cheating. Him and I dated for a few years. We were both from Minnesota, but both ended up in the Chicago area for our undergraduate degrees. We became really close given our common background, and ability to see each other when we went home. I discovered that he had frequently been seeing other people, sending inappropriate texts and photos to other guys (including people that I had previously dated). I wanted to make things work for us so I repeated forgave him and continued to give him chances. We ultimately ended things because of this issue, but I frequently think that I have trust issues in relationships due to this poor experience I had.",0,0
"One night I was bored, lonely, and horny, so I got on Scruff to see what was about. I ended up talking with a local chef who had won two nights at a local luxury hotel, and who had finally decided to do something about his bisexuality. He’d known he was attracted to men for years, but had only ever been with women sexually. He invited me over, and to calm our nerves, we took a shot of peppermint schnapps as soon as we got back to his room. I had him stand still so that I could take his clothes off for him, which led to me on my knees performing oral sex. We moved to the bed, where he mainly wanted to cuddle and explore each other’s bodies. I’d been in a bit of a rut of purely sexual encounters, so the sensuality of this experience really awakened another side of me. After some fooling around we’d talk for a while, on some pretty personal topics, and we even talked about our mildest and wildest sexual fantasies. He was very sexually generous, so we got to explore my interest in shower sex, and he got to explore his love of cuddling between the sheets and groping each other’s genitals. He was so grateful the whole time, and we even fell asleep for a couple hours together. He was such a sweet guy, and it really showed me that even “just sex” could be a sensual experience too.",1,1
One of the best times I have had was at a bathhouse in a city. I didn't know what to expect when I arrived but after I got in and saw swarms of naked men I knew I was going to have a fun time that night. They had a steam maze which was the best place to get some action. I am careful of who I choose to play with and only will play with the proper protection.,1,1
"The first time I ever had sex, I was a trainwreck. I had no idea what I was doing, and I was so afraid I was going to do something that would ruin my relationship. I won't go into the details of what we did, only that, through the whole thing, my boyfriend was so patient, and calm, and not once did he make me feel inadequate. He was so sweet during the whole thing, and it not only got me through it, but it made it a much more enjoyable experience that I thought it would be. He never once tried to go to fast or make me do anything I wasn't comfortable with. It made me a much more confident person, as I wasn't worrying about screwing up. He made everything perfect.",1,1
"I remember we were on the couch at her family's house. Her father had passed away and we were visiting her sister and her mother. She got very sad when I didn't want to continue kissing with any enthusiasm, and I remember her asking why I didn't want to kiss her. I felt frustrated that I couldn't make her feel better, because I really did like her.",1,1
"In my first romantic relationship, my ex-boyfriend was very adamant with not showing public displays of affection (PDA''s), which of course I respected. No hand holding in public, no kissing in pubic, no big hugs. I found very peculiar but understood where he was coming from and his fears of showing such displays of affection in public, he was very direct with this and explicitly told me about it.
 
 One day a week or so after my ex-boyfriend talked to me about PDAs I was in a study hall on my college campus along with my boyfriend studying a bit before later in the day returning to my apartment. As I'm studying, on multiple occasions, friends appear in the study hall and say hi to us, me being how I am, almost always say hello with a big hug. After a while, my boyfriend and I exit the study hall to get something to eat. He then pauses and remarks something along the lines of ""Why don't you treat me that way? You're so friendly with everybody"". I pretty much snapped and got angry and just shocked he'd say something like that after he made a huge deal to minimize physical contact between us in public. I told him, angrily, just that, and how he's being blatantly contradictory with what he's saying. I cooled off and he said he was sorry, we ate and then continued studying for the day. When it was starting to get dark we decided to leave campus, and then he surprised me by actually reaching for my hand as we walked.",1,1
"My first relationship was emotionally abusive and manipulative in a number of ways. I was expected to remain committed to him while he participated in an open relationship. I had schedules I had to keep while he was held accountable to nothing. There are several more examples that I do not need to get into because this story takes a different turn. Ultimately the relationship ended with him texting me to tell me that I wasn't good enough for him and me blocking his number because there was nothing more I needed to hear after that.
 
 This story is about a year and half later. On my way home from work, I got a text from a number I recognized but couldn't quite remember. I got home, looked at the text, and it dawned on me that it was my ex. He texted me to tell me that he didn't feel right about the way our relationship ended and that he wanted to talk about it. I told him specifically that I definitely didn't appreciate how it ended either, but that it wasn't a conversation we get to have over text. I told him if he wanted to talk, we could meet at a cafe in the middle of the day and discuss it. 
 
 When the day came, I was prepared to walk out of the cafe if I felt he was being unfair in anyway. I came in with a set of rules I wanted us to abide by:
 -We will NOT be getting back into any sort of relationship no matter the circumstance.
 -Whether or not I am truly heard, I want to share the fact that what he said and did genuinely hurt me.
 -To prevent any hostile feelings, I want to make it clear that nothing I am saying is a personal attack on him or his character, but a critique of his actions. I want the same kind of treatment.
 -Owning emotions and feelings. For example,
 --When &lt;action&gt;, I felt &lt;feeling&gt;.
 --I am sorry, my intention was/wasn't &lt;whatever&gt;.
 -Absolutely no interrupting each other. Let full thoughts be expressed.
 
 When he got there, I was overwhelmed by emotions just seeing his face. I was pleasantly surprised to find that he came mostly to apologize. He was not expecting an apology from me or to get back together. He told me that he wasn't quite ready for a commitment of any sort at that point and he was intentionally hurtful so that it would just sever ties, thinking it would be easier. He said that it was not the right thing of him to do and that he had thought about if often in the nearly two years since we'd broken up. He gave me the chance to speak and to say everything I needed to say. It was hard to stick to my own rules, especially with all the emotions I was feeling in the moment, but since that day I have not felt a single bit of ire towards him. I still find disgust towards his initial actions, but him reaching out gave me closure.",1,1
"the first girl i dated in high school. i broke up with her and we were in a lot of the same groups and had the same friends so i saw her a lot. i initiated the break up so i was fine afterwards and she wasn't. i helped her and was there for her for a few months afterwards (i think like 4 months of a lot of online chatting and me comforting her) and then one day she threatened to kill herself over me and that was it. i told her we couldn't talk anymore, i was done. i don' remember the exact words but i knew immediately that that wasn't ok and not something i needed to put up with or feel responsible for. 
 
 I think about that moment occasionally and i am happy i cut her off then and din't let her manipulate me. i was at a very impressional age and i needed to make new/better friends. i guess i might have been callous but i knew and still know threatening that is never ok. i don't know what i would have done if she went through with it.... something in my gut told me she wouldn't and using that tactic is just not ok.",1,1
Mother's oppression of the father has made me have a tendency to like men. I feel that weak man must be protected. I met a young man in a cafe that had soft words and beautiful faces. We often meet and get closer. I am very comfortable and fit together with him. I often stay at home if I feel uncomfortable at home. He makes me feel comfortable. We often have sexual relations.,0,0
"One of the best times I ever had sex was with a guy I picked up who was hitchhiking. He was walking down a long street on an empty part of campus by the woods in the middle of summer. I was driving by and he lazily threw his hand out with his thumb. I was apprehensive but I pulled over and asked if everything was ok. He said he was walking to the train station and was hoping for a ride because it was too hot. Keep in mind this was before Uber. Since the station was less than ten minutes away and I was driving by it to go home, I told him to hop in. He was so handsome and I immediately got the vibe that he was interested or curious in men. And I was horny. we chatted and introduced ourselves, and I steered the conversation from college majors to getting action. I glanced over at him sitting and saw his bulge building, it was HUGE. I was so nervous and we were almost at the station, so I took my chance and asked if he liked blowjobs. He laughed and said yeah who doesnt? I asked if he wanted one and his hand immediately moved to his dick to touch it. He shifted in the chair and I pulled over on the side of the street. .I asked again and he said yeah, and pointed over towards a parking lot with some empty spaces at the end. I drove over into the lot and parked the car, cranked the AC to max and bent over in my chair and put my face in his lap. He couldnt wait to get it out of his shorts, an when he did it sprang and smakced me in the face. I laughed and immediately went to town on him. It was one the sexiest blowjobs ever, and I frequently think about it when I jerk off. I dont even remember afterwards too much, the buildup to the blowjob is what gets me every time.",1,1
"Man, I'm really running low on these. I guess I'll have to speak on an almost-romantic partner. I started speaking to a girl on OkCupid a few years ago. I really enjoyed talking to her - lots of banter, similar senses of humor, etc. However, I noticed she was only flirty when I wasn't being that way. If I started to be more flirty, she would pull away. I decided that she was only interested in ""the chase"" and stopped being romantically interested. This seemed to make her very interested, so I sort of called her out on my concerns. We stopped talking after that, which kind of sucks.",0,0
"In my campus there are many Asian people studying there. One of them is a guy from Korea. He has a very attractive appearance with clean skin and attractive face but he is quiet. He rarely hang out and be alone in the library. After hanging out with my father's gay client, I became addicted to same-sex relationships. I started approaching the Korean guy. After several months of approach, I finally found out that he was gay too. We finally established a secret relationship. He often stays at home. My parents are not suspicious, because he is from Asia and he is a man. But I suspect that my father knew of our relationship because my father's attitude began to change and forbade him to stay again in my house.",0,0
"The first time I had sex with my current boyfriend was after I had just met his friends for the first time. He invited me and said everyone was bringing their significant others, implying I was officially his boyfriend, though we did not use the term for another month. We all got along well and he invited me to come home with him after dinner even though we did not have plans. We were drunk but were still able to have sex. The morning after I remember feeling so afraid that this would change things and change the trajectory of our relationship. I really liked him and did not want the sex to make him feel awkward or conclude that I only wanted him for that. Fortunately we continued dating without a snag and kept sleeping with each other.",1,1
"When I was a junior in college, I was together with this guy named Avery. We never had labels, but we essentially dated. We met on the dating app OkCupid. We had gone on several dates when he asked me if I'd be open to going to church with him. He picked me up and we went to his church. Everyone there was very sweet and it was one of the closest-knit communities I had experienced at a church before. Afterwards, we helped tear down the chairs and I met some of his friends. On the drive home, he held my hand and we talked about the service and listened to Christian music. It was the first time that I thought a future in which both my identities as a gay man and a Christian could coexist. He dumped me a few weeks later but I think, with a couple years' distance from it, I'm grateful for the time we spent together because of what it taught me about how to live cohesively with myself.",1,1
"After my trip from Miami, I was often invited by my bisexual friends to the party. I was party secretly without my father's knowledge. At a party in a very luxurious place, I met a very interesting young man. We were attracted to each other and we finally dated. 
 After a while, I was assigned by the office to meet a very important client. I must be able to convince the client to join and invest with us. We promised to meet at a cafe. When I arrived there, I was surprised, it turned out that the client was my bisexual friend at the last party. Finally we continued the meeting at the hotel. We have sex all day long. 
 From that day on, we became permanent partners and I got promotions from the office because of the success of my assignment.",1,1
"My first sexual encounter was with an old friend of mine from high school. I had just come out in my first semester of college, as one does. I don't really remember how it started but it ended up with me giving him a blowjob outside of his parents house. He wasn't well endowed and i wasn't very good. Overall kind of embarrassing but we are still good friends. We just never did that again.",1,1
"6th grade, I discovered the act of masturbation while showering. I didn't know why it made me feel good, so I just kept doing it, but somehow knew I needed to do this in secrete. 
 
 Freshman year of high school, I started thinking about guys in various inappropriate ways. Particularly in the context of a giant spider web trapping bunch of guys down and Spiderman like figure would suck them off. Not sure why but this is the fantasy I kept dreaming about throughout high school.",0,0
"Last year I had a terrible experience. When I was walking home from a seminar on bisexuals, I was blocked on the road by some drunk young men. They sexually harassed me. I will be raped by them. I fight, but what I can do is just be alone and they have many people. 
 When I was naked and one person would penetrate, a police patrol came by. They all fled and I survived. After I made a report at the police office, I was allowed to go home. 
 The event still remains an impression. I feel traumatized and afraid to go home that way.",1,1
"Years after the rape I finally met a man I had a connection with. I was 24 and he was 26. Both of us Latino, from Mexico, same city, and a ton of things in common. He had an open relationship with his wife and it was cool. It did upset me a little because I swear he would have been my ideal boyfriend. Regardless, the sex was amazing. For months and months we had sex every week. It lasted hours and multiple orgasms every single time. It was the best sex I ever had. He was perfect. He showed me that a super handsome sexy man will be into me, love me, and date me in the future because he was super handsome and sexy. If he could find me attractive then who's to say another won't? I had a ton of confidence because of him. I now have a ton of hope that one day I will meet the ideal man just like him who will be single and make me his. It definitely was a game changer for me.",0,0
"I was seeing a guy long distance, so we only got to see each other on weekends. He worked at a Starbucks and I regularly came to see him and get free drinks. One weekend when it was my turn to come to him I arrived while he was still at work. I walked into the store and he got extremely excited, bouncing up and down and saying ""he's here, he's here."" His manager started poking fun at him, but it made me feel great. I felt extremely wanted and desired. However, I think I just blushed and poked fun with the manager. I felt like I never really expressed how much that moment meant to me. That memory then would make me very upset after we broke up.",1,1
"My dad always would insist on driving versus flying for family trips. He always had a box of maps in his car (this was before cellphone gps mapping technology). I would spend hours with him charting the course, helping him navigate along the way, and I find myself always gravitating towards maps (physical ones). I felt a deep sense of connection in the shared interest and I would feel happy when I figured out the best way to go.",0,0
"One self-defining memory I recall is when my mother was involved in a major car accident 25 years ago. She was hit by an elderly man who was suffering from bone marrow cancer and, according to his family, was likely seeking a way to end his suffering. He unfortunately passed away from his injuries, and as a result of the accident, today my mother suffers from both rheumatoid arthritis and fibromyalgia.",0,1
"When I was a child, about 8+ in age, I essentially stopped seeing my father very often. He would call every other day and we would have about a 30 second conversation on my day, but that was the extent of our relationship for a number of years. When I was 16 however, my mother had been given some kind of medicine to ""treat"" her bipolar disorder, but it seemingly just made her worse. We would argue every day over the smallest of things, one argument that led to boiling point was over a frozen chicken pot pie, so anything could set her off. This specific weekend I went to a friends for the weekend, that first night however, I had forgotten to call and check in. I did so the next morning only to be greeted by my mother yelling at me and telling me to not come home. I didn't think much of it, when she sobered up some she'd forget and we'd be fine, so I stayed the night again. The next day I called to ask her to come pick me up, again to be greeting with her telling me to not come home. At this point I was scared, so I did something I didn't often do; I called my father for help. He came over after I walked home, huge argument with my mother, and me getting kicked out. It was awkward, because I didn't know him all that well, but we were living together now. It was a great summer though, it was the first time I wasn't scared to be home, because with my mother I had (the often irrational fear) of my mother killing me in some macabre way, so I could rest easy. It may seem odd, but my mother destroying our relationship brought my father and I closer than we would have ever gotten had she not kicked me out and for that I am thankful, because it gave me a parent to rely on which I didn't know I needed until I had it.",1,1
This happened about a year ago. I came home from work and my parents were having a argument on something related to the household chores. They were arguing loudly and then I entered and tried to know the context behind the argument and it was something silly my father did that my mother did not want him to. And then when I entered into the context I knew that my father was the faulty and I tried to consult him but he slightly smiled and then laughingly continued arguing . He never wants to lose.,1,1
"The summer of a few years ago, my second-youngest sister was 14, just having finished eighth grade, and kept sneaking out of the house to meet boys--young men, really--she found on Tinder. She'd made a habit of sneaking out during the school year, but that was mostly her tagging along with my then-eighteen-year-old middle sister. Going to parties, joyriding in my mom's car, drinking, things like that. By that summer it had escalated to hooking up with dudes way too old for her. I got a tip from the 18 y/o that the 14 y/o had sneaked out to meet an 18 y/o who thought she was his age, and they were going to hook up.
 
 So I went into my mom's room to tell her. My mom knew she sneaked out, but she did not know whom she was meeting, and when I said what was going on, my mom just said ""Okay."" Didn't get up, didn't call the police, nothing like that, just said okay. Eventually Faith did come home, and my mom told her she was going to get STDs if she kept doing that, but there was no real discussion, no discipline or punishment or anything.
 
 Faith told her counselor later that week that Mom didn't punish her, and the counselor called CPS, and my mom was infuriated with Faith for lying to the counselor, even though neither I nor Faith thought Faith had lied at all. I tried to bring that viewpoint up later and my mom got mad at me, saying I was pinning the entire incident on her. My mom was seeing things in a completely different way from the rest of us and seemed to legitimately believe that all of this was just happening to her with no ability to stop it even though she totally could have deescalated the situation before it reached that point.",1,1
"Three years ago, my dad was cutting down a tree -- he's cut down hundreds in his life -- and it fell weird and nearly killed him. He was in the hospital for a month, including a week in ICU.
 
 It was a traumatic time for everyone. My mom was incredibly strong. She stayed a dingy motel next to the city hospital nearly every night for that whole month. I drove from my city (about four hours away) every weekend to help relieve her -- my brothers helped fill in some of the other time based on their work schedules and travel availability.
 
 I remember my first night in the ICU. My mom had gone to sleep and I was in the room. This was a day or two after the initial accident. My dad was still heavily medicated and intubated. A nurse came in frequently, speaking loudly and slowly to try to penetrate my dad's medicated stupor. It was pretty clear at that point my dad would not die, but whether he'd recover was unknown. He wanted to pull the tube out but couldn't, so he was strapped down. It was overwhelming. I remember leaving the ICU at one point and just breaking down in the hallway. I wanted to help so bad, and I was completely powerless.
 
 I recall looking down at my dad's face at some point, seeing his vulnerability and confusion. I felt love for him, pity.
 
 This was my initiation into middle age. A little early (31), but there it was.",1,1
"I was incredibly depressed most of my younger life, suicidal for quite a few years as well. I did cut when I was younger, always wore hoodies or long sleeve shirts to cover it up, no one really knew because I had no friends and considered myself to have no family either. I had tried talking to my parents about it but got no where with it. One day I was having a really bad day and said screw it and came downstairs with a tshirt on, my cuts all over my arm plain as day. Rather than seeing that it was a problem or seeing I was being serious, I got screamed at grounded etc, and was told to stop doing it and that I was simply doing it for attention. They said they wanted to never hear about it again or see them again. They never did, but I still cut for quite a while and I am still clinically depressed to this day.",1,1
"At my high school graduation was the first time my parents came together to celebrate my achievements all without arguing the entire time. Earlier that day I got into an argument with my mother, over specfically the fact that I invited my father to my graduation without her permission. At this point, I had already had a rocky, but slightly recovered relationship with my mother and a stronger and growing relationship with my father. After the argument, she refused to take my to the graduation ceremony, so I had to ask a neighbor. At the ceremony though, the two sat together in the front row yelling my name absurdly loud. After all the rigmarole of earlier, it just made me happy to see them get along for once, even if it was just that one time.",1,1
My father had come to visit me and it was around my birthday and he had his own works in the town . So the day before my birthday he did some shopping and had brought me a present.I was working in the kitchen while he came home. He kept the grocery items and I asked him about what was in the other bag he did not even reply and went inside. The next day in the morning he wake me up and gave me the present. He never had given me any present since around 6 years and that was quite shocking and also quite wholesome memory.,1,1
"One time near the end of sixth grade, my dad made fun of me for something stupid, I think I'd said the word awesome about the elementary school carnival and he mimicked me in an annoying voice, and I was fed up with him being rude to me, so I told him I was never talking to him again unless he apologized. My mom hadn't moved out of my dad's house yet, so we still lived in the same house full-time, and I didn't say a word to him for an entire week (besides one slip-up; he yelled to my room that he was taking my twin to soccer and was I staying home or leaving, and I shouted back that I was staying before I could think to stop myself). My mom was even surprised it went on as long as it did. It ended a week later at my end-of-elementary school field trip to a camp, where he did finally apologize and gave me a hug. I felt pretty vindicated until I told my mom about it and she asked why he waited so long to say sorry in the first point, which was a good point and made me feel like maybe I hadn't won after all.",1,1
"I have been with my now-husband for nearly 4 years, getting married one year ago. I knew I love him when he allowed me to get comfortable to the idea of loving him, namely opening up and expressing my emotions in ways I had never done with anyone. For a solid few months in to our relationship, I would refuse to say that I loved him, which perturbed him, but he never stopped saying it, because I was wanting to say it, but I was just not able to. Each and every day he would say it, until eventually I relented and said it back, which allowed me to begin to talk about other emotions I had bottled up for years, all of which he supported me through.",0,0
"I came out as a consequence of a big crush I developed on a gay friend, which finally helped me put it all together. While we never dated (he was in a relationship), I harbored a crush on him for a long time, and we were close friends.
 
 The crush started at friends' wedding (we were mutual friends of both the bride and groom, and were both groomsman). We had spent two full days together and a bed and breakfast with the rest of the wedding party and families. It was a great time, but he and I had spent no time together, even though he had said early that he wanted to. In particularly, he wanted to ask me questions about my faith, knowing I was a devout Christian and few of his friends are.
 
 After the wedding reception (on the bed and breakfast grounds) we ended up going to the pool with a friend of his and then he and I ended up in the hot tub together. Bear in mind I wasn't out -- to him or to myself -- though I imagine he had his guesses. I was at least tipsy from wine being passed around during the dancing. He asked me questions about my faith, which I answered, and all the while I was overcome with this desire to kiss him. I was startled by this; I had never quite had that urge with a particular person before.
 
 The next day, he left his shoes at the venue. I volunteered to take them to him the next week, even though it was well over an hour to get to him (big city). It wasn't yet clear to me this was a crush, I just wanted to be around him. Within a few weeks, I knew.",1,1
"I often have trouble going on vacations and trips as I am a homebody, but my husband helps me get through it. Our first vacation was to the beach and help me, he played music I was used to hearing and took me to restaurants that I was accusomed to eating so traveling didn't freak me out as much because he had the ability to tell when I was uncomforable. Now I don't need any of that, because I have him to keep me comfortable.",0,0
intimate night in the park judy was very hot she would kiss me make love to me all over when it was over so was I. With the feeling so vivid to the touch when I see a woman I think where has her lips been not in a bad way but in a cool way. sexual touch was so nice knowing a woman would find me handsome was a turn on for me I always felt that i was a ladies man some romantic times I Love married woman i am physically attraced to them,0,0
"About two years ago I began the study of a Taoist martial art by the name of Ba Gua Zhang. This was my first time learning it and the teacher showed me a very simple form to get me started. This form involved walking in a circle holding a fairly static upper body posture and occasionally alternating directions. The teacher, demonstrated the form, had me do it, fixed my posture, and then left me uninterrupted to do the form for a very long period of time. After what I later learned was an hour, I began to have the intense sensation of what felt like very warm electric current flowing the my entire body. The teacher then came over and what I asked him what I was experiencing, he told me it was Qi. A form of energy that is present in everyone, but it usually unconscious. I practiced the form for two more hours and I began to feel it more intensely. I consider to be the start of my Qi Gong or subtle energy practice, and I have grown increasingly more aware of my body and my connections to the world around me as a result. This was one of the times when your perception of the world is forever changed by one event.",0,1
"One of my most prominent memories, which I feel relates most to other memories that I have and to a theme that would perhaps help others to understand who I am today would be when my parents told me that they were going to get divorced. I was eleven and it was the summer I was about to enter into 6th grade. I hadn't seen my dad that much around the house because he often would stay late at work, but on this particular night we had a pretty long family dinner. I think it might have been on the weekend, maybe on a Saturday night, and because it was summer, I think it was still light out. My dad and mom told me that they were planning on getting divorced at the end of dinner, and I didn't really have that clear a conception of what this would mean for me in the long run, looking back on it. We went over to my neighbors house later that evening. They were really good family friends - their family was made up of a mom, dad, and two (fraternal) twin sisters who were two years older than me. When we were going to elementary school together our bus driver thought we were triplets because we'd always share one bus seat and act like sisters. When I told them I wasn't really upset, and I remember the more emotional of the two twins was surprised that I didn't cry when I told her. Later on these friends came over to my house and we played hide-and-go seek in my basement, and my wrist got cut on a nail sticking out of a board that was from construction work we'd done on our house earlier that year. My mom was really upset about it, but I didn't even realize it was cut until I came out of my hiding spot somewhere light where I could see that I was cut, and then it did hurt a little.",0,1
"I remember a desire to come back to Whitman College, even though it was a place of great sadness for me. I withdrew from Whitman in the Spring of 2006 and vowed never to return. But the four years since, I had been through a number of troubles and I wanted to get my life in order and make something of myself. So, I wanted to go back to school. Originally I didn't think I would ever come back to Whitman; I'd hoped to go to the University of Chicago, though I was worried I wouldn't be accepted. But I had a dream, and in this dream I saw myself content and actually happy to be back at Whitman. This dream troubled me and so I talked to a few close friends about it, and they told me that maybe it was time for me to go back to school. I agreed, but still, the fact that it was at Whitman (of all places) got me to thinking. I came to the conclusion that maybe I needed to look into going back to Whitman. I looked into it and submitted my application for re-admission and luckily it was accepted. I had mixed feelings, but I had learned throughout all of this that I needed to be optimistic. And well, thankfully I interpreted that dream as such because now I can call myself a Whittie!",0,0
"It was my 13th birthday and my parents were on vacation. I didn't feel neglected; they are wonderful parents. I was actually pretty excited to be spending the week with my best friend, Hannah. I was sitting at her kitchen table when the doorbell rang and my two, older, cooler cousins walked through the door and blindfolded both of us. We were put in the car and taken to a location, where we opened an envelope to reveal a gift certificate to Red Robin. We proceeded to be driven to Coldstone, Old Navy, and another store I don't remember to redeem gift cards in small envelopes with my mom's writing.",1,1
"This memory is of a day when my mother out of no-where took my brother and I to a shelter. At that age I was young and did not really understand a lot of what was going on. I was very much innocent and confused. The shelter was a great and fun place. My brother and I got to meet many great children and their mothers, there was many activities to do, and i even remember trying out new and food that was foreign to me, but i discovered to be delicious. This was a time where I just grew and really expanded my own social circle. However years later in high school when we again escaped to such place, did i truly understand what was going on and why we went to such place.",0,0
"I was in the car, racing home to be by my computer at 3pm. The admissions letter was supposed to be in then, and I had no idea what to expect. I read my application tens of times, maybe even hundreds. Was I good enough? Did they want me? Was it my destiny? I got home, checked my email: nothing. Really? I waited and paced and panicked and distracted myself and waited more. Finally, at 6pm, the letter came. Thanks for your application, but no thanks. I read it, said to my mom, ""I didn't get in."" Then it hit me. I sobbed, finally releasing the walls of pressure I had constructed for months. It's over. It's over it's over it's over. It was release, not sorrow. It was finally over.",1,1
"I sat in the middle of the courtyard, meeting the gaze of interested young men. Who is this white person, I'm sure they all wondered. I was seated next to Leah, a 25-year-old blonde girl from Minnesota. She had a guitar and a Bible. We began singing, quietly at first, courage building. We had a message that we wanted to share. We knew love! We wanted to sing until the entire village gathered around us, singing in Spanish, wondering why we would give up the comforts of the exoticized America to show them why we live, why we have hope. I began singing and beautiful, rhyming words flowed out of my willing lips. It was the harmony of my life, my thoughts, Leah's music, God's words. It was beautiful.",1,1
"When I was in sixth grade I stole something and got caught. The police drove me to the county jail, it was so scary. I was put in a holding cell, I had to give my fingerprints, and my mug shot. My mom finally came and got me, I felt like such a bad person. I was so stupid at the time to do something like that. I don't know what I was thinking.",1,1
"The first time I preformed CPR on a real person profoundly affected me, I was in a hospital doing a clinical internship for an EMT Basic class I was taking, and my partner and I received word that there was a code (person in cardiac arrest) in the intensive care unit. We rushed there and being a student I was offered the chance to preform CPR. I eagerly jumped in and began CPR and while we were successful in restoring the patient to a normal state. In the preceding weeks I experienced very intense and recurring dreams of the event. This dreams were so vivid at times that I couldn't sleep because I could still see the white rolled back eyes of the patient as I preformed CPR.",1,1
"One time I had an episode of cyclical vomiting syndrome (CVS) while I was hiking in the wilderness, CVS involves intense episodes of vomiting for days at a time, and without medical intervention(IV re-hydration) it can be very dangerous. At this point I had been suffering for a day and was beginning to become very dehydrated. I was still 20 miles out and with no way of signaling for outside help. Our only choice was to hike for 20 miles straight in order to get me out. As the day (and night) wore on I began to become even more dehydrated, and by the time we reached the nearest hospital I was close to death. I now know what is meant by the expression ""the drive to live"" It took me everything I had to get myself through that.",1,1
"I was really little and I decided to create a few images that I could always remember. It kind of reminds me of this survey. I actually took mental snapshots -only they were of me in places that I had never been but I had always seen. For example, there's a road on our way to church and I have a mental snapshot of me standing in the field by the road. But yeah, I made a conscious decision to try to remember certain images really hard and repeat them all the time.",0,0
"For me doing research at OHSU is and will be a great memory. This is simple but important because it was so much work. I took on a large large research project that included interviewing (and transcribing), observations, and statistical analysis or the on-line survey. Just getting doctors to be on board and patients as well and coordinating the appointment schedule to when i would come in and be an observer. Also, sending several reminder e-mails to the providers in order to complete the project. The challenge for me in particular that i would not forget is the transcribing and open coding in order to identify themes that was done individually and then in a group to come to consensus. We had sticky notes everywhere and they were all over the walls and the meeting was about 4 hours long.",0,0
"While studying abroad in New Zealand, there wasn't much work to do. However, the final exams at the end of the semester were worth a significant portion of our grade. I had two exams that fell one after the other, and one of them was very detailed and comprehensive. A week before the exam I started studying everyday for the entire day. I would complete one sections a day for one course, and two sections a day for the other course. I have never studied so much before with such intensity for such a prolonged period of time. It really paid off in the end and I ended up learning a lot. Although it felt like cramming at the time, there is course material that still stick with me even till this day.",0,0
"I pulled on my pink leggings and ran out to the parking lot. For all of the verbal buildup I had for the weekend, I wasn't too excited. He jumped out of the car and my heart did nothing. I had emotional confirmation: it was over. He followed me up to my room, gave me some tacky pink flowers, and wanted to cuddle. Had I ever been this uninterested? Yeah, but I couldn't admit it to myself before. I knew now. I talked to him in the most objective way possible, tried to rationalize continuing, but it wouldn't work. The next day I half-heartedly went to breakfast, climbed in the car, figured that driving away would make the problem go away too. I took him with me, though, so it had to be confronted. We finally decided to break up. I sobbed for 8 hours that day - but again, it was release. It was not sorrow. Sure, I was afraid of what would happen. But I was more excited at the prospect of the future without him, without being tied to my past, without wondering what could have been. Was it mutual? Sure. But my heart had moved on, I was done with complacency. I wanted out.",0,1
"In third grade there was this boy named Tony. During P.E. one day outside when we were on the basketball courts I saw into his left ear due to the way he was facing and there was this HUMONGOUS build-up of wax, it was disgusting! I didn't tell him anything, but I can't forget this. Because of this memory, I make sure to keep myself clean, especially my ears.",1,1
"I landed the lead role in an educational film when I was 16. The film was shown to high school classes all over CA, and I was so excited to be filming it!",1,1
